precinct_county_nce,precinct_county_name,precinct_name,precinct_nr,uat_name,uat_siruta,report_version,report_stage_code,report_type_scope_code,report_type_category_code,report_type_code,created_at,a,a1,a2,a3,a4,b,b1,b2,b3,b4,c,d,e,f,"ALIANȚA ELECTORALĂ PSD PNL-voturi","ALIANȚA PENTRU UNIREA ROMÂNILOR-voturi","PARTIDUL REÎNNOIM PROIECTUL EUROPEAN AL ROMÂNIEI-voturi","ALIANȚA DREAPTA UNITĂ USR - PMP - FORȚA DREPTEI-voturi","PARTIDUL SOCIAL DEMOCRAT UNIT-voturi","PARTIDUL UMANIST SOCIAL LIBERAL-voturi","PARTIDUL ROMÂNIA MARE-voturi","PARTIDUL MIȘCAREA ROMÂNIA SUVERANĂ-voturi","BLOCUL SUVERANIST ROMÂN-voturi","PARTIDUL S.O.S. ROMÂNIA-voturi","GHEORGHE ŞTEFAN-voturi"
48,"Sector 5","CLUBUL COPIILOR SECTOR 5",927,"BUCUREŞTI SECTORUL 5",179187,1,PART,PRCNCT,CL,CL_SV_SECTOR,"2024-06-10 05:24:26",1269,1264,3,2,0,566,564,0,2,0,557,9,1400,834,173,52,16,132,2,150,1,4,6,11,10
48,"Sector 5","CLUBUL COPIILOR SECTOR 5",926,"BUCUREŞTI SECTORUL 5",179187,1,PART,PRCNCT,CL,CL_SV_SECTOR,"2024-06-10 04:53:03",1229,1216,6,7,0,599,592,0,7,0,581,18,1400,801,190,59,29,123,2,137,10,1,1,14,15
48,"Sector 5","COLEGIUL NAȚIONAL ”GHEORGHE LAZĂR”",957,"BUCUREŞTI SECTORUL 5",179187,1,PART,PRCNCT,CL,CL_SV_SECTOR,"2024-06-10 04:47:06",852,802,49,1,0,311,311,0,0,0,298,13,900,588,86,23,17,115,2,33,4,1,1,7,9
48,"Sector 5","COLEGIUL NAȚIONAL ”GHEORGHE LAZĂR”",956,"BUCUREŞTI SECTORUL 5",179187,1,PROV,PRCNCT,CL,CL_SV_SECTOR,"2024-06-10 05:33:30",630,614,11,5,0,299,294,0,5,0,289,9,700,402,79,24,21,124,4,20,2,0,2,6,7
48,"Sector 5","COLEGIUL NAȚIONAL ”GHEORGHE LAZĂR”",960,"BUCUREŞTI SECTORUL 5",179187,1,PART,PRCNCT,CL,CL_SV_SECTOR,"2024-06-10 20:36:58",589,566,1,7,15,220,197,1,7,15,212,8,800,580,64,22,23,75,0,15,2,1,1,5,4
48,"Sector 5","COLEGIUL NAȚIONAL ”GHEORGHE LAZĂR”",959,"BUCUREŞTI SECTORUL 5",179187,1,PART,PRCNCT,CL,CL_SV_SECTOR,"2024-06-10 05:47:11",727,692,24,11,0,304,292,1,11,0,293,11,800,496,77,24,28,118,4,25,3,0,1,8,5
48,"Sector 5","COLEGIUL NAȚIONAL ”GHEORGHE LAZĂR”",958,"BUCUREŞTI SECTORUL 5",179187,1,PART,PRCNCT,CL,CL_SV_SECTOR,"2024-06-10 03:37:00",442,421,18,2,1,155,152,0,2,1,141,14,600,445,47,14,9,43,3,15,2,1,0,2,5
48,"Sector 5","COLEGIUL TEHNIC ENERGETIC",864,"BUCUREŞTI SECTORUL 5",179187,1,PART,PRCNCT,CL,CL_SV_SECTOR,"2024-06-10 16:58:33",1327,1301,19,7,0,582,575,0,7,0,560,22,1400,818,170,71,17,107,3,148,6,4,2,13,19
48,"Sector 5","COLEGIUL TEHNIC ENERGETIC",865,"BUCUREŞTI SECTORUL 5",179187,1,PART,PRCNCT,CL,CL_SV_SECTOR,"2024-06-10 04:14:24",1009,1002,2,5,0,432,427,0,5,0,416,16,1100,668,111,50,17,76,5,116,10,1,1,17,12
48,"Sector 5","COLEGIUL TEHNIC ENERGETIC",866,"BUCUREŞTI SECTORUL 5",179187,1,PART,PRCNCT,CL,CL_SV_SECTOR,"2024-06-10 03:36:17",1142,1039,95,8,0,435,427,0,8,0,420,15,1100,665,107,51,13,99,4,111,3,0,2,19,11
48,"Sector 5","COLEGIUL TEHNIC ENERGETIC",863,"BUCUREŞTI SECTORUL 5",179187,1,PART,PRCNCT,CL,CL_SV_SECTOR,"2024-06-10 09:06:46",1198,1181,8,8,1,495,486,0,8,1,472,23,1300,805,130,56,25,95,3,127,8,1,5,13,9
48,"Sector 5","FACULTATEA DE DREPT",953,"BUCUREŞTI SECTORUL 5",179187,1,PART,PRCNCT,CL,CL_SV_SECTOR,"2024-06-10 04:46:22",654,622,7,24,1,310,284,1,24,1,300,6,800,494,94,30,26,118,1,19,0,1,1,1,9
48,"Sector 5","FACULTATEA DE DREPT",955,"BUCUREŞTI SECTORUL 5",179187,1,PART,PRCNCT,CL,CL_SV_SECTOR,"2024-06-10 03:55:02",572,543,23,4,2,219,213,0,4,2,212,7,800,581,61,32,16,68,0,18,1,3,0,6,7
48,"Sector 5","FACULTATEA DE DREPT",954,"BUCUREŞTI SECTORUL 5",179187,1,PART,PRCNCT,CL,CL_SV_SECTOR,"2024-06-10 05:22:02",579,569,1,8,1,238,228,1,8,1,235,0,800,238,59,27,13,107,1,13,2,0,0,6,7
48,"Sector 5","GRĂDINIȚA NR.168",924,"BUCUREŞTI SECTORUL 5",179187,1,PART,PRCNCT,CL,CL_SV_SECTOR,"2024-06-10 07:08:41",1323,1300,13,10,0,588,577,1,10,0,569,19,1400,812,141,56,27,219,5,83,7,1,4,17,9
48,"Sector 5","GRĂDINIȚA NR.168",925,"BUCUREŞTI SECTORUL 5",179187,1,PART,PRCNCT,CL,CL_SV_SECTOR,"2024-06-10 05:39:11",1059,1045,4,10,0,466,456,0,10,0,449,17,1100,634,108,28,32,166,2,81,2,4,1,15,10
48,"Sector 5","GRĂDINIȚA NR.205",943,"BUCUREŞTI SECTORUL 5",179187,1,PART,PRCNCT,CL,CL_SV_SECTOR,"2024-06-10 07:06:20",1109,1105,0,4,0,510,506,0,4,0,500,10,1200,690,137,42,18,116,4,145,12,3,0,11,12
48,"Sector 5","GRĂDINIȚA NR.205",940,"BUCUREŞTI SECTORUL 5",179187,1,PART,PRCNCT,CL,CL_SV_SECTOR,"2024-06-10 07:10:40",1006,1006,0,0,0,488,488,0,0,0,472,16,1200,712,137,40,16,80,2,154,6,2,2,16,17
48,"Sector 5","GRĂDINIȚA NR.205",941,"BUCUREŞTI SECTORUL 5",179187,1,PART,PRCNCT,CL,CL_SV_SECTOR,"2024-06-10 04:47:04",1215,1204,5,5,1,560,554,0,5,1,542,18,1400,840,145,53,16,124,5,155,8,3,0,17,16
48,"Sector 5","GRĂDINIȚA NR.205",942,"BUCUREŞTI SECTORUL 5",179187,1,PART,PRCNCT,CL,CL_SV_SECTOR,"2024-06-10 07:14:57",970,963,1,6,0,466,460,0,6,0,456,10,1100,634,140,31,11,96,0,160,4,3,0,3,8
48,"Sector 5","GRĂDINIȚA NR.205",939,"BUCUREŞTI SECTORUL 5",179187,1,PART,PRCNCT,CL,CL_SV_SECTOR,"2024-06-10 04:28:37",1260,1248,0,12,0,593,581,0,12,0,572,19,1400,809,172,53,18,124,3,168,4,5,2,8,15
48,"Sector 5","GRĂDINȚA NR.178",961,"BUCUREŞTI SECTORUL 5",179187,1,PART,PRCNCT,CL,CL_SV_SECTOR,"2024-06-10 06:54:19",1764,1757,0,7,0,785,778,0,7,0,745,32,1800,1023,187,72,24,163,2,237,4,6,6,23,21
48,"Sector 5","GRĂDINȚA NR.178",963,"BUCUREŞTI SECTORUL 5",179187,1,PART,PRCNCT,CL,CL_SV_SECTOR,"2024-06-10 06:06:26",1803,1798,0,5,0,820,815,0,5,0,803,17,1900,1080,198,62,32,193,21,256,0,3,2,26,10
48,"Sector 5","GRĂDINȚA NR.178",962,"BUCUREŞTI SECTORUL 5",179187,1,PART,PRCNCT,CL,CL_SV_SECTOR,"2024-06-10 06:18:21",929,919,4,6,0,369,363,0,6,0,355,14,1000,631,102,37,8,78,1,99,7,0,1,15,7
48,"Sector 5","LICEUL TEHNOLOGIC ”DIMITRIE GUSTI”",936,"BUCUREŞTI SECTORUL 5",179187,1,PART,PRCNCT,CL,CL_SV_SECTOR,"2024-06-10 08:07:10",1235,1226,1,8,0,616,608,0,8,0,608,8,1400,784,157,51,25,202,8,123,4,3,1,20,14
48,"Sector 5","LICEUL TEHNOLOGIC ”DIMITRIE GUSTI”",937,"BUCUREŞTI SECTORUL 5",179187,1,PART,PRCNCT,CL,CL_SV_SECTOR,"2024-06-10 05:58:40",1200,1181,11,8,0,578,570,0,8,0,563,15,1400,822,150,51,18,165,3,136,7,2,6,14,11
48,"Sector 5","LICEUL TEHNOLOGIC ”DIMITRIE GUSTI”",938,"BUCUREŞTI SECTORUL 5",179187,1,PART,PRCNCT,CL,CL_SV_SECTOR,"2024-06-10 05:39:35",1141,1135,4,2,0,548,546,0,2,0,536,12,1300,752,106,48,26,154,4,144,7,11,0,16,20
48,"Sector 5","LICEUL TEORETIC ”DIMITRIE BOLINTINEANU”",947,"BUCUREŞTI SECTORUL 5",179187,1,PART,PRCNCT,CL,CL_SV_SECTOR,"2024-06-10 04:25:40",1234,1229,1,4,0,556,552,0,4,0,540,16,1400,844,138,61,20,108,2,163,11,2,2,26,7
48,"Sector 5","LICEUL TEORETIC ”DIMITRIE BOLINTINEANU”",951,"BUCUREŞTI SECTORUL 5",179187,1,PART,PRCNCT,CL,CL_SV_SECTOR,"2024-06-10 04:00:23",1193,1182,7,4,0,479,475,0,4,0,473,6,1300,821,140,46,21,81,2,145,1,4,2,17,14
48,"Sector 5","LICEUL TEORETIC ”DIMITRIE BOLINTINEANU”",952,"BUCUREŞTI SECTORUL 5",179187,1,PART,PRCNCT,CL,CL_SV_SECTOR,"2024-06-10 04:13:34",885,877,2,6,0,412,406,0,6,0,406,6,1000,588,111,42,7,92,1,113,11,2,0,18,9
48,"Sector 5","LICEUL TEORETIC ”DIMITRIE BOLINTINEANU”",948,"BUCUREŞTI SECTORUL 5",179187,1,PART,PRCNCT,CL,CL_SV_SECTOR,"2024-06-10 04:07:46",1174,1167,0,7,0,513,506,0,7,0,505,4,1400,887,158,51,12,117,4,128,5,2,3,13,12
48,"Sector 5","LICEUL TEORETIC ”DIMITRIE BOLINTINEANU”",949,"BUCUREŞTI SECTORUL 5",179187,1,PART,PRCNCT,CL,CL_SV_SECTOR,"2024-06-10 04:33:26",1340,1324,3,12,1,502,489,0,12,1,489,13,1500,998,148,52,7,81,1,163,6,3,2,19,7
48,"Sector 5","LICEUL TEORETIC ”DIMITRIE BOLINTINEANU”",944,"BUCUREŞTI SECTORUL 5",179187,1,PART,PRCNCT,CL,CL_SV_SECTOR,"2024-06-10 07:35:51",973,967,0,6,0,448,442,0,6,0,437,11,1100,651,129,61,16,78,1,124,8,2,1,13,4
48,"Sector 5","LICEUL TEORETIC ”DIMITRIE BOLINTINEANU”",950,"BUCUREŞTI SECTORUL 5",179187,1,PART,PRCNCT,CL,CL_SV_SECTOR,"2024-06-10 04:20:54",1163,1151,2,10,0,503,492,1,10,0,485,18,1300,797,126,54,10,99,2,158,6,2,1,18,9
48,"Sector 5","LICEUL TEORETIC ”DIMITRIE BOLINTINEANU”",946,"BUCUREŞTI SECTORUL 5",179187,1,PART,PRCNCT,CL,CL_SV_SECTOR,"2024-06-10 05:09:30",1041,1037,0,4,0,452,448,0,4,0,441,11,1200,748,128,27,21,84,6,138,10,2,3,13,9
48,"Sector 5","LICEUL TEORETIC ”DIMITRIE BOLINTINEANU”",945,"BUCUREŞTI SECTORUL 5",179187,1,PART,PRCNCT,CL,CL_SV_SECTOR,"2024-06-10 05:53:56",875,868,2,5,0,391,385,1,5,0,378,13,1000,609,107,32,13,108,1,98,4,4,0,5,6
48,"Sector 5","LICEUL TEORETIC ”ION BARBU”",972,"BUCUREŞTI SECTORUL 5",179187,1,PART,PRCNCT,CL,CL_SV_SECTOR,"2024-06-10 08:41:18",1256,1243,0,13,0,617,604,0,13,0,595,21,1400,784,149,68,32,201,2,93,10,12,5,8,15
48,"Sector 5","LICEUL TEORETIC ”ION BARBU”",967,"BUCUREŞTI SECTORUL 5",179187,1,PART,PRCNCT,CL,CL_SV_SECTOR,"2024-06-10 07:38:02",1052,1047,2,3,0,563,560,0,3,0,542,21,1200,637,160,52,24,169,3,83,10,2,3,24,12
48,"Sector 5","LICEUL TEORETIC ”ION BARBU”",966,"BUCUREŞTI SECTORUL 5",179187,1,PART,PRCNCT,CL,CL_SV_SECTOR,"2024-06-10 04:05:49",947,934,7,5,1,505,499,0,5,1,498,7,1100,584,149,38,21,186,4,81,4,3,2,4,6
48,"Sector 5","LICEUL TEORETIC ”ION BARBU”",965,"BUCUREŞTI SECTORUL 5",179187,1,PART,PRCNCT,CL,CL_SV_SECTOR,"2024-06-10 02:56:46",1284,1273,7,4,0,590,586,0,4,0,572,18,1400,810,149,42,33,182,5,115,5,0,3,21,17
48,"Sector 5","LICEUL TEORETIC ”ION BARBU”",968,"BUCUREŞTI SECTORUL 5",179187,1,PART,PRCNCT,CL,CL_SV_SECTOR,"2024-06-10 05:45:27",1186,1180,3,3,0,567,564,0,3,0,549,18,1300,733,164,50,25,165,3,103,4,1,0,23,11
48,"Sector 5","LICEUL TEORETIC ”ION BARBU”",964,"BUCUREŞTI SECTORUL 5",179187,1,PART,PRCNCT,CL,CL_SV_SECTOR,"2024-06-10 05:56:09",1118,1109,3,6,0,513,507,0,6,0,498,15,1200,687,114,37,15,190,2,110,4,1,1,8,16
48,"Sector 5","LICEUL TEORETIC ”ION BARBU”",969,"BUCUREŞTI SECTORUL 5",179187,1,PART,PRCNCT,CL,CL_SV_SECTOR,"2024-06-10 06:19:02",1859,1838,17,4,0,874,870,0,4,0,851,23,1900,1026,232,71,58,243,5,183,10,5,1,29,14
48,"Sector 5","LICEUL TEORETIC ”ION BARBU”",971,"BUCUREŞTI SECTORUL 5",179187,1,PART,PRCNCT,CL,CL_SV_SECTOR,"2024-06-10 07:15:44",858,836,12,10,0,411,401,0,10,0,400,8,1000,592,103,32,26,143,1,57,17,4,2,10,5
48,"Sector 5","LICEUL TEORETIC ”ION BARBU”",970,"BUCUREŞTI SECTORUL 5",179187,1,PART,PRCNCT,CL,CL_SV_SECTOR,"2024-06-10 06:39:12",913,898,2,13,0,455,442,0,13,0,446,9,1000,545,108,52,23,175,4,57,4,0,0,8,15
48,"Sector 5","ȘCOALA GIMNAZIALĂ ”GEORGE CĂLINESCU”",910,"BUCUREŞTI SECTORUL 5",179187,1,PART,PRCNCT,CL,CL_SV_SECTOR,"2024-06-10 09:35:58",1578,1574,2,2,0,666,664,0,2,0,641,23,1700,1034,167,47,10,85,2,266,12,2,3,30,17
48,"Sector 5","ȘCOALA GIMNAZIALĂ ”GEORGE CĂLINESCU”",908,"BUCUREŞTI SECTORUL 5",179187,1,PART,PRCNCT,CL,CL_SV_SECTOR,"2024-06-10 07:26:11",1521,1515,1,5,0,609,604,0,5,0,587,22,1600,991,130,65,19,98,3,225,8,2,1,25,11
48,"Sector 5","ȘCOALA GIMNAZIALĂ ”GEORGE CĂLINESCU”",906,"BUCUREŞTI SECTORUL 5",179187,1,PART,PRCNCT,CL,CL_SV_SECTOR,"2024-06-10 10:06:12",1299,1288,2,9,0,485,476,0,9,0,440,45,1400,915,91,49,8,55,1,183,5,10,3,25,10
48,"Sector 5","ȘCOALA GIMNAZIALĂ ”GEORGE CĂLINESCU”",909,"BUCUREŞTI SECTORUL 5",179187,1,PART,PRCNCT,CL,CL_SV_SECTOR,"2024-06-10 04:03:00",1627,1618,1,7,1,647,639,0,7,1,617,30,1800,1115,154,52,17,95,2,253,7,2,1,21,13
48,"Sector 5","ȘCOALA GIMNAZIALĂ ”GEORGE CĂLINESCU”",907,"BUCUREŞTI SECTORUL 5",179187,1,PART,PRCNCT,CL,CL_SV_SECTOR,"2024-06-10 03:57:19",1243,1237,1,5,0,493,488,0,5,0,474,19,1400,907,127,36,9,87,3,165,5,11,0,25,6
48,"Sector 5","ȘCOALA GIMNAZIALĂ ION I.C. BRĂTIANU",905,"BUCUREŞTI SECTORUL 5",179187,1,PART,PRCNCT,CL,CL_SV_SECTOR,"2024-06-10 06:06:51",1429,1417,6,6,0,552,546,0,6,0,534,17,1600,1049,144,45,13,116,4,170,9,1,1,14,17
48,"Sector 5","ȘCOALA GIMNAZIALĂ ION I.C. BRĂTIANU",895,"BUCUREŞTI SECTORUL 5",179187,1,PROV,PRCNCT,CL,CL_SV_SECTOR,"2024-06-10 20:32:33",1035,1025,0,10,0,488,478,0,10,0,481,7,1200,712,107,56,14,117,2,152,5,1,1,16,10
48,"Sector 5","ȘCOALA GIMNAZIALĂ ION I.C. BRĂTIANU",900,"BUCUREŞTI SECTORUL 5",179187,1,PART,PRCNCT,CL,CL_SV_SECTOR,"2024-06-10 05:33:19",1113,1101,0,12,0,452,440,0,12,0,441,11,1200,748,110,32,14,98,3,149,7,3,1,14,10
48,"Sector 5","ȘCOALA GIMNAZIALĂ ION I.C. BRĂTIANU",896,"BUCUREŞTI SECTORUL 5",179187,1,PART,PRCNCT,CL,CL_SV_SECTOR,"2024-06-10 05:32:26",1014,1008,1,5,0,458,453,0,5,0,445,12,1100,643,104,32,9,101,4,166,6,3,2,12,6
48,"Sector 5","ȘCOALA GIMNAZIALĂ ION I.C. BRĂTIANU",899,"BUCUREŞTI SECTORUL 5",179187,1,PART,PRCNCT,CL,CL_SV_SECTOR,"2024-06-10 08:41:08",1312,1307,0,5,0,529,524,0,5,0,516,13,1401,872,116,63,19,109,2,164,12,5,0,18,8
48,"Sector 5","ȘCOALA GIMNAZIALĂ ION I.C. BRĂTIANU",898,"BUCUREŞTI SECTORUL 5",179187,1,PART,PRCNCT,CL,CL_SV_SECTOR,"2024-06-10 05:08:04",1202,1188,0,14,0,527,513,0,14,0,514,13,1300,773,139,51,11,83,3,188,5,0,2,23,9
48,"Sector 5","ȘCOALA GIMNAZIALĂ ION I.C. BRĂTIANU",902,"BUCUREŞTI SECTORUL 5",179187,1,PART,PRCNCT,CL,CL_SV_SECTOR,"2024-06-10 04:52:26",1619,1614,0,5,0,444,439,0,5,0,413,31,1700,1256,103,50,11,38,2,168,1,9,4,20,7
48,"Sector 5","ȘCOALA GIMNAZIALĂ ION I.C. BRĂTIANU",903,"BUCUREŞTI SECTORUL 5",179187,1,PART,PRCNCT,CL,CL_SV_SECTOR,"2024-06-10 04:21:01",1382,1374,1,7,0,467,460,0,7,0,446,21,1500,1033,96,50,13,80,3,158,5,4,2,20,15
48,"Sector 5","ȘCOALA GIMNAZIALĂ ION I.C. BRĂTIANU",897,"BUCUREŞTI SECTORUL 5",179187,1,PART,PRCNCT,CL,CL_SV_SECTOR,"2024-06-10 03:23:16",1347,1342,1,4,0,583,579,0,4,0,569,14,1500,917,144,48,13,77,2,246,8,2,1,19,9
48,"Sector 5","ȘCOALA GIMNAZIALĂ ION I.C. BRĂTIANU",901,"BUCUREŞTI SECTORUL 5",179187,1,PART,PRCNCT,CL,CL_SV_SECTOR,"2024-06-10 06:52:18",1335,1325,1,8,1,400,391,0,8,1,377,23,1500,1100,82,48,7,21,1,195,3,2,2,11,5
48,"Sector 5","ȘCOALA GIMNAZIALĂ ION I.C. BRĂTIANU",904,"BUCUREŞTI SECTORUL 5",179187,1,PART,PRCNCT,CL,CL_SV_SECTOR,"2024-06-10 03:00:13",1189,1175,6,7,1,468,460,0,7,1,445,23,1300,832,112,33,11,93,7,167,4,2,1,6,9
48,"Sector 5","ȘCOALA GIMNAZIALĂ ”LUCEAFĂRUL”",890,"BUCUREŞTI SECTORUL 5",179187,1,PART,PRCNCT,CL,CL_SV_SECTOR,"2024-06-10 04:07:23",1081,1061,15,5,0,467,460,2,5,0,461,6,1200,733,111,37,27,156,1,95,10,4,3,8,9
48,"Sector 5","ȘCOALA GIMNAZIALĂ ”LUCEAFĂRUL”",885,"BUCUREŞTI SECTORUL 5",179187,1,PART,PRCNCT,CL,CL_SV_SECTOR,"2024-06-10 03:49:13",1271,1232,21,18,0,567,549,0,18,0,552,15,1300,733,157,70,25,135,1,133,8,1,1,9,12
48,"Sector 5","ȘCOALA GIMNAZIALĂ ”LUCEAFĂRUL”",889,"BUCUREŞTI SECTORUL 5",179187,1,PROV,PRCNCT,CL,CL_SV_SECTOR,"2024-06-10 11:41:50",1285,1275,5,4,1,572,567,0,4,1,560,2,1400,838,150,67,30,130,5,140,4,4,3,20,7
48,"Sector 5","ȘCOALA GIMNAZIALĂ ”LUCEAFĂRUL”",884,"BUCUREŞTI SECTORUL 5",179187,1,PART,PRCNCT,CL,CL_SV_SECTOR,"2024-06-10 03:51:36",1092,1076,2,14,0,494,480,0,14,0,482,12,1200,706,167,50,22,119,0,92,5,2,2,12,11
48,"Sector 5","ȘCOALA GIMNAZIALĂ ”LUCEAFĂRUL”",887,"BUCUREŞTI SECTORUL 5",179187,1,PART,PRCNCT,CL,CL_SV_SECTOR,"2024-06-10 05:49:29",1164,1156,3,5,0,550,545,0,5,0,536,14,1400,850,138,61,25,103,5,163,6,5,2,15,13
48,"Sector 5","ȘCOALA GIMNAZIALĂ ”LUCEAFĂRUL”",888,"BUCUREŞTI SECTORUL 5",179187,1,PART,PRCNCT,CL,CL_SV_SECTOR,"2024-06-10 05:31:38",1377,1359,10,7,1,619,611,0,7,1,595,24,1500,881,140,50,38,241,3,90,6,3,3,13,8
48,"Sector 5","ȘCOALA GIMNAZIALĂ ”LUCEAFĂRUL”",886,"BUCUREŞTI SECTORUL 5",179187,1,PART,PRCNCT,CL,CL_SV_SECTOR,"2024-06-10 05:12:52",1013,1003,4,6,0,459,453,0,6,0,438,21,1100,641,107,42,14,93,1,137,2,15,3,19,5
48,"Sector 5","ȘCOALA GIMNAZIALĂ ”MIRCEA SÂNTIMBREANU”",1016,"BUCUREŞTI SECTORUL 5",179187,1,PART,PRCNCT,CL,CL_SV_SECTOR,"2024-06-10 02:46:23",930,922,0,8,0,429,421,0,8,0,419,10,1000,571,113,35,9,80,1,155,3,7,0,14,2
48,"Sector 5","ȘCOALA GIMNAZIALĂ ”MIRCEA SÂNTIMBREANU”",1018,"BUCUREŞTI SECTORUL 5",179187,1,PART,PRCNCT,CL,CL_SV_SECTOR,"2024-06-10 06:02:10",908,903,0,5,0,459,454,0,5,0,426,28,1000,546,119,42,17,77,1,125,6,15,1,8,15
48,"Sector 5","ȘCOALA GIMNAZIALĂ ”MIRCEA SÂNTIMBREANU”",1015,"BUCUREŞTI SECTORUL 5",179187,1,PART,PRCNCT,CL,CL_SV_SECTOR,"2024-06-10 04:14:40",964,957,6,1,0,462,461,0,1,0,444,18,1100,638,118,39,27,101,1,121,5,2,2,18,10
48,"Sector 5","ȘCOALA GIMNAZIALĂ ”MIRCEA SÂNTIMBREANU”",1019,"BUCUREŞTI SECTORUL 5",179187,1,PART,PRCNCT,CL,CL_SV_SECTOR,"2024-06-10 04:37:30",886,880,0,4,2,395,389,0,4,2,366,29,1000,605,104,31,5,66,1,117,10,0,0,22,10
48,"Sector 5","ȘCOALA GIMNAZIALĂ ”MIRCEA SÂNTIMBREANU”",1017,"BUCUREŞTI SECTORUL 5",179187,1,PART,PRCNCT,CL,CL_SV_SECTOR,"2024-06-10 06:24:09",886,882,0,4,0,423,419,0,4,0,407,16,1000,577,118,35,20,106,0,105,5,1,1,11,5
48,"Sector 5","ȘCOALA GIMNAZIALĂ NR.115",976,"BUCUREŞTI SECTORUL 5",179187,1,PART,PRCNCT,CL,CL_SV_SECTOR,"2024-06-10 05:31:00",1101,1085,11,5,0,556,551,0,5,0,541,15,1200,644,129,65,24,173,6,109,15,0,0,6,14
48,"Sector 5","ȘCOALA GIMNAZIALĂ NR.115",977,"BUCUREŞTI SECTORUL 5",179187,1,PART,PRCNCT,CL,CL_SV_SECTOR,"2024-06-10 05:08:04",1164,1137,9,18,0,558,539,1,18,0,556,2,1200,642,170,37,22,181,2,102,2,3,3,7,27
48,"Sector 5","ȘCOALA GIMNAZIALĂ NR.115",974,"BUCUREŞTI SECTORUL 5",179187,1,PART,PRCNCT,CL,CL_SV_SECTOR,"2024-06-10 06:33:00",1159,1149,2,7,1,566,558,0,7,1,544,22,1300,734,129,50,20,186,4,117,9,4,3,16,6
48,"Sector 5","ȘCOALA GIMNAZIALĂ NR.115",975,"BUCUREŞTI SECTORUL 5",179187,1,PART,PRCNCT,CL,CL_SV_SECTOR,"2024-06-10 09:35:45",1313,1299,5,9,0,611,604,0,7,0,594,16,1400,788,154,50,42,180,0,139,7,1,1,10,10
48,"Sector 5","ȘCOALA GIMNAZIALĂ NR.115",978,"BUCUREŞTI SECTORUL 5",179187,1,PART,PRCNCT,CL,CL_SV_SECTOR,"2024-06-10 02:29:41",1136,1130,4,2,0,550,548,0,2,0,526,22,1200,652,136,55,25,154,6,123,5,1,1,9,11
48,"Sector 5","ȘCOALA GIMNAZIALĂ NR.115",973,"BUCUREŞTI SECTORUL 5",179187,1,PART,PRCNCT,CL,CL_SV_SECTOR,"2024-06-10 07:20:02",1346,1335,3,8,0,636,628,0,8,0,619,17,1500,864,179,57,13,209,3,131,4,2,0,9,12
48,"Sector 5","ȘCOALA GIMNAZIALĂ NR.124",1030,"BUCUREŞTI SECTORUL 5",179187,1,PART,PRCNCT,CL,CL_SV_SECTOR,"2024-06-10 07:39:05",1163,1158,0,5,0,492,487,0,5,0,483,9,1300,808,131,34,11,83,4,173,7,4,3,19,14
48,"Sector 5","ȘCOALA GIMNAZIALĂ NR.124",1023,"BUCUREŞTI SECTORUL 5",179187,1,PART,PRCNCT,CL,CL_SV_SECTOR,"2024-06-10 03:41:06",1076,1065,6,5,0,468,463,0,5,0,463,5,1200,732,115,45,16,80,5,176,2,6,1,13,4
48,"Sector 5","ȘCOALA GIMNAZIALĂ NR.124",1026,"BUCUREŞTI SECTORUL 5",179187,1,PROV,PRCNCT,CL,CL_SV_SECTOR,"2024-06-10 05:58:46",1001,974,23,4,0,423,419,0,4,0,411,12,1000,577,125,43,12,73,2,135,5,1,1,10,4
48,"Sector 5","ȘCOALA GIMNAZIALĂ NR.124",1029,"BUCUREŞTI SECTORUL 5",179187,1,PART,PRCNCT,CL,CL_SV_SECTOR,"2024-06-10 03:52:36",1065,1059,1,5,0,474,469,0,5,0,461,13,1200,726,149,40,12,93,4,129,5,2,1,16,10
48,"Sector 5","ȘCOALA GIMNAZIALĂ NR.124",1024,"BUCUREŞTI SECTORUL 5",179187,1,PART,PRCNCT,CL,CL_SV_SECTOR,"2024-06-10 03:57:49",1076,1073,1,2,0,463,461,0,2,0,451,12,1200,737,107,46,15,105,3,146,5,2,2,11,9
48,"Sector 5","ȘCOALA GIMNAZIALĂ NR.124",1028,"BUCUREŞTI SECTORUL 5",179187,1,PART,PRCNCT,CL,CL_SV_SECTOR,"2024-06-10 03:45:12",1026,1022,1,3,0,439,436,0,3,0,431,8,1100,661,122,46,23,113,0,101,6,8,0,8,4
48,"Sector 5","ȘCOALA GIMNAZIALĂ NR.124",1022,"BUCUREŞTI SECTORUL 5",179187,1,PART,PRCNCT,CL,CL_SV_SECTOR,"2024-06-10 04:20:41",1163,1154,2,7,0,526,519,0,7,0,512,14,1300,774,144,44,17,99,4,177,1,5,1,12,8
48,"Sector 5","ȘCOALA GIMNAZIALĂ NR.124",1025,"BUCUREŞTI SECTORUL 5",179187,1,PART,PRCNCT,CL,CL_SV_SECTOR,"2024-06-10 02:15:08",933,927,1,5,0,405,400,0,5,0,397,8,1000,595,107,25,26,75,1,141,6,1,3,9,3
48,"Sector 5","ȘCOALA GIMNAZIALĂ NR.124",1021,"BUCUREŞTI SECTORUL 5",179187,1,PART,PRCNCT,CL,CL_SV_SECTOR,"2024-06-10 18:13:33",1007,993,7,7,0,478,471,0,7,0,458,15,1100,627,129,34,11,96,3,158,6,3,0,11,7
48,"Sector 5","ȘCOALA GIMNAZIALĂ NR.124",1027,"BUCUREŞTI SECTORUL 5",179187,1,PROV,PRCNCT,CL,CL_SV_SECTOR,"2024-06-10 05:29:40",1010,1001,0,9,0,461,452,0,9,0,451,9,1099,638,130,49,15,93,2,126,6,0,5,14,11
48,"Sector 5","ȘCOALA GIMNAZIALĂ NR.124",1020,"BUCUREŞTI SECTORUL 5",179187,1,PROV,PRCNCT,CL,CL_SV_SECTOR,"2024-06-10 04:26:08",1085,1074,0,11,0,531,520,0,11,0,504,18,1200,667,135,44,15,81,6,184,6,2,4,16,11
48,"Sector 5","ȘCOALA GIMNAZIALĂ NR.124",1031,"BUCUREŞTI SECTORUL 5",179187,1,PROV,PRCNCT,CL,CL_SV_SECTOR,"2024-06-10 06:06:17",1071,1068,0,3,0,419,416,0,3,0,407,3,1200,790,86,48,10,66,5,163,6,2,1,15,5
48,"Sector 5","ȘCOALA GIMNAZIALĂ NR.125",1004,"BUCUREŞTI SECTORUL 5",179187,1,PART,PRCNCT,CL,CL_SV_SECTOR,"2024-06-10 09:30:36",1546,1535,1,10,0,623,613,0,10,0,601,10,1600,977,152,64,11,81,2,219,12,2,5,38,15
48,"Sector 5","ȘCOALA GIMNAZIALĂ NR.125",1002,"BUCUREŞTI SECTORUL 5",179187,1,PART,PRCNCT,CL,CL_SV_SECTOR,"2024-06-10 06:28:26",1813,1802,2,9,0,813,804,0,9,0,787,26,1900,1087,209,100,18,130,8,250,14,2,6,36,14
48,"Sector 5","ȘCOALA GIMNAZIALĂ NR.125",1003,"BUCUREŞTI SECTORUL 5",179187,1,PART,PRCNCT,CL,CL_SV_SECTOR,"2024-06-10 04:44:31",1885,1872,3,10,0,780,770,0,10,0,741,39,1900,1120,216,84,14,100,4,251,7,3,4,35,23
48,"Sector 5","ȘCOALA GIMNAZIALĂ NR.126",1011,"BUCUREŞTI SECTORUL 5",179187,1,PART,PRCNCT,CL,CL_SV_SECTOR,"2024-06-10 12:17:56",1849,1838,3,8,0,908,900,0,8,0,892,16,1000,92,265,92,32,234,13,194,10,3,6,25,18
48,"Sector 5","ȘCOALA GIMNAZIALĂ NR.126",1013,"BUCUREŞTI SECTORUL 5",179187,1,PROV,PRCNCT,CL,CL_SV_SECTOR,"2024-06-10 04:36:50",1192,1191,0,1,0,464,463,0,1,0,450,13,1400,933,119,43,14,85,4,156,2,1,0,16,10
48,"Sector 5","ȘCOALA GIMNAZIALĂ NR.126",1014,"BUCUREŞTI SECTORUL 5",179187,1,PART,PRCNCT,CL,CL_SV_SECTOR,"2024-06-10 05:08:18",1561,1547,1,11,2,559,546,0,11,2,528,31,1700,1141,100,55,6,63,3,251,7,2,2,24,15
48,"Sector 5","ȘCOALA GIMNAZIALĂ NR.126",1012,"BUCUREŞTI SECTORUL 5",179187,1,PART,PRCNCT,CL,CL_SV_SECTOR,"2024-06-10 03:15:39",1277,1274,1,2,0,542,540,0,2,0,520,22,1400,858,122,64,17,86,4,183,8,5,1,20,10
48,"Sector 5","ȘCOALA GIMNAZIALĂ NR.127",1000,"BUCUREŞTI SECTORUL 5",179187,1,PART,PRCNCT,CL,CL_SV_SECTOR,"2024-06-10 06:58:12",1872,1865,1,5,1,777,771,0,5,1,752,25,2000,1223,207,81,27,105,4,257,1,6,4,43,17
48,"Sector 5","ȘCOALA GIMNAZIALĂ NR.127",1001,"BUCUREŞTI SECTORUL 5",179187,1,PART,PRCNCT,CL,CL_SV_SECTOR,"2024-06-10 06:43:34",1951,1944,4,3,0,870,867,0,3,0,843,27,2099,1229,202,98,20,111,7,347,12,3,3,23,17
48,"Sector 5","ȘCOALA GIMNAZIALĂ NR.127",997,"BUCUREŞTI SECTORUL 5",179187,1,PART,PRCNCT,CL,CL_SV_SECTOR,"2024-06-10 07:40:42",1912,1898,5,8,1,733,724,0,8,1,700,33,2000,1267,168,80,21,106,4,248,14,6,6,34,13
48,"Sector 5","ȘCOALA GIMNAZIALĂ NR.127",999,"BUCUREŞTI SECTORUL 5",179187,1,PART,PRCNCT,CL,CL_SV_SECTOR,"2024-06-10 11:05:27",2015,2002,4,8,1,820,811,0,8,1,800,20,2100,1280,163,73,27,139,4,334,6,2,1,32,19
48,"Sector 5","ȘCOALA GIMNAZIALĂ NR.127",998,"BUCUREŞTI SECTORUL 5",179187,1,PART,PRCNCT,CL,CL_SV_SECTOR,"2024-06-10 06:10:43",1962,1957,2,3,0,760,757,0,3,0,733,27,2000,1240,195,78,13,85,8,283,13,4,2,38,14
48,"Sector 5","ȘCOALA GIMNAZIALĂ NR.128",990,"BUCUREŞTI SECTORUL 5",179187,1,PART,PRCNCT,CL,CL_SV_SECTOR,"2024-06-10 06:36:53",792,782,0,10,0,419,409,0,10,0,399,20,900,481,121,35,24,156,1,42,4,3,0,9,4
48,"Sector 5","ȘCOALA GIMNAZIALĂ NR.128",984,"BUCUREŞTI SECTORUL 5",179187,1,PART,PRCNCT,CL,CL_SV_SECTOR,"2024-06-10 04:47:35",879,854,13,12,0,404,392,0,12,0,392,12,1000,596,96,33,29,157,2,59,1,1,0,7,7
48,"Sector 5","ȘCOALA GIMNAZIALĂ NR.128",986,"BUCUREŞTI SECTORUL 5",179187,1,PART,PRCNCT,CL,CL_SV_SECTOR,"2024-06-10 14:10:38",971,893,73,5,0,375,370,0,5,0,365,10,1000,625,96,33,28,146,1,36,2,1,0,11,11
48,"Sector 5","ȘCOALA GIMNAZIALĂ NR.128",982,"BUCUREŞTI SECTORUL 5",179187,1,PART,PRCNCT,CL,CL_SV_SECTOR,"2024-06-10 03:51:20",859,849,0,10,0,392,382,0,10,0,379,11,1000,608,122,35,16,149,2,25,6,2,4,11,7
48,"Sector 5","ȘCOALA GIMNAZIALĂ NR.128",981,"BUCUREŞTI SECTORUL 5",179187,1,PART,PRCNCT,CL,CL_SV_SECTOR,"2024-06-10 05:13:20",1065,1038,15,9,3,440,428,0,9,3,425,15,1300,860,96,28,37,210,1,25,4,1,5,11,7
48,"Sector 5","ȘCOALA GIMNAZIALĂ NR.128",988,"BUCUREŞTI SECTORUL 5",179187,1,PROV,PRCNCT,CL,CL_SV_SECTOR,"2024-06-10 06:23:20",670,654,8,8,0,312,304,0,8,0,296,14,800,490,111,59,8,85,3,21,3,2,1,1,2
48,"Sector 5","ȘCOALA GIMNAZIALĂ NR.128",980,"BUCUREŞTI SECTORUL 5",179187,1,PART,PRCNCT,CL,CL_SV_SECTOR,"2024-06-10 02:46:33",934,925,3,6,0,446,440,0,6,0,434,11,1000,555,127,36,22,181,1,44,5,2,0,8,8
48,"Sector 5","ȘCOALA GIMNAZIALĂ NR.128",989,"BUCUREŞTI SECTORUL 5",179187,1,PART,PRCNCT,CL,CL_SV_SECTOR,"2024-06-10 05:38:50",1189,1146,34,9,0,574,564,1,9,0,574,0,1400,826,191,65,35,186,2,65,5,2,2,13,8
48,"Sector 5","ȘCOALA GIMNAZIALĂ NR.128",985,"BUCUREŞTI SECTORUL 5",179187,1,PART,PRCNCT,CL,CL_SV_SECTOR,"2024-06-10 04:07:19",878,827,37,13,1,302,288,0,13,1,292,10,1000,698,85,38,23,68,0,61,5,1,1,8,2
48,"Sector 5","ȘCOALA GIMNAZIALĂ NR.128",987,"BUCUREŞTI SECTORUL 5",179187,1,PART,PRCNCT,CL,CL_SV_SECTOR,"2024-06-10 06:53:21",693,679,10,4,0,368,364,0,4,0,355,13,800,432,146,28,11,127,1,29,3,2,0,4,4
48,"Sector 5","ȘCOALA GIMNAZIALĂ NR.128",983,"BUCUREŞTI SECTORUL 5",179187,1,PART,PRCNCT,CL,CL_SV_SECTOR,"2024-06-10 07:00:50",1106,1078,10,18,0,572,554,0,18,0,562,10,1200,628,154,38,24,270,5,41,5,4,3,8,10
48,"Sector 5","ȘCOALA GIMNAZIALĂ NR.128",979,"BUCUREŞTI SECTORUL 5",179187,1,PART,PRCNCT,CL,CL_SV_SECTOR,"2024-06-10 06:34:29",1037,1022,0,15,0,505,490,0,15,0,485,17,1200,695,135,48,22,212,7,40,0,2,4,10,5
48,"Sector 5","ȘCOALA GIMNAZIALĂ NR.131",1008,"BUCUREŞTI SECTORUL 5",179187,1,PART,PRCNCT,CL,CL_SV_SECTOR,"2024-06-10 10:36:39",1863,1851,2,4,6,740,730,0,4,6,716,24,2500,1760,206,83,17,123,3,223,7,6,1,26,21
48,"Sector 5","ȘCOALA GIMNAZIALĂ NR.131",1005,"BUCUREŞTI SECTORUL 5",179187,1,PROV,PRCNCT,CL,CL_SV_SECTOR,"2024-06-10 07:07:19",1458,1428,2,10,18,589,563,0,10,16,560,29,1500,899,160,55,8,65,3,218,5,4,1,31,10
48,"Sector 5","ȘCOALA GIMNAZIALĂ NR.131",1007,"BUCUREŞTI SECTORUL 5",179187,1,PART,PRCNCT,CL,CL_SV_SECTOR,"2024-06-10 07:27:49",1408,1372,2,4,30,521,487,0,4,30,496,25,1500,979,142,45,9,64,4,184,7,2,2,25,12
48,"Sector 5","ȘCOALA GIMNAZIALĂ NR.131",1009,"BUCUREŞTI SECTORUL 5",179187,1,PART,PRCNCT,CL,CL_SV_SECTOR,"2024-06-10 08:10:58",1540,1490,1,7,42,664,628,0,7,29,641,23,1500,836,193,63,12,99,4,217,11,4,2,20,16
48,"Sector 5","ȘCOALA GIMNAZIALĂ NR.131",1006,"BUCUREŞTI SECTORUL 5",179187,1,PART,PRCNCT,CL,CL_SV_SECTOR,"2024-06-10 05:03:00",1677,1630,2,5,40,663,628,0,5,30,632,31,1700,1037,179,69,14,71,3,247,9,2,1,28,9
48,"Sector 5","ȘCOALA GIMNAZIALĂ NR.131",1010,"BUCUREŞTI SECTORUL 5",179187,1,PART,PRCNCT,CL,CL_SV_SECTOR,"2024-06-10 07:11:05",1917,1896,2,2,17,741,722,0,2,17,717,22,2000,1261,204,90,22,116,4,226,13,1,1,28,12
48,"Sector 5","ȘCOALA GIMNAZIALĂ NR.134",857,"BUCUREŞTI SECTORUL 5",179187,1,PART,PRCNCT,CL,CL_SV_SECTOR,"2024-06-10 06:46:44",1425,1423,0,2,0,561,559,0,2,0,546,15,1600,1039,131,49,6,54,4,253,5,1,2,21,20
48,"Sector 5","ȘCOALA GIMNAZIALĂ NR.134",854,"BUCUREŞTI SECTORUL 5",179187,1,PART,PRCNCT,CL,CL_SV_SECTOR,"2024-06-10 04:24:59",1430,1427,0,3,0,558,555,0,3,0,543,15,1600,1042,149,59,14,68,7,198,3,1,3,31,10
48,"Sector 5","ȘCOALA GIMNAZIALĂ NR.134",860,"BUCUREŞTI SECTORUL 5",179187,1,PART,PRCNCT,CL,CL_SV_SECTOR,"2024-06-10 08:15:54",1633,1628,1,4,0,559,554,1,4,0,509,23,1800,1249,117,69,4,38,2,247,2,3,0,25,2
48,"Sector 5","ȘCOALA GIMNAZIALĂ NR.134",852,"BUCUREŞTI SECTORUL 5",179187,1,PART,PRCNCT,CL,CL_SV_SECTOR,"2024-06-10 06:30:54",2099,2018,65,16,0,426,410,0,16,0,407,19,2100,1672,100,46,9,66,3,153,3,1,1,19,6
48,"Sector 5","ȘCOALA GIMNAZIALĂ NR.134",856,"BUCUREŞTI SECTORUL 5",179187,1,PART,PRCNCT,CL,CL_SV_SECTOR,"2024-06-10 18:40:53",1442,1437,5,0,0,607,604,3,0,0,593,14,1600,993,117,63,9,53,1,292,10,4,0,32,12
48,"Sector 5","ȘCOALA GIMNAZIALĂ NR.134",858,"BUCUREŞTI SECTORUL 5",179187,1,PROV,PRCNCT,CL,CL_SV_SECTOR,"2024-06-10 08:36:37",1969,1964,1,4,0,693,689,0,4,0,659,27,2100,1414,203,68,11,85,0,220,12,4,2,42,12
48,"Sector 5","ȘCOALA GIMNAZIALĂ NR.134",861,"BUCUREŞTI SECTORUL 5",179187,1,PART,PRCNCT,CL,CL_SV_SECTOR,"2024-06-10 04:36:28",1642,1637,0,5,0,538,533,0,5,0,507,31,1801,1263,99,43,8,30,1,280,8,4,2,23,9
48,"Sector 5","ȘCOALA GIMNAZIALĂ NR.134",855,"BUCUREŞTI SECTORUL 5",179187,1,PART,PRCNCT,CL,CL_SV_SECTOR,"2024-06-10 08:45:27",1299,1297,0,2,0,407,405,0,2,0,391,14,1400,992,75,32,3,28,229,4,1,15,4,0,0
48,"Sector 5","ȘCOALA GIMNAZIALĂ NR.134",862,"BUCUREŞTI SECTORUL 5",179187,1,PART,PRCNCT,CL,CL_SV_SECTOR,"2024-06-10 05:09:21",1501,1488,2,11,0,475,464,0,11,0,452,23,1600,1125,137,58,12,44,1,155,3,3,2,24,13
48,"Sector 5","ȘCOALA GIMNAZIALĂ NR.134",859,"BUCUREŞTI SECTORUL 5",179187,1,PART,PRCNCT,CL,CL_SV_SECTOR,"2024-06-10 07:31:11",1655,1646,0,9,0,528,519,0,9,0,502,26,1800,1272,98,69,16,35,8,228,10,2,2,28,6
48,"Sector 5","ȘCOALA GIMNAZIALĂ NR.134",853,"BUCUREŞTI SECTORUL 5",179187,1,PART,PRCNCT,CL,CL_SV_SECTOR,"2024-06-10 06:04:10",1890,1841,44,5,0,660,655,0,5,0,637,23,2000,1340,184,94,15,87,2,180,15,3,3,44,10
48,"Sector 5","ȘCOALA GIMNAZIALĂ NR.135",894,"BUCUREŞTI SECTORUL 5",179187,1,PART,PRCNCT,CL,CL_SV_SECTOR,"2024-06-10 07:05:35",1657,1640,1,16,0,765,749,0,16,0,743,22,1800,1035,140,73,27,136,3,291,10,15,1,28,19
48,"Sector 5","ȘCOALA GIMNAZIALĂ NR.135",893,"BUCUREŞTI SECTORUL 5",179187,1,PART,PRCNCT,CL,CL_SV_SECTOR,"2024-06-10 04:47:48",1241,1234,1,3,3,525,519,0,3,3,514,11,1400,875,104,54,19,97,6,201,3,4,2,14,10
48,"Sector 5","ȘCOALA GIMNAZIALĂ NR.135",892,"BUCUREŞTI SECTORUL 5",179187,1,PART,PRCNCT,CL,CL_SV_SECTOR,"2024-06-10 05:07:54",1268,1259,6,3,0,604,601,0,3,0,585,19,1400,796,152,62,13,138,6,178,6,0,3,20,7
48,"Sector 5","ȘCOALA GIMNAZIALĂ NR.135",891,"BUCUREŞTI SECTORUL 5",179187,1,PART,PRCNCT,CL,CL_SV_SECTOR,"2024-06-10 05:58:25",1024,1021,2,1,0,511,510,0,1,0,503,8,2000,1489,151,52,12,77,4,170,5,2,2,15,13
48,"Sector 5","ȘCOALA GIMNAZIALĂ NR.136",873,"BUCUREŞTI SECTORUL 5",179187,1,PART,PRCNCT,CL,CL_SV_SECTOR,"2024-06-10 06:42:38",1426,1422,0,4,0,533,529,0,4,0,512,21,1600,1067,104,49,6,37,5,274,9,2,4,13,9
48,"Sector 5","ȘCOALA GIMNAZIALĂ NR.136",869,"BUCUREŞTI SECTORUL 5",179187,1,PART,PRCNCT,CL,CL_SV_SECTOR,"2024-06-10 04:55:45",1753,1753,0,0,0,464,464,0,0,0,434,8,1900,1458,76,44,3,19,3,250,1,2,4,24,8
48,"Sector 5","ȘCOALA GIMNAZIALĂ NR.136",867,"BUCUREŞTI SECTORUL 5",179187,1,PART,PRCNCT,CL,CL_SV_SECTOR,"2024-06-10 07:23:50",1755,1752,0,3,0,500,497,0,3,0,481,19,1900,1400,114,55,8,43,3,225,4,3,2,18,6
48,"Sector 5","ȘCOALA GIMNAZIALĂ NR.136",870,"BUCUREŞTI SECTORUL 5",179187,1,PART,PRCNCT,CL,CL_SV_SECTOR,"2024-06-10 08:59:31",1206,1200,0,6,0,406,400,0,6,0,388,18,1300,894,110,38,4,31,3,164,5,1,1,25,6
48,"Sector 5","ȘCOALA GIMNAZIALĂ NR.136",868,"BUCUREŞTI SECTORUL 5",179187,1,PART,PRCNCT,CL,CL_SV_SECTOR,"2024-06-10 03:34:57",1254,1253,0,1,0,379,378,0,1,0,355,24,1400,1021,89,32,6,15,2,191,3,0,1,12,4
48,"Sector 5","ȘCOALA GIMNAZIALĂ NR.136",871,"BUCUREŞTI SECTORUL 5",179187,1,PART,PRCNCT,CL,CL_SV_SECTOR,"2024-06-10 05:42:10",1424,1420,0,4,0,553,549,0,4,0,514,39,1600,1047,127,34,7,37,1,247,8,4,0,29,20
48,"Sector 5","ȘCOALA GIMNAZIALĂ NR.136",872,"BUCUREŞTI SECTORUL 5",179187,1,PART,PRCNCT,CL,CL_SV_SECTOR,"2024-06-10 04:01:12",1459,1453,3,3,0,512,509,0,3,0,494,7,1600,1099,123,51,11,41,4,236,3,0,0,14,11
48,"Sector 5","ȘCOALA GIMNAZIALĂ NR.143",1038,"BUCUREŞTI SECTORUL 5",179187,1,PROV,PRCNCT,CL,CL_SV_SECTOR,"2024-06-10 06:30:09",1047,1036,2,9,0,431,422,0,9,0,418,13,1200,769,115,46,9,84,3,133,5,1,3,12,7
48,"Sector 5","ȘCOALA GIMNAZIALĂ NR.143",1046,"BUCUREŞTI SECTORUL 5",179187,1,PART,PRCNCT,CL,CL_SV_SECTOR,"2024-06-10 03:54:35",1129,1124,2,3,0,457,454,0,3,0,450,7,1200,743,119,36,24,115,6,121,4,6,2,11,6
48,"Sector 5","ȘCOALA GIMNAZIALĂ NR.143",1037,"BUCUREŞTI SECTORUL 5",179187,1,PART,PRCNCT,CL,CL_SV_SECTOR,"2024-06-10 05:57:56",1137,1127,2,8,0,499,491,0,8,0,482,17,1200,701,151,27,14,80,3,176,1,3,1,18,8
48,"Sector 5","ȘCOALA GIMNAZIALĂ NR.143",1036,"BUCUREŞTI SECTORUL 5",179187,1,PART,PRCNCT,CL,CL_SV_SECTOR,"2024-06-10 05:21:35",1008,1000,1,7,0,463,456,0,7,0,438,25,1100,637,114,46,20,91,4,139,6,1,2,10,5
48,"Sector 5","ȘCOALA GIMNAZIALĂ NR.143",1048,"BUCUREŞTI SECTORUL 5",179187,1,PART,PRCNCT,CL,CL_SV_SECTOR,"2024-06-10 05:44:49",1054,1048,2,4,0,408,404,0,4,0,398,10,1196,788,88,46,10,97,0,128,3,4,3,12,7
48,"Sector 5","ȘCOALA GIMNAZIALĂ NR.143",1049,"BUCUREŞTI SECTORUL 5",179187,1,PART,PRCNCT,CL,CL_SV_SECTOR,"2024-06-10 05:25:24",959,950,1,8,0,416,408,0,8,0,401,15,1122,706,109,33,8,97,3,125,3,4,1,13,5
48,"Sector 5","ȘCOALA GIMNAZIALĂ NR.143",1041,"BUCUREŞTI SECTORUL 5",179187,1,PART,PRCNCT,CL,CL_SV_SECTOR,"2024-06-10 05:47:18",1187,1176,4,7,0,502,495,0,7,0,485,17,1300,798,153,53,7,102,2,138,7,1,2,10,10
48,"Sector 5","ȘCOALA GIMNAZIALĂ NR.143",1042,"BUCUREŞTI SECTORUL 5",179187,1,PART,PRCNCT,CL,CL_SV_SECTOR,"2024-06-10 07:27:09",1003,996,3,4,0,456,452,0,4,0,443,13,1100,631,121,60,17,85,3,125,11,0,0,15,6
48,"Sector 5","ȘCOALA GIMNAZIALĂ NR.143",1040,"BUCUREŞTI SECTORUL 5",179187,1,PART,PRCNCT,CL,CL_SV_SECTOR,"2024-06-10 05:05:04",950,933,10,7,0,427,420,0,7,0,418,9,1100,673,117,27,12,90,6,135,8,4,1,8,10
48,"Sector 5","ȘCOALA GIMNAZIALĂ NR.143",1044,"BUCUREŞTI SECTORUL 5",179187,1,PART,PRCNCT,CL,CL_SV_SECTOR,"2024-06-10 04:48:06",1241,1232,3,6,0,556,550,0,6,0,541,15,1400,844,139,47,12,131,4,161,12,3,1,18,13
48,"Sector 5","ȘCOALA GIMNAZIALĂ NR.143",1039,"BUCUREŞTI SECTORUL 5",179187,1,PART,PRCNCT,CL,CL_SV_SECTOR,"2024-06-10 08:14:01",1042,1036,0,6,0,503,497,0,6,0,485,15,1200,700,129,55,23,96,3,153,2,3,0,11,10
48,"Sector 5","ȘCOALA GIMNAZIALĂ NR.143",1047,"BUCUREŞTI SECTORUL 5",179187,1,PART,PRCNCT,CL,CL_SV_SECTOR,"2024-06-10 03:46:56",896,892,0,4,0,398,394,0,4,0,391,7,1000,602,119,33,11,88,0,121,2,2,1,7,7
48,"Sector 5","ȘCOALA GIMNAZIALĂ NR.143",1045,"BUCUREŞTI SECTORUL 5",179187,1,PART,PRCNCT,CL,CL_SV_SECTOR,"2024-06-10 06:35:30",1044,1039,1,4,0,430,426,0,4,0,420,10,1200,770,131,41,14,97,4,110,3,2,1,9,8
48,"Sector 5","ȘCOALA GIMNAZIALĂ NR.143",1043,"BUCUREŞTI SECTORUL 5",179187,1,PART,PRCNCT,CL,CL_SV_SECTOR,"2024-06-10 06:43:23",982,970,3,9,0,398,389,0,9,0,386,12,1100,702,94,35,22,112,2,97,3,1,0,12,8
48,"Sector 5","ȘCOALA GIMNAZIALĂ NR.144",1035,"BUCUREŞTI SECTORUL 5",179187,1,PART,PRCNCT,CL,CL_SV_SECTOR,"2024-06-10 05:50:16",1151,1143,1,7,0,553,546,0,7,0,537,16,1300,747,167,47,29,160,3,93,9,3,1,14,11
48,"Sector 5","ȘCOALA GIMNAZIALĂ NR.144",1033,"BUCUREŞTI SECTORUL 5",179187,1,PART,PRCNCT,CL,CL_SV_SECTOR,"2024-06-10 06:22:30",1852,1841,4,7,0,801,794,0,7,0,780,21,1896,1095,206,86,31,187,11,180,16,0,3,35,25
48,"Sector 5","ȘCOALA GIMNAZIALĂ NR.144",1032,"BUCUREŞTI SECTORUL 5",179187,1,PART,PRCNCT,CL,CL_SV_SECTOR,"2024-06-10 05:31:23",1539,1534,2,3,0,663,660,0,3,0,652,3,1600,945,173,70,32,202,2,120,8,3,4,23,15
48,"Sector 5","ȘCOALA GIMNAZIALĂ NR.144",1034,"BUCUREŞTI SECTORUL 5",179187,1,PART,PRCNCT,CL,CL_SV_SECTOR,"2024-06-10 06:58:44",1685,1673,4,8,0,741,733,0,8,0,718,23,1800,1059,206,63,42,225,6,106,7,7,3,34,19
48,"Sector 5","ȘCOALA GIMNAZIALĂ NR.150",991,"BUCUREŞTI SECTORUL 5",179187,1,PART,PRCNCT,CL,CL_SV_SECTOR,"2024-06-10 03:36:25",641,631,0,10,0,300,290,0,10,0,298,2,700,400,80,30,19,118,3,26,2,2,0,11,7
48,"Sector 5","ȘCOALA GIMNAZIALĂ NR.150",992,"BUCUREŞTI SECTORUL 5",179187,1,PROV,PRCNCT,CL,CL_SV_SECTOR,"2024-06-10 08:00:35",677,655,9,13,0,327,312,2,13,0,317,10,800,463,104,28,26,119,1,19,6,1,1,11,1
48,"Sector 5","ȘCOALA GIMNAZIALĂ NR.150",994,"BUCUREŞTI SECTORUL 5",179187,1,PART,PRCNCT,CL,CL_SV_SECTOR,"2024-06-10 05:23:46",653,632,12,9,0,323,314,0,9,0,311,11,700,377,91,30,27,115,6,26,3,2,0,5,6
48,"Sector 5","ȘCOALA GIMNAZIALĂ NR.150",995,"BUCUREŞTI SECTORUL 5",179187,1,PART,PRCNCT,CL,CL_SV_SECTOR,"2024-06-10 04:35:39",655,644,4,7,0,323,316,0,7,0,313,9,800,478,101,30,29,120,1,19,3,0,0,5,5
48,"Sector 5","ȘCOALA GIMNAZIALĂ NR.150",993,"BUCUREŞTI SECTORUL 5",179187,1,PART,PRCNCT,CL,CL_SV_SECTOR,"2024-06-10 03:37:34",702,687,13,0,2,345,342,1,0,2,331,14,800,454,116,32,18,129,5,17,3,0,1,6,4
48,"Sector 5","ȘCOALA GIMNAZIALĂ NR.150",996,"BUCUREŞTI SECTORUL 5",179187,1,PART,PRCNCT,CL,CL_SV_SECTOR,"2024-06-10 04:51:31",740,723,10,7,0,370,362,1,7,0,366,4,800,430,95,21,22,177,3,18,7,0,2,13,8
48,"Sector 5","ȘCOALA GIMNAZIALĂ NR.188",883,"BUCUREŞTI SECTORUL 5",179187,1,PART,PRCNCT,CL,CL_SV_SECTOR,"2024-06-10 05:05:47",781,774,2,5,0,295,290,0,5,0,284,11,900,605,96,27,16,54,1,59,2,2,3,12,12
48,"Sector 5","ȘCOALA GIMNAZIALĂ NR.188",879,"BUCUREŞTI SECTORUL 5",179187,1,PROV,PRCNCT,CL,CL_SV_SECTOR,"2024-06-10 05:28:12",953,941,6,5,1,389,383,0,5,1,371,17,1000,612,102,38,23,86,5,84,6,2,4,13,8
48,"Sector 5","ȘCOALA GIMNAZIALĂ NR.188",882,"BUCUREŞTI SECTORUL 5",179187,1,PART,PRCNCT,CL,CL_SV_SECTOR,"2024-06-10 04:56:52",1141,985,150,6,0,386,380,0,6,0,373,13,1100,714,84,43,16,104,4,93,6,0,4,12,7
48,"Sector 5","ȘCOALA GIMNAZIALĂ NR.188",881,"BUCUREŞTI SECTORUL 5",179187,1,PROV,PRCNCT,CL,CL_SV_SECTOR,"2024-06-10 05:56:47",869,852,0,17,0,402,393,0,9,0,376,17,900,507,116,38,18,92,5,79,5,2,2,12,7
48,"Sector 5","ȘCOALA GIMNAZIALĂ NR.188",880,"BUCUREŞTI SECTORUL 5",179187,1,PART,PRCNCT,CL,CL_SV_SECTOR,"2024-06-10 05:57:33",1319,1303,9,7,0,565,558,0,7,0,552,13,1400,835,150,65,21,141,5,121,7,5,1,18,18
48,"Sector 5","ȘCOALA GIMNAZIALĂ NR.2",878,"BUCUREŞTI SECTORUL 5",179187,1,PART,PRCNCT,CL,CL_SV_SECTOR,"2024-06-10 05:28:28",1371,1360,3,8,0,494,486,0,8,0,477,17,1500,106,127,72,11,49,6,179,4,1,2,12,14
48,"Sector 5","ȘCOALA GIMNAZIALĂ NR.2",877,"BUCUREŞTI SECTORUL 5",179187,1,PROV,PRCNCT,CL,CL_SV_SECTOR,"2024-06-10 04:23:32",1029,1018,2,9,0,383,374,0,9,0,368,15,1100,717,84,50,14,48,2,148,2,0,2,15,3
48,"Sector 5","ȘCOALA GIMNAZIALĂ NR.2",874,"BUCUREŞTI SECTORUL 5",179187,1,PART,PRCNCT,CL,CL_SV_SECTOR,"2024-06-10 06:42:13",1223,1181,0,42,0,439,397,0,42,0,414,21,1400,965,108,79,14,42,4,128,4,5,1,20,9
48,"Sector 5","ȘCOALA GIMNAZIALĂ NR.2",876,"BUCUREŞTI SECTORUL 5",179187,1,PART,PRCNCT,CL,CL_SV_SECTOR,"2024-06-10 05:35:01",1175,1166,3,6,0,459,453,0,6,0,442,17,1300,841,94,43,4,54,4,205,10,2,1,21,4
48,"Sector 5","ȘCOALA GIMNAZIALĂ NR.2",875,"BUCUREŞTI SECTORUL 5",179187,1,PART,PRCNCT,CL,CL_SV_SECTOR,"2024-06-10 08:35:15",1379,1376,0,2,1,498,495,0,2,1,477,21,1500,1002,127,54,18,49,5,176,2,9,3,20,14
48,"Sector 5","ȘCOALA GIMNAZIALĂ NR.280",933,"BUCUREŞTI SECTORUL 5",179187,1,PART,PRCNCT,CL,CL_SV_SECTOR,"2024-06-10 04:29:03",1165,1161,2,2,0,519,517,0,2,0,504,15,1300,781,127,39,19,137,4,149,6,3,1,9,10
48,"Sector 5","ȘCOALA GIMNAZIALĂ NR.280",935,"BUCUREŞTI SECTORUL 5",179187,1,PART,PRCNCT,CL,CL_SV_SECTOR,"2024-06-10 03:42:11",983,978,1,4,0,406,402,0,4,0,397,9,1100,694,118,26,16,100,3,112,2,4,1,10,5
48,"Sector 5","ȘCOALA GIMNAZIALĂ NR.280",934,"BUCUREŞTI SECTORUL 5",179187,1,PART,PRCNCT,CL,CL_SV_SECTOR,"2024-06-10 05:35:37",1141,1135,4,1,1,470,468,0,1,1,447,23,1300,829,127,38,12,104,2,130,8,2,1,13,10
48,"Sector 5","ȘCOALA GIMNAZIALĂ NR.280",931,"BUCUREŞTI SECTORUL 5",179187,1,PART,PRCNCT,CL,CL_SV_SECTOR,"2024-06-10 05:09:30",1033,1024,5,4,0,502,498,0,4,0,479,23,1100,597,119,36,21,133,4,127,3,3,4,20,9
48,"Sector 5","ȘCOALA GIMNAZIALĂ NR.280",932,"BUCUREŞTI SECTORUL 5",179187,1,PART,PRCNCT,CL,CL_SV_SECTOR,"2024-06-10 04:18:44",991,982,2,7,0,460,453,0,7,0,444,14,1100,640,115,45,14,130,6,102,4,4,3,11,10
48,"Sector 5","ȘCOALA GIMNAZIALĂ NR.280",929,"BUCUREŞTI SECTORUL 5",179187,1,PART,PRCNCT,CL,CL_SV_SECTOR,"2024-06-10 05:32:15",1068,1057,0,10,1,471,460,0,10,1,458,11,1200,608,128,47,6,100,3,148,2,4,0,14,6
48,"Sector 5","ȘCOALA GIMNAZIALĂ NR.280",930,"BUCUREŞTI SECTORUL 5",179187,1,PART,PRCNCT,CL,CL_SV_SECTOR,"2024-06-10 06:42:16",960,949,1,10,0,437,427,0,10,0,428,9,1100,663,127,38,22,123,4,97,3,2,2,7,3
48,"Sector 5","ȘCOALA GIMNAZIALĂ NR.280",928,"BUCUREŞTI SECTORUL 5",179187,1,PART,PRCNCT,CL,CL_SV_SECTOR,"2024-06-10 06:59:38",1340,1332,1,7,0,645,638,0,7,0,629,16,1500,855,141,61,16,216,2,158,6,1,0,14,14
48,"Sector 5","ȘCOALA GIMNAZIALĂ ”PETRACHE POENARU”",918,"BUCUREŞTI SECTORUL 5",179187,1,PART,PRCNCT,CL,CL_SV_SECTOR,"2024-06-10 09:56:55",1719,1716,1,2,0,620,618,0,2,0,587,33,1800,1180,122,80,16,64,4,254,4,1,3,23,16
48,"Sector 5","ȘCOALA GIMNAZIALĂ ”PETRACHE POENARU”",917,"BUCUREŞTI SECTORUL 5",179187,1,PART,PRCNCT,CL,CL_SV_SECTOR,"2024-06-10 07:27:54",1623,1619,0,3,1,594,590,0,3,1,547,47,1800,1206,93,59,12,43,2,283,6,7,0,37,5
48,"Sector 5","ȘCOALA GIMNAZIALĂ ”PETRACHE POENARU”",913,"BUCUREŞTI SECTORUL 5",179187,1,PART,PRCNCT,CL,CL_SV_SECTOR,"2024-06-10 06:16:57",1962,1948,3,11,0,751,739,1,11,0,715,26,2000,1258,144,58,25,103,3,335,10,5,0,24,8
48,"Sector 5","ȘCOALA GIMNAZIALĂ ”PETRACHE POENARU”",916,"BUCUREŞTI SECTORUL 5",179187,1,PART,PRCNCT,CL,CL_SV_SECTOR,"2024-06-10 08:52:06",1805,1796,0,7,2,671,662,0,7,2,640,22,1900,1229,156,71,20,70,5,272,3,5,2,26,10
48,"Sector 5","ȘCOALA GIMNAZIALĂ ”PETRACHE POENARU”",912,"BUCUREŞTI SECTORUL 5",179187,1,PART,PRCNCT,CL,CL_SV_SECTOR,"2024-06-10 20:55:16",1666,1658,3,5,0,553,548,0,5,0,541,12,1800,1247,152,68,13,66,3,188,8,3,1,22,17
48,"Sector 5","ȘCOALA GIMNAZIALĂ ”PETRACHE POENARU”",911,"BUCUREŞTI SECTORUL 5",179187,1,PART,PRCNCT,CL,CL_SV_SECTOR,"2024-06-10 08:14:11",1614,1612,1,1,0,523,522,0,1,0,493,30,1800,1277,139,48,13,50,4,201,3,4,1,28,2
48,"Sector 5","ȘCOALA GIMNAZIALĂ ”PETRACHE POENARU”",915,"BUCUREŞTI SECTORUL 5",179187,1,PART,PRCNCT,CL,CL_SV_SECTOR,"2024-06-10 06:52:03",1749,1740,3,6,0,650,644,0,6,0,623,25,1900,1252,144,71,22,72,4,253,6,8,4,27,12
48,"Sector 5","ȘCOALA GIMNAZIALĂ ”PETRACHE POENARU”",914,"BUCUREŞTI SECTORUL 5",179187,1,PART,PRCNCT,CL,CL_SV_SECTOR,"2024-06-10 10:43:45",1644,1634,2,8,0,695,687,0,8,0,679,16,1800,1105,139,45,21,138,3,301,8,2,2,18,2
48,"Sector 5","ȘCOALA GIMNAZIALĂ ”PETRACHE POENARU”",919,"BUCUREŞTI SECTORUL 5",179187,1,PART,PRCNCT,CL,CL_SV_SECTOR,"2024-06-11 11:18:54",1653,1653,0,0,0,673,673,0,0,0,632,41,1800,1127,162,71,0,95,3,231,8,9,3,33,17
48,"Sector 5","ȘCOALA GIMNAZIALĂ ”PRINCIPESA MARGARETA”",920,"BUCUREŞTI SECTORUL 5",179187,1,PART,PRCNCT,CL,CL_SV_SECTOR,"2024-06-10 07:44:02",978,969,2,6,1,480,471,2,6,1,463,2,1100,617,120,60,30,135,4,69,7,3,5,16,14
48,"Sector 5","ȘCOALA GIMNAZIALĂ ”PRINCIPESA MARGARETA”",921,"BUCUREŞTI SECTORUL 5",179187,1,PART,PRCNCT,CL,CL_SV_SECTOR,"2024-06-10 02:37:45",1101,1093,3,5,0,338,333,0,5,0,319,19,1200,862,86,43,17,61,2,84,5,0,0,12,9
48,"Sector 5","ȘCOALA GIMNAZIALĂ ”PRINCIPESA MARGARETA”",923,"BUCUREŞTI SECTORUL 5",179187,1,PROV,PRCNCT,CL,CL_SV_SECTOR,"2024-06-10 04:38:03",1095,1062,17,7,9,478,464,0,7,7,446,20,1300,823,108,48,23,152,7,65,9,2,1,20,11
48,"Sector 5","ȘCOALA GIMNAZIALĂ ”PRINCIPESA MARGARETA”",922,"BUCUREŞTI SECTORUL 5",179187,1,PART,PRCNCT,CL,CL_SV_SECTOR,"2024-06-10 04:25:48",1658,1652,0,6,0,422,416,0,6,0,394,28,1800,1378,88,42,5,63,2,138,4,1,4,37,10
