precinct_county_nce,precinct_county_name,precinct_name,precinct_nr,uat_name,uat_siruta,report_version,report_stage_code,report_type_scope_code,report_type_category_code,report_type_code,created_at,a,a1,a2,a3,a4,b,b1,b2,b3,b4,c,d,e,f,"MUREŞAN CORNELIU-PARTIDUL SOCIAL DEMOCRAT-voturi","DUMITREL ION-PARTIDUL NAȚIONAL LIBERAL-voturi","OLAR CORNELIU-DAN-ALIANȚA PENTRU UNIREA ROMÂNILOR-voturi","GHINESCU ION-PARTIDUL S.O.S. ROMÂNIA-voturi","ROF MARIUS-NICOLAE-ALIANȚA DREAPTA UNITĂ USR - PMP - FORȚA DREPTEI-voturi","TALPAŞ CONSTANTIN-PARTIDUL UMANIST SOCIAL LIBERAL-voturi"
1,ALBA,"AŞEZĂMÂNTUL SOCIAL - GRĂDINIŢA ”SFÂNTA IRINA”",79,"MUNICIPIUL BLAJ",1348,1,PROV,PRCNCT,PCJ,PCJ_SV,"2024-06-10 05:16:33",1135,1131,0,4,0,548,544,0,4,0,542,6,1300,752,81,375,33,10,39,4
1,ALBA,"ASOCIAŢIA JUDEŢEANĂ A VÂNĂTORILOR SI PESCARILOR SPORTIVI ALBA - CLUBUL BLAJ",84,"MUNICIPIUL BLAJ",1348,1,PROV,PRCNCT,PCJ,PCJ_SV,"2024-06-10 02:28:04",324,320,0,3,1,172,168,0,3,1,170,2,400,228,19,127,8,8,6,2
1,ALBA,"BAZA DE AGREMENT A MUNICIPIULUI BLAJ",78,"MUNICIPIUL BLAJ",1348,1,PROV,PRCNCT,PCJ,PCJ_SV,"2024-06-10 05:28:44",728,716,0,9,3,341,329,0,9,3,329,12,800,459,34,225,37,20,5,8
1,ALBA,"BAZIN OLIMPIC",31,"MUNICIPIUL ALBA IULIA",1017,1,PROV,PRCNCT,PCJ,PCJ_SV,"2024-06-10 08:09:26",1253,1242,2,9,0,458,449,0,9,0,444,14,1400,942,91,205,70,21,49,8
1,ALBA,"BAZIN OLIMPIC",30,"MUNICIPIUL ALBA IULIA",1017,1,PROV,PRCNCT,PCJ,PCJ_SV,"2024-06-10 06:22:40",1087,1078,0,8,1,437,428,0,8,1,423,14,1100,663,105,193,62,13,43,7
1,ALBA,"BIBLIOTECA COMUNALĂ",240,CRICĂU,4142,1,PROV,PRCNCT,PCJ,PCJ_SV,"2024-06-10 04:44:18",1057,995,1,25,36,790,729,0,25,36,776,14,1139,349,188,528,31,15,11,3
1,ALBA,"CĂMIN CULTURAL",225,"CETATEA DE BALTĂ",3958,2,PROV,PRCNCT,PCJ,PCJ_SV,"2024-06-11 12:08:47",590,574,0,4,12,247,231,0,4,12,232,15,633,386,44,150,28,5,4,1
1,ALBA,"CĂMIN CULTURAL",226,"CETATEA DE BALTĂ",3958,1,PROV,PRCNCT,PCJ,PCJ_SV,"2024-06-10 04:15:06",870,829,1,8,32,503,463,0,8,32,470,33,953,450,63,284,75,27,15,6
1,ALBA,"CĂMIN CULTURAL",250,FĂRĂU,4302,2,PROV,PRCNCT,PCJ,PCJ_SV,"2024-06-10 03:14:31",145,137,2,5,1,111,104,1,5,1,100,11,150,39,10,86,4,0,0,0
1,ALBA,"CĂMIN CULTURAL ASINIP",297,"LOPADEA NOUĂ",5210,1,PROV,PRCNCT,PCJ,PCJ_SV,"2024-06-10 01:40:55",78,70,0,8,0,52,44,0,8,0,51,1,79,27,14,32,2,2,1,0
1,ALBA,"CĂMIN CULTURAL BĂLCACIU",288,JIDVEI,5103,2,PROV,PRCNCT,PCJ,PCJ_SV,"2024-06-10 16:29:16",1120,1078,0,10,32,507,465,0,10,32,485,22,1192,685,42,318,97,18,6,4
1,ALBA,"CĂMIN CULTURAL CĂPUD",171,"ORAŞ TEIUŞ",8096,1,PROV,PRCNCT,PCJ,PCJ_SV,"2024-06-10 01:38:03",262,254,0,7,1,156,148,0,7,1,150,6,279,123,79,37,24,5,3,2
1,ALBA,"CĂMIN CULTURAL CISTEI",317,MIHALŢ,5700,1,PROV,PRCNCT,PCJ,PCJ_SV,"2024-06-10 02:39:13",502,454,0,29,19,367,319,0,29,19,360,7,518,151,19,274,49,10,7,1
1,ALBA,"CĂMIN CULTURAL DOŞTAT",246,DOŞTAT,4268,1,PROV,PRCNCT,PCJ,PCJ_SV,"2024-06-10 04:10:12",462,409,0,31,22,335,282,0,31,22,324,11,460,125,55,235,9,3,19,3
1,ALBA,"CĂMIN CULTURAL DRÎMBAR",231,CIUGUD,1071,1,PROV,PRCNCT,PCJ,PCJ_SV,"2024-06-10 01:40:53",350,331,1,6,12,239,222,0,6,11,238,1,391,152,30,173,21,5,4,5
1,ALBA,"CĂMIN CULTURAL HĂPRIA",232,CIUGUD,1071,2,PROV,PRCNCT,PCJ,PCJ_SV,"2024-06-11 13:47:26",528,502,1,3,22,388,363,0,3,22,377,11,571,183,71,221,64,6,11,4
1,ALBA,"CĂMIN CULTURAL HOPÎRTA",266,HOPÂRTA,4703,1,PROV,PRCNCT,PCJ,PCJ_SV,"2024-06-10 01:06:14",204,199,0,2,3,104,99,0,2,3,103,1,235,131,7,78,11,1,5,1
1,ALBA,"CĂMIN CULTURAL IZVOARELE",293,LIVEZILE,5167,1,PROV,PRCNCT,PCJ,PCJ_SV,"2024-06-10 00:31:22",94,72,0,11,11,63,41,0,11,11,62,1,100,37,8,49,3,0,0,2
1,ALBA,"CĂMIN CULTURAL LEORINȚ",351,RĂDEŞTI,6547,1,PROV,PRCNCT,PCJ,PCJ_SV,"2024-06-10 02:44:01",267,244,0,16,7,214,191,0,16,7,210,4,292,78,7,197,3,2,1,0
1,ALBA,"CĂMIN CULTURAL LIMBA",233,CIUGUD,1071,2,PROV,PRCNCT,PCJ,PCJ_SV,"2024-06-11 12:18:17",343,325,7,5,6,220,206,3,5,6,212,8,386,166,37,121,33,4,14,3
1,ALBA,"CĂMIN CULTURAL LUNCA TÂRNAVEI",408,ŞONA,7865,2,PROV,PRCNCT,PCJ,PCJ_SV,"2024-06-10 03:40:32",324,312,1,7,4,200,189,0,7,4,196,4,348,148,50,125,13,5,3,0
1,ALBA,"CĂMIN CULTURAL MĂTIȘEȘTI",274,HOREA,4767,3,PROV,PRCNCT,PCJ,PCJ_SV,"2024-06-11 17:13:49",348,337,0,3,8,239,228,0,3,8,233,6,357,118,31,75,122,3,1,1
1,ALBA,"CĂMIN CULTURAL OBREJA",318,MIHALŢ,5700,1,PROV,PRCNCT,PCJ,PCJ_SV,"2024-06-10 03:08:16",450,421,0,15,14,288,259,0,15,14,285,3,482,194,62,183,26,5,8,1
1,ALBA,"CĂMIN CULTURAL POIANA AIUDULUI",294,LIVEZILE,5167,1,PROV,PRCNCT,PCJ,PCJ_SV,"2024-06-10 02:02:11",263,244,0,5,14,153,134,0,5,14,149,4,280,127,24,114,5,4,0,2
1,ALBA,"CĂMIN CULTURAL SÂNBENEDIC",251,FĂRĂU,4302,1,PROV,PRCNCT,PCJ,PCJ_SV,"2024-06-10 02:41:44",195,181,0,9,5,129,115,0,9,5,127,2,200,71,9,111,2,5,0,0
1,ALBA,"CĂMIN CULTURAL, SAT IZVORUL AMPOIULUI",178,"ORAŞ ZLATNA",1936,3,PROV,PRCNCT,PCJ,PCJ_SV,"2024-06-11 14:49:00",389,380,1,7,1,219,211,0,7,1,214,5,429,210,54,126,29,2,2,1
1,ALBA,"CĂMIN CULTURAL, SAT VÂLTORI",183,"ORAŞ ZLATNA",1936,2,PROV,PRCNCT,PCJ,PCJ_SV,"2024-06-11 15:07:59",164,155,0,9,0,95,86,0,9,0,91,4,183,88,14,55,14,1,7,0
1,ALBA,"CĂMIN CULTURAL ȘEUȘA",234,CIUGUD,1071,1,PROV,PRCNCT,PCJ,PCJ_SV,"2024-06-10 07:53:27",741,685,3,3,50,511,458,0,3,50,495,16,770,259,57,314,91,7,22,4
1,ALBA,"CĂMIN CULTURAL ȘIBOT",401,ŞIBOT,7810,3,PROV,PRCNCT,PCJ,PCJ_SV,"2024-06-11 19:32:26",1204,1153,2,24,25,750,699,2,24,25,709,41,1280,530,207,215,243,14,23,7
1,ALBA,"CĂMIN CULTURAL ȘILEA",252,FĂRĂU,4302,1,PROV,PRCNCT,PCJ,PCJ_SV,"2024-06-10 08:46:53",260,243,0,5,12,177,160,0,5,12,169,8,270,93,58,103,4,0,4,0
1,ALBA,"CĂMIN CULTURAL SILIVAŞ",267,HOPÂRTA,4703,1,PROV,PRCNCT,PCJ,PCJ_SV,"2024-06-10 01:11:48",244,240,0,3,1,157,153,0,3,1,154,3,275,118,3,149,1,1,0,0
1,ALBA,"CĂMIN CULTURAL ŞPĂLNACA",268,HOPÂRTA,4703,2,PROV,PRCNCT,PCJ,PCJ_SV,"2024-06-13 10:15:22",137,128,0,7,2,80,71,0,7,2,80,0,160,80,9,63,7,1,0,0
1,ALBA,"CĂMIN CULTURAL TĂUNI",430,"VALEA LUNGĂ",8354,1,PROV,PRCNCT,PCJ,PCJ_SV,"2024-06-10 04:11:32",241,227,0,8,6,131,117,0,8,6,122,9,245,114,12,57,49,2,1,1
1,ALBA,"CĂMIN CULTURAL TELEAC",235,CIUGUD,1071,1,PROV,PRCNCT,PCJ,PCJ_SV,"2024-06-10 03:22:15",362,347,0,2,13,263,248,0,2,13,258,5,436,173,64,149,31,5,5,4
1,ALBA,"CĂMIN CULTURAL TURDAŞ",269,HOPÂRTA,4703,1,PROV,PRCNCT,PCJ,PCJ_SV,"2024-06-10 01:19:47",133,127,0,3,3,78,72,0,3,3,75,3,160,82,16,44,10,3,2,0
1,ALBA,"CĂMIN CULTURAL VĂLIȘOARA",295,LIVEZILE,5167,3,PROV,PRCNCT,PCJ,PCJ_SV,"2024-06-11 14:45:13",139,118,0,10,11,109,88,0,10,11,84,25,140,31,22,50,5,3,3,1
1,ALBA,"CĂMIN CULTURAL VAMA SEACĂ",270,HOPÂRTA,4703,2,PROV,PRCNCT,PCJ,PCJ_SV,"2024-06-10 02:49:51",148,144,0,2,2,107,103,0,2,2,107,0,170,63,9,77,11,3,6,1
1,ALBA,"CĂMINUL CULTURAL",345,POŞAGA,6468,2,PROV,PRCNCT,PCJ,PCJ_SV,"2024-06-12 09:13:37",366,318,1,41,6,273,225,1,41,6,265,8,504,231,69,124,32,4,36,0
1,ALBA,"CĂMINUL CULTURAL",224,CERU-BĂCĂINŢI,3841,1,PROV,PRCNCT,PCJ,PCJ_SV,"2024-06-10 04:29:48",252,198,1,44,9,226,172,1,44,9,222,4,300,74,99,99,13,6,5,0
1,ALBA,"CĂMINUL CULTURAL ALBAC",184,ALBAC,2130,1,PROV,PRCNCT,PCJ,PCJ_SV,"2024-06-10 10:18:52",736,656,1,38,41,626,546,1,38,41,612,14,805,179,248,188,149,11,15,1
1,ALBA,"CĂMINUL CULTURAL ALECUŞ",406,ŞONA,7865,1,PROV,PRCNCT,PCJ,PCJ_SV,"2024-06-10 01:06:33",79,71,0,8,0,36,28,0,8,0,34,2,79,43,9,16,5,1,3,0
1,ALBA,"CĂMINUL CULTURAL ALMAȘU MARE - SUSENI",190,"ALMAŞU MARE",2309,1,PROV,PRCNCT,PCJ,PCJ_SV,"2024-06-10 04:28:53",210,200,0,7,3,152,142,0,7,3,151,1,222,70,49,58,17,4,23,0
1,ALBA,"CĂMINUL CULTURAL AVRAM IANCU",198,"AVRAM IANCU",2577,2,PROV,PRCNCT,PCJ,PCJ_SV,"2024-06-10 08:13:18",593,556,3,12,22,402,368,0,12,22,387,15,620,218,175,118,72,8,9,5
1,ALBA,"CĂMINUL CULTURAL BALOMIR",402,ŞIBOT,7810,1,PROV,PRCNCT,PCJ,PCJ_SV,"2024-06-10 03:07:47",515,486,1,13,15,308,280,0,13,15,303,5,530,222,113,109,67,4,7,3
1,ALBA,"CĂMINUL CULTURAL BOZ",247,DOŞTAT,4268,2,PROV,PRCNCT,PCJ,PCJ_SV,"2024-06-10 09:42:22",402,393,0,4,5,278,269,0,4,5,272,6,440,162,71,186,6,4,3,2
1,ALBA,"CĂMINUL CULTURAL BUCERDEA GRÂNOASĂ",212,"BUCERDEA GRÂNOASĂ",9026,2,PROV,PRCNCT,PCJ,PCJ_SV,"2024-06-10 08:29:05",1050,1024,2,2,22,754,730,0,2,22,727,27,1200,446,51,346,280,26,21,3
1,ALBA,"CĂMINUL CULTURAL CĂPÎLNA DE JOS",289,JIDVEI,5103,1,PROV,PRCNCT,PCJ,PCJ_SV,"2024-06-10 03:47:47",640,605,0,9,26,414,379,0,9,26,402,12,717,303,31,283,70,11,6,1
1,ALBA,"CĂMINUL CULTURAL CIOARA DE SUS",121,"ORAŞ BAIA DE ARIEŞ",2915,2,PROV,PRCNCT,PCJ,PCJ_SV,"2024-06-11 15:12:21",188,173,0,7,8,116,101,0,7,8,113,3,210,94,11,21,80,1,0,0
1,ALBA,"CĂMINUL CULTURAL CIUGUDU DE JOS",420,UNIREA,8158,2,PROV,PRCNCT,PCJ,PCJ_SV,"2024-06-10 16:53:58",264,256,0,5,3,161,153,0,5,3,154,7,300,139,18,111,13,6,6,0
1,ALBA,"CĂMINUL CULTURAL ”EUGEN CURTA” GALTIU",386,SÂNTIMBRU,7384,2,PROV,PRCNCT,PCJ,PCJ_SV,"2024-06-10 08:32:17",400,393,0,2,5,242,235,0,2,5,232,10,433,191,38,119,51,13,9,2
1,ALBA,"CĂMINUL CULTURAL FEISA",290,JIDVEI,5103,2,PROV,PRCNCT,PCJ,PCJ_SV,"2024-06-10 07:59:32",595,574,0,3,18,401,380,0,3,18,394,7,679,278,58,280,34,14,7,1
1,ALBA,"CĂMINUL CULTURAL GĂBUD",328,NOŞLAC,6048,2,PROV,PRCNCT,PCJ,PCJ_SV,"2024-06-10 06:30:06",241,233,0,8,0,121,113,0,8,0,111,10,245,124,23,80,4,0,4,0
1,ALBA,"CĂMINUL CULTURAL GALDA DE JOS",253,"GALDA DE JOS",4366,1,PROV,PRCNCT,PCJ,PCJ_SV,"2024-06-10 19:48:13",1593,1555,1,24,13,1027,990,0,24,13,1000,27,1800,773,190,387,127,27,258,11
1,ALBA,"CAMINUL CULTURAL GEOGEL",344,PONOR,6397,3,PROV,PRCNCT,PCJ,PCJ_SV,"2024-06-11 16:28:48",221,181,1,32,7,171,131,1,32,7,153,18,235,64,19,110,18,2,3,1
1,ALBA,"CĂMINUL CULTURAL GEOMAL",400,STREMŢ,7767,1,PROV,PRCNCT,PCJ,PCJ_SV,"2024-06-10 04:14:24",245,230,0,4,11,173,158,0,4,11,168,5,250,77,72,66,23,4,1,2
1,ALBA,"CĂMINUL CULTURAL INOC",423,UNIREA,8158,1,PROV,PRCNCT,PCJ,PCJ_SV,"2024-06-10 01:39:57",162,156,0,5,1,84,78,0,5,1,84,0,180,96,22,26,18,8,9,1
1,ALBA,"CĂMINUL CULTURAL INURI",437,"VINŢU DE JOS",8826,1,PROV,PRCNCT,PCJ,PCJ_SV,"2024-06-10 00:42:18",153,141,1,10,1,77,65,1,10,1,75,2,148,71,18,41,11,0,3,2
1,ALBA,"CĂMINUL CULTURAL JIDVEI",287,JIDVEI,5103,1,PROV,PRCNCT,PCJ,PCJ_SV,"2024-06-10 12:09:59",1110,1068,2,3,37,597,557,0,3,37,582,15,1194,597,63,422,66,11,17,3
1,ALBA,"CĂMINUL CULTURAL LUNCA AMPOIȚEI",311,METEŞ,5577,1,PROV,PRCNCT,PCJ,PCJ_SV,"2024-06-10 01:56:35",205,195,0,2,8,132,122,0,2,8,127,5,230,98,16,84,20,0,4,3
1,ALBA,"CĂMINUL CULTURAL LUPȘA",305,LUPŞA,5336,3,PROV,PRCNCT,PCJ,PCJ_SV,"2024-06-11 16:41:46",629,613,0,10,6,487,471,0,10,6,479,8,710,223,134,256,72,5,11,1
1,ALBA,"CĂMINUL CULTURAL MĂHĂCENI",424,UNIREA,8158,1,PROV,PRCNCT,PCJ,PCJ_SV,"2024-06-10 03:08:03",216,200,1,8,7,118,103,0,8,7,114,4,226,108,18,81,6,5,4,0
1,ALBA,"CĂMINUL CULTURAL MERETEU",438,"VINŢU DE JOS",8826,1,PROV,PRCNCT,PCJ,PCJ_SV,"2024-06-10 01:26:40",188,180,1,7,0,125,118,0,7,0,123,2,189,64,48,48,22,3,0,2
1,ALBA,"CĂMINUL CULTURAL MUNCELU",122,"ORAŞ BAIA DE ARIEŞ",2915,1,PROV,PRCNCT,PCJ,PCJ_SV,"2024-06-10 03:34:03",278,275,0,2,1,179,176,0,2,1,175,4,300,121,51,49,61,6,8,0
1,ALBA,"CĂMINUL CULTURAL NECRILEȘTI",286,ÎNTREGALDE,4981,2,PROV,PRCNCT,PCJ,PCJ_SV,"2024-06-10 06:42:30",146,142,0,1,3,97,93,0,1,3,94,3,150,53,17,68,9,0,0,0
1,ALBA,"CĂMINUL CULTURAL OARDA DE JOS",49,"MUNICIPIUL ALBA IULIA",1017,2,PROV,PRCNCT,PCJ,PCJ_SV,"2024-06-10 14:05:52",1286,1278,6,1,1,609,607,0,1,1,593,16,1403,794,133,264,113,27,45,11
1,ALBA,"CĂMINUL CULTURAL OIEJDEA",258,"GALDA DE JOS",4366,1,PROV,PRCNCT,PCJ,PCJ_SV,"2024-06-10 05:08:31",660,649,1,6,4,436,426,0,6,4,405,31,750,314,55,200,29,15,102,4
1,ALBA,"CĂMINUL CULTURAL PĂGIDA",70,"MUNICIPIUL AIUD",1213,1,PROV,PRCNCT,PCJ,PCJ_SV,"2024-06-10 02:19:48",98,90,0,8,0,56,48,0,8,0,56,0,100,44,15,27,10,1,1,2
1,ALBA,"CĂMINUL CULTURAL POIANA AMPOIULUI",312,METEŞ,5577,1,PROV,PRCNCT,PCJ,PCJ_SV,"2024-06-10 01:36:03",211,200,1,8,2,135,125,0,8,2,126,9,239,104,40,69,12,3,1,1
1,ALBA,"CĂMINUL CULTURAL PRESACA AMPOIULUI",313,METEŞ,5577,1,PROV,PRCNCT,PCJ,PCJ_SV,"2024-06-10 01:58:28",289,277,0,4,8,221,209,0,4,8,217,4,270,49,52,99,53,3,10,0
1,ALBA,"CĂMINUL CULTURAL RĂZBOIENI-CETATE",165,"ORAŞ OCNA MUREŞ",1794,1,PROV,PRCNCT,PCJ,PCJ_SV,"2024-06-10 08:23:27",1027,1014,1,6,6,454,442,0,6,6,441,13,1200,746,111,160,116,16,3,35
1,ALBA,"CĂMINUL CULTURAL SÂNCEL",379,SÂNCEL,7348,1,PROV,PRCNCT,PCJ,PCJ_SV,"2024-06-10 07:01:37",1308,1265,1,7,35,817,775,0,7,35,794,23,1413,596,246,360,140,23,22,3
1,ALBA,"CĂMINUL CULTURAL SÂNTIMBRU",383,SÂNTIMBRU,7384,1,PROV,PRCNCT,PCJ,PCJ_SV,"2024-06-10 04:18:04",457,446,0,2,9,247,236,0,2,9,242,5,503,256,56,120,53,9,3,1
1,ALBA,"CĂMINUL CULTURAL SARTĂŞ",123,"ORAŞ BAIA DE ARIEŞ",2915,1,PROV,PRCNCT,PCJ,PCJ_SV,"2024-06-10 01:33:44",296,291,0,2,3,133,128,0,2,3,133,0,320,187,16,39,65,3,7,3
1,ALBA,"CĂMINUL CULTURAL SCĂRIȘOARA",388,SCĂRIŞOARA,7197,1,PROV,PRCNCT,PCJ,PCJ_SV,"2024-06-10 06:57:32",587,537,2,18,30,436,386,2,18,30,422,14,598,162,116,210,78,7,9,2
1,ALBA,"CĂMINUL CULTURAL SOHODOL",394,SOHODOL,7446,2,PROV,PRCNCT,PCJ,PCJ_SV,"2024-06-11 16:04:44",756,750,0,1,5,438,432,0,1,5,419,19,825,387,85,211,99,18,5,1
1,ALBA,"CĂMINUL CULTURAL STÂNA DE MUREȘ",329,NOŞLAC,6048,1,PROV,PRCNCT,PCJ,PCJ_SV,"2024-06-10 03:54:30",310,293,0,10,7,177,160,0,10,7,168,9,315,138,64,67,20,1,14,2
1,ALBA,"CĂMINUL CULTURAL VADU MOȚILOR",425,"VADU MOŢILOR",8229,2,PROV,PRCNCT,PCJ,PCJ_SV,"2024-06-11 15:22:42",1096,988,2,52,54,879,772,1,52,54,863,16,1206,327,226,416,194,10,14,3
1,ALBA,"CĂMINUL CULTURAL VESEUŞ",291,JIDVEI,5103,2,PROV,PRCNCT,PCJ,PCJ_SV,"2024-06-10 10:13:52",741,698,0,8,35,492,449,0,8,35,455,37,818,326,13,427,11,1,1,2
1,ALBA,"CĂMINUL CULTURAL VINŢU DE JOS",434,"VINŢU DE JOS",8826,1,PROV,PRCNCT,PCJ,PCJ_SV,"2024-06-10 04:22:21",1089,1068,2,9,10,657,638,0,9,10,637,20,1271,614,190,221,144,26,36,20
1,ALBA,"CĂMINUL CULTURAL VURPĂR",440,"VINŢU DE JOS",8826,2,PROV,PRCNCT,PCJ,PCJ_SV,"2024-06-10 07:27:59",872,861,2,8,1,537,528,0,8,1,524,13,904,367,85,227,179,12,15,6
1,ALBA,"CĂMINUL PENTRU PERSOANE VÂRSTNICE",44,"MUNICIPIUL ALBA IULIA",1017,1,PROV,PRCNCT,PCJ,PCJ_SV,"2024-06-10 06:33:25",1277,1232,0,45,0,662,617,0,45,0,642,20,1400,738,122,357,60,19,74,10
1,ALBA,"CASA DE CULTURĂ A STUDENŢILOR",6,"MUNICIPIUL ALBA IULIA",1017,1,PROV,PRCNCT,PCJ,PCJ_SV,"2024-06-10 03:34:21",717,707,0,10,0,283,273,0,10,0,278,5,800,517,59,138,35,10,29,7
1,ALBA,"CASA DE CULTURĂ ”ION SÂNGEREANU”",157,"ORAŞ OCNA MUREŞ",1794,1,PROV,PRCNCT,PCJ,PCJ_SV,"2024-06-10 07:12:14",1199,1179,2,5,13,555,536,1,5,13,527,28,1300,745,148,308,33,10,23,5
1,ALBA,"CASA DE CULTURĂ TEIUŞ",166,"ORAŞ TEIUŞ",8096,2,PROV,PRCNCT,PCJ,PCJ_SV,"2024-06-10 11:41:13",1526,1511,1,8,6,817,803,0,8,6,800,17,1671,854,283,275,172,30,31,9
1,ALBA,"CASĂ PARTICULARĂ",428,"VALEA LUNGĂ",8354,1,PROV,PRCNCT,PCJ,PCJ_SV,"2024-06-10 02:31:19",167,155,0,8,4,124,112,0,8,4,119,5,170,46,12,70,35,0,1,1
1,ALBA,"CENTRU DE ZI PERSOANE VĂRSTNICE",385,SÂNTIMBRU,7384,1,PROV,PRCNCT,PCJ,PCJ_SV,"2024-06-10 03:39:36",74,68,0,3,3,49,43,0,3,3,48,1,76,27,4,40,3,0,1,0
1,ALBA,"CENTRUL CULTURAL ”IACOB MUREŞIANU’’",81,"MUNICIPIUL BLAJ",1348,1,PROV,PRCNCT,PCJ,PCJ_SV,"2024-06-10 04:26:17",786,772,1,8,5,435,422,0,8,5,430,5,800,365,69,288,18,13,40,2
1,ALBA,"CENTRUL CULTURAL ”VALENTIN URITESCU” AL ORAŞULUI CUGIR",145,"ORAŞ CUGIR",1696,2,PROV,PRCNCT,PCJ,PCJ_SV,"2024-06-10 09:34:00",1260,1247,1,10,2,562,550,0,10,2,548,14,1400,838,141,257,66,10,72,2
1,ALBA,"CENTRUL DE INFORMARE TURISTICĂ",324,MOGOŞ,5826,2,PROV,PRCNCT,PCJ,PCJ_SV,"2024-06-10 06:23:27",489,451,1,24,13,313,276,0,24,13,299,14,530,217,74,187,30,4,3,1
1,ALBA,"CENTRUL DE ZI PENTRU PERSOANE VÂRSTNICE",1,"MUNICIPIUL ALBA IULIA",1017,2,PROV,PRCNCT,PCJ,PCJ_SV,"2024-06-12 13:17:21",1760,1747,5,7,1,878,870,0,7,1,843,35,2000,1122,192,428,107,23,74,19
1,ALBA,"CLĂDIRE ADMINISTRATIVĂ COLIBI (FOSTA ŞCOALĂ GENERALĂ)",335,OHABA,6164,1,PROV,PRCNCT,PCJ,PCJ_SV,"2024-06-09 23:45:17",21,20,0,1,0,12,11,0,1,0,11,1,38,26,0,7,3,0,1,0
1,ALBA,"CLĂDIRE ADMINISTRATIVĂ (FOSTA ŞCOALĂ GENERALĂ CU CLASELE I-IV) PLAIURI",339,PIANU,6217,1,PROV,PRCNCT,PCJ,PCJ_SV,"2024-06-09 23:52:59",36,27,0,9,0,22,13,0,9,0,22,0,30,8,3,15,2,0,2,0
1,ALBA,"CLĂDIRE ADMINISTRATIVĂ (FOSTĂ ŞCOALA GENERALĂ DOBRA)",415,ŞUGAG,8014,1,PROV,PRCNCT,PCJ,PCJ_SV,"2024-06-10 02:25:57",435,428,0,6,1,271,264,0,6,1,268,3,474,203,52,131,40,4,39,2
1,ALBA,"CLĂDIRE ADMINISTRATIVĂ (FOSTĂ ŞCOALA GENERALĂ POIANA GALDEI)",259,"GALDA DE JOS",4366,1,PROV,PRCNCT,PCJ,PCJ_SV,"2024-06-10 01:37:46",121,111,0,10,0,100,90,0,10,0,95,5,150,50,22,55,10,1,6,1
1,ALBA,"CLĂDIRE ADMINISTRATIVĂ SĂRĂCSĂU (FOSTA ŞCOALĂ GENERALĂ)",404,ŞIBOT,7810,2,PROV,PRCNCT,PCJ,PCJ_SV,"2024-06-10 03:50:56",148,139,0,5,4,71,62,0,5,4,68,3,157,86,21,24,18,2,2,1
1,ALBA,"CLĂDIRE ANEXĂ PRIMĂRIA LOPADEA NOUĂ",298,"LOPADEA NOUĂ",5210,1,PROV,PRCNCT,PCJ,PCJ_SV,"2024-06-10 02:13:42",416,400,5,2,9,261,247,3,2,9,255,6,457,196,47,189,15,2,2,0
1,ALBA,"CLĂDIRE ANEXĂ PRIMĂRIA LOPADEA NOUĂ",301,"LOPADEA NOUĂ",5210,1,PROV,PRCNCT,PCJ,PCJ_SV,"2024-06-10 00:35:49",52,44,0,8,0,35,27,0,8,0,34,1,50,15,6,23,2,1,2,0
1,ALBA,"CLĂDIRE ANEXĂ PRIMĂRIA LOPADEA NOUĂ",300,"LOPADEA NOUĂ",5210,1,PROV,PRCNCT,PCJ,PCJ_SV,"2024-06-10 05:33:03",536,517,0,6,13,419,400,0,6,13,405,14,579,160,26,352,15,5,6,1
1,ALBA,"CLĂDIRE CĂMIN CULTURAL BERGHIN",200,BERGHIN,2988,1,PROV,PRCNCT,PCJ,PCJ_SV,"2024-06-10 04:24:35",680,666,2,4,8,312,300,0,4,8,297,15,700,388,28,129,119,12,6,3
1,ALBA,"CLĂDIRE CĂMIN CULTURAL GHIRBOM",201,BERGHIN,2988,1,PROV,PRCNCT,PCJ,PCJ_SV,"2024-06-10 02:26:10",389,385,1,3,0,253,250,0,3,0,244,9,400,147,22,181,28,4,7,2
1,ALBA,"CLĂDIRE CĂMIN CULTURAL HENIG",202,BERGHIN,2988,1,PROV,PRCNCT,PCJ,PCJ_SV,"2024-06-10 01:05:13",213,204,0,5,4,140,131,0,5,4,137,3,300,160,26,69,32,5,4,1
1,ALBA,"CLĂDIRE CĂMIN CULTURAL LUPU",223,CERGĂU,3805,2,PROV,PRCNCT,PCJ,PCJ_SV,"2024-06-10 02:46:11",207,190,1,7,9,154,138,0,7,9,150,4,230,76,26,84,4,3,32,1
1,ALBA,"CLĂDIRE CĂMIN CULTURAL STRAJA",203,BERGHIN,2988,1,PROV,PRCNCT,PCJ,PCJ_SV,"2024-06-10 02:47:45",270,268,0,2,0,154,152,0,2,0,145,9,300,146,21,90,21,9,4,0
1,ALBA,"COLEGIUL ECONOMIC „DIONISIE POP MARŢIAN”",7,"MUNICIPIUL ALBA IULIA",1017,2,PROV,PRCNCT,PCJ,PCJ_SV,"2024-06-10 13:38:08",1540,1512,18,6,4,830,820,0,6,4,811,19,1700,870,186,418,84,18,77,28
1,ALBA,"COLEGIUL NAŢIONAL ”AVRAM IANCU” CÂMPENI",128,"ORAŞ CÂMPENI",1455,1,PROV,PRCNCT,PCJ,PCJ_SV,"2024-06-10 02:52:15",875,858,0,10,7,521,504,0,10,7,507,14,945,424,158,199,98,27,23,2
1,ALBA,"COLEGIUL NAŢIONAL ”AVRAM IANCU” CÂMPENI",127,"ORAŞ CÂMPENI",1455,1,PROV,PRCNCT,PCJ,PCJ_SV,"2024-06-10 07:15:41",827,819,0,7,1,480,472,0,7,1,462,18,902,422,113,195,93,35,22,4
1,ALBA,"COLEGIUL NAŢIONAL ”DAVID PRODAN” CUGIR",138,"ORAŞ CUGIR",1696,2,PROV,PRCNCT,PCJ,PCJ_SV,"2024-06-10 07:55:44",1014,1002,2,10,0,418,407,1,10,0,403,15,1100,682,134,152,44,27,45,1
1,ALBA,"COLEGIUL NAŢIONAL ”DAVID PRODAN” CUGIR",139,"ORAŞ CUGIR",1696,1,PROV,PRCNCT,PCJ,PCJ_SV,"2024-06-10 10:26:43",996,987,3,5,1,406,400,0,5,1,395,11,1100,694,145,145,36,5,62,2
1,ALBA,"COLEGIUL NAŢIONAL „HOREA CLOŞCA ŞI CRIŞAN”",11,"MUNICIPIUL ALBA IULIA",1017,1,PROV,PRCNCT,PCJ,PCJ_SV,"2024-06-10 02:37:10",910,896,6,8,0,320,312,0,8,0,305,15,1000,680,57,130,75,10,30,3
1,ALBA,"COLEGIUL NAŢIONAL „HOREA CLOŞCA ŞI CRIŞAN”",9,"MUNICIPIUL ALBA IULIA",1017,2,PROV,PRCNCT,PCJ,PCJ_SV,"2024-06-10 10:00:10",1848,1818,18,12,0,942,930,0,12,0,924,18,2000,1058,170,496,108,22,106,22
1,ALBA,"COLEGIUL NAŢIONAL „HOREA CLOŞCA ŞI CRIŞAN”",8,"MUNICIPIUL ALBA IULIA",1017,2,PROV,PRCNCT,PCJ,PCJ_SV,"2024-06-12 12:29:03",967,923,8,33,3,470,434,0,33,3,457,13,1000,530,118,237,53,7,38,4
1,ALBA,"COLEGIUL NAŢIONAL „HOREA CLOŞCA ŞI CRIŞAN”",10,"MUNICIPIUL ALBA IULIA",1017,1,PROV,PRCNCT,PCJ,PCJ_SV,"2024-06-10 06:44:35",1339,1312,4,23,0,541,518,0,23,0,530,11,1500,959,138,250,75,18,34,15
1,ALBA,"COLEGIUL NAŢIONAL ”INOCHENTIE MICU CLAIN’’",86,"MUNICIPIUL BLAJ",1348,1,PROV,PRCNCT,PCJ,PCJ_SV,"2024-06-10 06:00:38",1330,1319,2,6,3,702,692,1,6,3,686,16,1500,798,103,444,32,22,81,4
1,ALBA,"COLEGIUL NAŢIONAL ”LUCIAN BLAGA” SEBEŞ",103,"MUNICIPIUL SEBEŞ",1874,2,PROV,PRCNCT,PCJ,PCJ_SV,"2024-06-10 08:26:56",1602,1585,12,5,0,832,827,0,5,0,812,20,1748,916,116,471,108,25,82,10
1,ALBA,"COLEGIUL NAŢIONAL ”LUCIAN BLAGA” SEBEŞ",102,"MUNICIPIUL SEBEŞ",1874,2,PROV,PRCNCT,PCJ,PCJ_SV,"2024-06-11 19:53:17",1234,1212,1,10,11,661,640,0,10,11,613,48,1348,687,120,327,97,9,54,6
1,ALBA,"COLEGIUL NAŢIONAL ”TITU MAIORESCU” AIUD",63,"MUNICIPIUL AIUD",1213,1,PROV,PRCNCT,PCJ,PCJ_SV,"2024-06-10 11:43:59",1424,1395,1,4,24,682,654,0,4,24,664,18,1539,857,278,288,51,10,25,12
1,ALBA,"COLEGIUL TEHNIC „ALEXANDRU DOMȘA”",38,"MUNICIPIUL ALBA IULIA",1017,2,PROV,PRCNCT,PCJ,PCJ_SV,"2024-06-12 12:42:09",1848,1835,7,6,0,903,897,0,6,0,887,16,2000,1097,184,435,133,28,91,16
1,ALBA,"COLEGIUL TEHNIC „ALEXANDRU DOMȘA”",40,"MUNICIPIUL ALBA IULIA",1017,1,PROV,PRCNCT,PCJ,PCJ_SV,"2024-06-10 09:14:22",1335,1321,3,11,0,522,511,0,11,0,507,15,1500,978,89,206,108,31,66,7
1,ALBA,"COLEGIUL TEHNIC „ALEXANDRU DOMȘA”",39,"MUNICIPIUL ALBA IULIA",1017,1,PROV,PRCNCT,PCJ,PCJ_SV,"2024-06-10 04:01:04",1510,1502,0,8,0,577,569,0,8,0,556,21,1600,1023,119,233,71,25,100,8
1,ALBA,"COLEGIUL TEHNIC „APULUM”",13,"MUNICIPIUL ALBA IULIA",1017,1,PROV,PRCNCT,PCJ,PCJ_SV,"2024-06-10 06:14:32",965,950,0,15,0,372,357,0,15,0,365,7,1004,632,89,185,46,13,30,2
1,ALBA,"COLEGIUL TEHNIC „APULUM”",12,"MUNICIPIUL ALBA IULIA",1017,1,PROV,PRCNCT,PCJ,PCJ_SV,"2024-06-10 04:44:53",1115,1101,1,13,0,401,388,0,13,0,390,11,1300,899,101,144,77,18,43,7
1,ALBA,"COLEGIUL TEHNIC „APULUM”",14,"MUNICIPIUL ALBA IULIA",1017,1,PROV,PRCNCT,PCJ,PCJ_SV,"2024-06-10 07:59:52",1080,1066,4,10,0,397,387,0,10,0,386,11,1200,803,94,152,61,10,56,13
1,ALBA,"COLEGIUL TEHNIC „DORIN PAVEL”",36,"MUNICIPIUL ALBA IULIA",1017,1,PROV,PRCNCT,PCJ,PCJ_SV,"2024-06-10 04:18:42",857,831,4,22,0,364,342,0,22,0,356,8,900,536,75,166,57,16,35,7
1,ALBA,"COLEGIUL TEHNIC „DORIN PAVEL” ȘCOALA GENERALĂ NR. 9",35,"MUNICIPIUL ALBA IULIA",1017,1,PROV,PRCNCT,PCJ,PCJ_SV,"2024-06-10 11:37:46",1474,1445,18,11,0,709,698,0,11,0,683,16,1611,902,172,330,81,16,69,15
1,ALBA,"DIRECŢIA SANITAR-VETERINARĂ ŞI PENTRU SIGURANŢA ALIMENTELOR OCNA MUREŞ",158,"ORAŞ OCNA MUREŞ",1794,1,PROV,PRCNCT,PCJ,PCJ_SV,"2024-06-10 04:18:23",1086,1072,1,8,5,474,461,0,8,5,451,23,1150,676,155,221,48,11,15,1
1,ALBA,"FLORIDA GOLD SRL",42,"MUNICIPIUL ALBA IULIA",1017,4,PROV,PRCNCT,PCJ,PCJ_SV,"2024-06-13 10:03:21",1266,1256,0,10,0,774,764,0,10,0,752,15,1400,626,158,387,79,18,84,26
1,ALBA,"FLORIDA GOLD SRL",41,"MUNICIPIUL ALBA IULIA",1017,1,PROV,PRCNCT,PCJ,PCJ_SV,"2024-06-10 07:41:14",1414,1387,21,6,0,723,716,1,6,0,716,7,1500,777,135,383,88,15,79,16
1,ALBA,"FOSTA ŞCOALĂ CU CLASELE I-IV BRĂDEȘTI",354,RÂMEŢ,6627,1,PROV,PRCNCT,PCJ,PCJ_SV,"2024-06-10 02:10:47",111,84,0,23,4,83,56,0,23,4,82,1,118,35,56,24,0,0,2,0
1,ALBA,"FOSTA ŞCOALĂ CU CLASELE I-IV VALEA INZELULUI",355,RÂMEŢ,6627,1,PROV,PRCNCT,PCJ,PCJ_SV,"2024-06-10 01:34:09",109,69,0,35,5,91,51,0,35,5,90,1,117,26,56,31,1,1,0,1
1,ALBA,"FOSTA ŞCOALĂ CU CLASELE I-IV VALEA MĂNĂSTIRII",356,RÂMEŢ,6627,2,PROV,PRCNCT,PCJ,PCJ_SV,"2024-06-10 05:28:53",149,129,1,8,11,117,97,1,8,11,115,2,145,28,15,96,2,0,1,1
1,ALBA,"FOSTA ŞCOALĂ GENERALĂ GÎMBAŞ",68,"MUNICIPIUL AIUD",1213,2,PROV,PRCNCT,PCJ,PCJ_SV,"2024-06-13 09:56:33",229,216,0,12,1,229,216,0,12,1,218,3,445,216,92,91,18,6,5,6
1,ALBA,"FOSTA ŞCOALĂ GENERALĂ GÎRBOVA DE SUS",73,"MUNICIPIUL AIUD",1213,1,PROV,PRCNCT,PCJ,PCJ_SV,"2024-06-10 01:21:05",203,195,0,8,0,95,87,0,8,0,94,1,220,125,38,28,23,1,2,2
1,ALBA,"FOSTA ŞCOALĂ GENERALĂ GÎRBOVIŢA",74,"MUNICIPIUL AIUD",1213,1,PROV,PRCNCT,PCJ,PCJ_SV,"2024-06-10 00:28:54",104,97,0,7,0,48,41,0,7,0,48,0,107,59,21,18,4,2,2,1
1,ALBA,"FOSTUL SEDIU AL PRIMĂRIEI PONOREL",433,VIDRA,8425,1,PROV,PRCNCT,PCJ,PCJ_SV,"2024-06-10 08:41:36",681,664,0,6,11,518,501,0,6,11,507,11,752,234,267,119,81,8,31,1
1,ALBA,"FOSTUL SEDIU C.A.P.",336,OHABA,6164,1,PROV,PRCNCT,PCJ,PCJ_SV,"2024-06-10 03:04:22",147,123,0,13,11,115,91,0,13,11,109,6,173,58,28,61,15,4,1,0
1,ALBA,"FOSTUL SEDIU CAP",360,"ROŞIA DE SECAŞ",6930,1,PROV,PRCNCT,PCJ,PCJ_SV,"2024-06-10 06:02:30",360,340,0,6,14,235,215,0,6,14,230,5,350,115,84,104,17,6,7,12
1,ALBA,"GARA CFR TEIUŞ",169,"ORAŞ TEIUŞ",8096,1,PROV,PRCNCT,PCJ,PCJ_SV,"2024-06-10 06:32:33",1001,987,2,7,5,550,538,0,7,5,528,22,1088,538,185,212,102,11,14,4
1,ALBA,"GRĂDINIȚA COPII RIMETEA",357,RIMETEA,6592,1,PROV,PRCNCT,PCJ,PCJ_SV,"2024-06-10 04:31:41",446,425,1,9,11,272,252,0,9,11,232,40,500,228,42,165,5,5,13,2
1,ALBA,"GRĂDINIŢA CU PROGRAM NORMAL BĂRĂBANŢ",46,"MUNICIPIUL ALBA IULIA",1017,1,PROV,PRCNCT,PCJ,PCJ_SV,"2024-06-10 04:05:50",1269,1261,3,5,0,619,614,0,5,0,593,26,1400,781,140,254,108,27,48,16
1,ALBA,"GRĂDINIŢA CU PROGRAM NORMAL BĂRĂBANŢ",45,"MUNICIPIUL ALBA IULIA",1017,1,PROV,PRCNCT,PCJ,PCJ_SV,"2024-06-10 06:51:12",1021,1006,7,3,5,443,435,0,3,5,429,14,1100,657,106,182,78,25,29,9
1,ALBA,"GRĂDINIȚA CU PROGRAM NORMAL CERGĂU MIC",222,CERGĂU,3805,1,PROV,PRCNCT,PCJ,PCJ_SV,"2024-06-10 02:02:36",270,250,0,7,13,187,167,0,7,13,176,11,300,113,12,119,1,6,19,19
1,ALBA,"GRĂDINIȚA CU PROGRAM NORMAL COȘLARIU",384,SÂNTIMBRU,7384,3,PROV,PRCNCT,PCJ,PCJ_SV,"2024-06-10 05:55:01",360,347,0,1,12,224,211,0,1,12,215,9,393,169,32,135,41,5,2,0
1,ALBA,"GRĂDINIŢA CU PROGRAM NORMAL HERIA",249,FĂRĂU,4302,1,PROV,PRCNCT,PCJ,PCJ_SV,"2024-06-10 02:17:55",220,206,0,10,4,157,143,0,10,4,153,4,210,53,20,126,3,1,3,0
1,ALBA,"GRĂDINIŢA CU PROGRAM NORMAL ”IZVOARELE” BLAJ",89,"MUNICIPIUL BLAJ",1348,2,PROV,PRCNCT,PCJ,PCJ_SV,"2024-06-11 20:48:44",1285,1278,0,5,2,626,619,0,5,2,603,23,1400,774,82,377,53,27,58,6
1,ALBA,"GRĂDINIŢA CU PROGRAM NORMAL MĂGINA",69,"MUNICIPIUL AIUD",1213,1,PROV,PRCNCT,PCJ,PCJ_SV,"2024-06-10 03:53:20",473,466,0,6,1,233,226,0,6,1,229,4,512,279,74,116,26,2,7,4
1,ALBA,"GRĂDINIŢA CU PROGRAM NORMAL MICOŞLACA",164,"ORAŞ OCNA MUREŞ",1794,1,PROV,PRCNCT,PCJ,PCJ_SV,"2024-06-10 02:25:34",250,237,0,11,2,120,107,0,11,2,118,2,300,180,34,67,11,2,3,1
1,ALBA,"GRĂDINIŢA CU PROGRAM NORMAL - MIRĂSLĂU",319,MIRĂSLĂU,5755,1,PROV,PRCNCT,PCJ,PCJ_SV,"2024-06-10 05:00:36",713,696,0,8,9,416,399,0,8,9,397,19,766,350,146,178,28,11,32,2
1,ALBA,"GRĂDINIŢA CU PROGRAM NORMAL NR. 10",34,"MUNICIPIUL ALBA IULIA",1017,4,PROV,PRCNCT,PCJ,PCJ_SV,"2024-06-13 10:20:17",1474,1461,7,6,0,577,571,0,6,0,547,16,1583,1006,136,235,96,24,44,12
1,ALBA,"GRĂDINIȚA CU PROGRAM NORMAL NR. 10",33,"MUNICIPIUL ALBA IULIA",1017,2,PROV,PRCNCT,PCJ,PCJ_SV,"2024-06-10 10:28:48",1677,1667,1,9,0,698,689,0,9,0,659,39,1900,1202,161,261,125,40,54,18
1,ALBA,"GRĂDINIŢA CU PROGRAM NORMAL NR. 3",160,"ORAŞ OCNA MUREŞ",1794,1,PROV,PRCNCT,PCJ,PCJ_SV,"2024-06-10 12:16:28",1404,1391,2,7,4,704,693,0,7,4,689,15,1500,796,170,389,72,21,22,15
1,ALBA,"GRĂDINIŢA CU PROGRAM NORMAL NR. 5",155,"ORAŞ OCNA MUREŞ",1794,1,PROV,PRCNCT,PCJ,PCJ_SV,"2024-06-10 09:09:17",1304,1297,0,6,1,603,596,0,6,1,582,21,1400,797,145,300,82,22,29,4
1,ALBA,"GRĂDINIŢA CU PROGRAM NORMAL NR. 5 PARTOŞ",43,"MUNICIPIUL ALBA IULIA",1017,1,PROV,PRCNCT,PCJ,PCJ_SV,"2024-06-10 03:31:27",831,824,1,5,1,406,400,0,5,1,393,13,1007,601,78,196,65,10,35,9
1,ALBA,"GRĂDINIŢA CU PROGRAM NORMAL OARDA DE SUS",50,"MUNICIPIUL ALBA IULIA",1017,1,PROV,PRCNCT,PCJ,PCJ_SV,"2024-06-10 05:14:23",740,728,5,7,0,348,341,0,7,0,334,14,900,552,69,162,67,10,22,4
1,ALBA,"GRĂDINIȚA CU PROGRAM NORMAL ”PRICHINDELUL”",248,FĂRĂU,4302,1,PROV,PRCNCT,PCJ,PCJ_SV,"2024-06-10 02:21:13",477,451,0,10,16,312,286,0,10,16,307,5,470,158,14,281,8,2,2,0
1,ALBA,"GRĂDINIŢA CU PROGRAM PRELUNGIT ”LUMEA COPIILOR” BLAJ",77,"MUNICIPIUL BLAJ",1348,2,PROV,PRCNCT,PCJ,PCJ_SV,"2024-06-11 20:30:20",571,561,1,9,0,297,288,0,9,0,285,12,600,303,35,186,13,11,38,2
1,ALBA,"GRĂDINIŢA CU PROGRAM PRELUNGIT NR. 11",19,"MUNICIPIUL ALBA IULIA",1017,1,PROV,PRCNCT,PCJ,PCJ_SV,"2024-06-10 03:29:59",1100,1086,2,12,0,399,386,1,12,0,388,11,1300,901,94,182,66,9,32,5
1,ALBA,"GRĂDINIŢA CU PROGRAM PRELUNGIT NR. 13",24,"MUNICIPIUL ALBA IULIA",1017,1,PROV,PRCNCT,PCJ,PCJ_SV,"2024-06-10 05:55:39",1027,1016,0,11,0,445,434,0,11,0,427,18,1223,778,113,210,53,12,34,5
1,ALBA,"GRĂDINIŢA CU PROGRAM PRELUNGIT NR. 13",25,"MUNICIPIUL ALBA IULIA",1017,1,PROV,PRCNCT,PCJ,PCJ_SV,"2024-06-10 05:23:30",1167,1158,0,9,0,571,562,0,9,0,557,14,1300,729,158,228,98,13,56,4
1,ALBA,"GRĂDINIŢA CU PROGRAM PRELUNGIT NR. 16",37,"MUNICIPIUL ALBA IULIA",1017,1,PROV,PRCNCT,PCJ,PCJ_SV,"2024-06-10 08:43:02",1570,1564,1,5,0,638,632,1,5,0,628,10,1700,1062,123,304,95,29,66,11
1,ALBA,"GRĂDINIŢA CU PROGRAM PRELUNGIT NR. 9",15,"MUNICIPIUL ALBA IULIA",1017,1,PROV,PRCNCT,PCJ,PCJ_SV,"2024-06-10 02:36:40",1263,1250,3,10,0,473,463,0,10,0,448,25,1400,927,75,199,93,34,38,9
1,ALBA,"GRĂDINIŢA CU PROGRAM PRELUNGIT ”PITICOT” CUGIR",146,"ORAŞ CUGIR",1696,1,PROV,PRCNCT,PCJ,PCJ_SV,"2024-06-10 03:55:02",1133,1127,1,5,0,506,501,0,5,0,497,9,1300,794,137,229,39,20,67,5
1,ALBA,"GRĂDINIŢA CU PROGRAM PRELUNGIT ”PRIMII PAŞI” AIUD",57,"MUNICIPIUL AIUD",1213,2,PROV,PRCNCT,PCJ,PCJ_SV,"2024-06-10 15:18:07",1060,1050,4,6,0,540,534,0,6,0,498,41,1150,609,227,188,42,7,26,8
1,ALBA,"GRĂDINIŢA CU PROGRAM PRELUNGIT ”PRIMII PAŞI” AIUD",56,"MUNICIPIUL AIUD",1213,1,PROV,PRCNCT,PCJ,PCJ_SV,"2024-06-10 05:34:54",407,398,0,6,3,398,389,0,6,3,398,0,968,570,146,175,48,1,21,7
1,ALBA,"GRĂDINIŢA CU PROGRAM PRELUNGIT STEP BY STEP NR. 12",21,"MUNICIPIUL ALBA IULIA",1017,1,PROV,PRCNCT,PCJ,PCJ_SV,"2024-06-10 06:23:08",1012,1005,4,3,0,444,440,1,3,0,436,8,1200,756,120,208,47,17,34,10
1,ALBA,"GRĂDINIŢA CU PROGRAM PRELUNGIT STEP BY STEP NR. 12",20,"MUNICIPIUL ALBA IULIA",1017,2,PROV,PRCNCT,PCJ,PCJ_SV,"2024-06-10 07:50:04",997,984,3,10,0,451,440,1,10,0,435,15,1100,650,116,198,65,11,39,6
1,ALBA,"GRADINIŢA DE COPII CU PROGRAM NORMAL ICLOD",380,SÂNCEL,7348,1,PROV,PRCNCT,PCJ,PCJ_SV,"2024-06-10 01:01:42",310,297,0,7,6,137,124,0,7,6,135,2,327,190,62,54,14,3,2,0
1,ALBA,"GRUP ȘCOLAR DE TURISM ARIEȘENI",195,ARIEŞENI,2381,2,PROV,PRCNCT,PCJ,PCJ_SV,"2024-06-10 11:10:52",519,458,2,27,32,466,406,1,27,32,457,9,600,134,159,250,37,3,8,0
1,ALBA,"GRUP ȘCOLAR DE TURISM ARIEȘENI",194,ARIEŞENI,2381,2,PROV,PRCNCT,PCJ,PCJ_SV,"2024-06-10 10:06:00",584,541,0,21,22,477,434,0,21,22,472,5,600,123,132,275,56,0,8,1
1,ALBA,"INTERNAT ŞCOLAR - OCOLIŞ",330,OCOLIŞ,6119,1,PROV,PRCNCT,PCJ,PCJ_SV,"2024-06-10 04:47:36",251,228,1,15,7,197,175,0,15,7,194,3,250,53,13,161,12,2,6,0
1,ALBA,"LICEUL ”CORNELIU MEDREA” ZLATNA",175,"ORAŞ ZLATNA",1936,3,PROV,PRCNCT,PCJ,PCJ_SV,"2024-06-11 14:37:00",1291,1277,3,9,2,641,630,0,9,2,625,16,1440,799,182,335,56,23,28,1
1,ALBA,"LICEUL CU PROGRAM SPORTIV",28,"MUNICIPIUL ALBA IULIA",1017,1,PROV,PRCNCT,PCJ,PCJ_SV,"2024-06-10 06:30:25",1398,1382,5,11,0,636,625,0,11,0,614,22,1600,964,148,305,78,10,68,5
1,ALBA,"LICEUL CU PROGRAM SPORTIV",26,"MUNICIPIUL ALBA IULIA",1017,1,PROV,PRCNCT,PCJ,PCJ_SV,"2024-06-10 05:40:59",1316,1301,2,13,0,584,571,0,13,0,568,16,1400,816,140,260,92,12,52,12
1,ALBA,"LICEUL CU PROGRAM SPORTIV",27,"MUNICIPIUL ALBA IULIA",1017,3,PROV,PRCNCT,PCJ,PCJ_SV,"2024-06-13 10:17:03",1301,1293,0,8,0,601,593,0,8,0,578,15,1396,795,139,252,95,17,55,20
1,ALBA,"LICEUL CU PROGRAM SPORTIV",29,"MUNICIPIUL ALBA IULIA",1017,1,PROV,PRCNCT,PCJ,PCJ_SV,"2024-06-10 04:29:35",968,954,1,13,0,398,385,0,13,0,386,12,1100,702,82,193,61,8,34,8
1,ALBA,"LICEUL CU PROGRAM SPORTIV SEBEŞ",98,"MUNICIPIUL SEBEŞ",1874,1,PROV,PRCNCT,PCJ,PCJ_SV,"2024-06-10 04:21:35",1393,1386,2,3,2,644,639,0,3,2,624,20,1560,916,127,332,93,16,48,8
1,ALBA,"LICEUL CU PROGRAM SPORTIV SEBEŞ",100,"MUNICIPIUL SEBEŞ",1874,1,PROV,PRCNCT,PCJ,PCJ_SV,"2024-06-10 07:11:53",1278,1261,10,7,0,586,579,0,7,0,574,12,1408,822,141,278,88,19,41,7
1,ALBA,"LICEUL CU PROGRAM SPORTIV SEBEŞ",99,"MUNICIPIUL SEBEŞ",1874,2,PROV,PRCNCT,PCJ,PCJ_SV,"2024-06-10 05:31:24",1442,1410,8,16,8,697,672,1,16,8,680,17,1568,871,121,387,110,18,33,11
1,ALBA,"LICEUL ”DR. LAZĂR CHIRILĂ”",119,"ORAŞ BAIA DE ARIEŞ",2915,1,PROV,PRCNCT,PCJ,PCJ_SV,"2024-06-10 04:25:45",590,575,0,7,8,342,327,0,7,8,333,9,630,288,55,129,128,5,10,6
1,ALBA,"LICEUL ”HOREA, CLOŞCA ŞI CRIŞAN” ABRUD",116,"ORAŞ ABRUD",1151,1,PROV,PRCNCT,PCJ,PCJ_SV,"2024-06-10 12:55:21",1023,986,1,32,4,578,542,0,32,4,564,14,1100,522,224,235,66,19,14,6
1,ALBA,"LICEUL TEHNOLOGIC AGRICOL ”ALEXANDRU BORZA” CIUMBRUD",71,"MUNICIPIUL AIUD",1213,1,PROV,PRCNCT,PCJ,PCJ_SV,"2024-06-10 03:22:22",1055,1049,0,3,3,545,539,0,3,3,524,21,1172,627,226,226,48,12,6,6
1,ALBA,"LICEUL TEHNOLOGIC AIUD",65,"MUNICIPIUL AIUD",1213,2,PROV,PRCNCT,PCJ,PCJ_SV,"2024-06-13 10:01:08",637,628,0,7,2,292,283,0,7,2,281,3,700,408,100,136,16,5,21,3
1,ALBA,"LICEUL TEHNOLOGIC AIUD",64,"MUNICIPIUL AIUD",1213,1,PROV,PRCNCT,PCJ,PCJ_SV,"2024-06-10 03:48:36",720,712,0,7,1,322,314,0,7,1,315,7,788,466,118,139,21,10,21,6
1,ALBA,"LICEUL TEHNOLOGIC „ION D.LĂZĂRESCU” CUGIR",144,"ORAŞ CUGIR",1696,1,PROV,PRCNCT,PCJ,PCJ_SV,"2024-06-10 02:03:59",979,970,2,5,2,369,361,1,5,2,356,13,1100,731,117,119,52,13,54,1
1,ALBA,"LICEUL TEHNOLOGIC SEBEŞ",97,"MUNICIPIUL SEBEŞ",1874,1,PROV,PRCNCT,PCJ,PCJ_SV,"2024-06-10 06:59:54",1035,1021,2,12,0,470,458,0,12,0,459,11,1140,670,82,231,96,23,23,4
1,ALBA,"LICEUL TEHNOLOGIC SEBEŞ",96,"MUNICIPIUL SEBEŞ",1874,2,PROV,PRCNCT,PCJ,PCJ_SV,"2024-06-10 07:55:22",1072,1058,5,8,1,547,538,0,8,1,526,21,1164,617,124,204,122,21,52,3
1,ALBA,"LICEUL TEHNOLOGIC SEBEŞ",94,"MUNICIPIUL SEBEŞ",1874,2,PROV,PRCNCT,PCJ,PCJ_SV,"2024-06-11 20:25:48",1495,1477,1,14,3,692,675,0,14,3,658,34,1636,944,25,508,109,8,4,4
1,ALBA,"LICEUL TEHNOLOGIC SEBEŞ",95,"MUNICIPIUL SEBEŞ",1874,1,PROV,PRCNCT,PCJ,PCJ_SV,"2024-06-10 09:14:30",1626,1606,7,10,3,818,805,0,10,3,807,11,1780,962,146,453,134,15,51,8
1,ALBA,"LICEUL TEHNOLOGIC ”ŞTEFAN MANCIULEA” BLAJ",82,"MUNICIPIUL BLAJ",1348,1,PROV,PRCNCT,PCJ,PCJ_SV,"2024-06-10 04:37:41",637,611,7,6,13,306,287,0,6,13,294,12,700,394,47,178,18,14,36,1
1,ALBA,"LICEUL TEHNOLOGIC ”TIMOTEI CIPARIU”",85,"MUNICIPIUL BLAJ",1348,1,PROV,PRCNCT,PCJ,PCJ_SV,"2024-06-10 06:39:35",1390,1383,2,1,4,783,777,1,1,4,764,19,1500,717,88,492,68,5,104,7
1,ALBA,"LICEUL TEORETIC ”PETRU MAIOR”",159,"ORAŞ OCNA MUREŞ",1794,1,PROV,PRCNCT,PCJ,PCJ_SV,"2024-06-10 04:34:50",1280,1264,0,8,8,581,565,0,8,8,549,32,1400,819,162,267,78,27,14,1
1,ALBA,"LICEUL TEORETIC TEIUŞ",168,"ORAŞ TEIUŞ",8096,3,PROV,PRCNCT,PCJ,PCJ_SV,"2024-06-10 10:03:14",1395,1380,2,6,7,807,794,0,6,7,782,25,1528,721,284,292,151,20,31,4
1,ALBA,"LOCUINȚE SOCIALE - CĂRPINIȘ",364,"ROŞIA MONTANĂ",6761,2,PROV,PRCNCT,PCJ,PCJ_SV,"2024-06-10 12:31:21",630,626,1,0,3,440,437,0,0,3,421,19,730,290,105,146,140,13,14,3
1,ALBA,"PIAŢA AGROALIMENTARĂ",76,"MUNICIPIUL BLAJ",1348,1,PROV,PRCNCT,PCJ,PCJ_SV,"2024-06-10 03:52:48",951,951,0,0,0,459,459,0,0,0,450,9,1146,687,57,302,37,16,34,4
1,ALBA,"PRIMĂRIA CENADE",220,CENADE,3761,3,PROV,PRCNCT,PCJ,PCJ_SV,"2024-06-10 07:04:55",812,769,3,7,33,461,421,0,7,33,441,20,899,438,21,363,20,26,6,5
1,ALBA,"PRIMĂRIA COMUNEI ALMAȘU MARE",189,"ALMAŞU MARE",2309,1,PROV,PRCNCT,PCJ,PCJ_SV,"2024-06-10 06:39:43",325,305,0,12,8,261,241,0,12,8,252,9,335,74,75,82,45,2,47,1
1,ALBA,"PRIMARIA COMUNEI BLANDIANA",209,BLANDIANA,3397,1,PROV,PRCNCT,PCJ,PCJ_SV,"2024-06-10 03:00:37",444,405,1,9,29,324,286,0,9,29,320,4,463,139,127,155,26,3,6,3
1,ALBA,"PRIMĂRIA COMUNEI CÎLNIC",218,CÂLNIC,4106,1,PROV,PRCNCT,PCJ,PCJ_SV,"2024-06-10 09:33:24",1231,1186,2,24,19,788,745,0,24,19,762,26,1225,437,94,608,42,9,5,4
1,ALBA,"PRIMĂRIA COMUNEI CIURULEASA",236,CIURULEASA,4008,5,PROV,PRCNCT,PCJ,PCJ_SV,"2024-06-10 15:44:19",599,555,0,23,21,453,409,0,23,21,430,23,610,157,238,78,91,5,13,5
1,ALBA,"PRIMĂRIA COMUNEI CRĂCIUNELU DE JOS",238,"CRĂCIUNELU DE JOS",4188,1,PROV,PRCNCT,PCJ,PCJ_SV,"2024-06-10 06:24:10",863,836,1,12,14,592,566,0,12,14,564,28,959,367,72,263,56,11,158,4
1,ALBA,"PRIMĂRIA COMUNEI GÂRBOVA",260,GÂRBOVA,4482,1,PROV,PRCNCT,PCJ,PCJ_SV,"2024-06-10 06:46:47",1282,1206,2,22,52,853,781,0,22,50,829,24,1389,536,275,479,47,15,13,0
1,ALBA,"PRIMĂRIA COMUNEI IGHIU",277,IGHIU,4927,1,PROV,PRCNCT,PCJ,PCJ_SV,"2024-06-10 07:45:19",1243,1228,1,11,3,771,757,0,11,3,753,18,1370,599,173,424,71,19,61,5
1,ALBA,"PRIMĂRIA COMUNEI NOȘLAC",327,NOŞLAC,6048,1,PROV,PRCNCT,PCJ,PCJ_SV,"2024-06-10 06:20:11",976,960,1,9,6,544,529,0,9,6,524,20,1040,496,131,304,52,8,27,2
1,ALBA,"PRIMĂRIA COMUNEI POIANA VADULUI",342,"POIANA VADULUI",6271,1,PROV,PRCNCT,PCJ,PCJ_SV,"2024-06-10 07:20:53",870,817,0,30,23,652,599,0,30,23,639,13,900,248,187,264,139,25,22,2
1,ALBA,"PRIMARIA COMUNEI PONOR",343,PONOR,6397,2,PROV,PRCNCT,PCJ,PCJ_SV,"2024-06-11 16:29:24",377,334,0,34,9,286,243,0,34,9,278,8,365,79,28,157,83,9,0,1
1,ALBA,"PRIMĂRIA COMUNEI RÎMEŢ",353,RÂMEŢ,6627,1,PROV,PRCNCT,PCJ,PCJ_SV,"2024-06-10 06:59:48",214,166,1,43,4,180,132,1,43,4,175,5,220,40,57,92,22,3,1,0
1,ALBA,"PRIMARIA COMUNEI ROȘIA MONTANĂ",362,"ROŞIA MONTANĂ",6761,2,PROV,PRCNCT,PCJ,PCJ_SV,"2024-06-10 08:55:14",596,578,0,14,4,430,412,0,14,4,419,11,670,240,97,168,108,6,39,1
1,ALBA,"PRIMĂRIA COMUNEI SÂNTIMBRU",382,SÂNTIMBRU,7384,2,PROV,PRCNCT,PCJ,PCJ_SV,"2024-06-10 09:53:12",742,728,0,3,11,435,421,0,3,11,421,14,792,357,71,263,55,19,3,10
1,ALBA,"PRIMĂRIA COMUNEI ŞUGAG",414,ŞUGAG,8014,3,PROV,PRCNCT,PCJ,PCJ_SV,"2024-06-10 14:00:18",1390,1372,4,9,5,922,908,0,9,5,907,15,1526,604,196,486,93,23,104,5
1,ALBA,"PRIMĂRIA COMUNEI VIDRA",431,VIDRA,8425,2,PROV,PRCNCT,PCJ,PCJ_SV,"2024-06-10 05:26:09",308,295,0,10,3,218,205,0,10,3,214,4,332,114,80,68,42,2,21,1
1,ALBA,"PRIMĂRIA DAIA ROMÂNĂ",244,"DAIA ROMÂNĂ",4240,1,PROV,PRCNCT,PCJ,PCJ_SV,"2024-06-10 04:21:07",1274,1258,0,8,8,798,782,0,8,8,772,26,1396,598,96,562,70,9,32,3
1,ALBA,"PRIMĂRIA DAIA ROMÂNĂ",245,"DAIA ROMÂNĂ",4240,1,PROV,PRCNCT,PCJ,PCJ_SV,"2024-06-10 03:29:58",1301,1282,0,3,16,761,742,0,3,16,734,27,1400,639,83,566,56,7,20,2
1,ALBA,"PRIMĂRIA LOPADEA NOUĂ",296,"LOPADEA NOUĂ",5210,1,PROV,PRCNCT,PCJ,PCJ_SV,"2024-06-10 04:46:25",842,813,1,6,22,658,629,1,6,22,607,51,896,238,393,193,4,7,9,1
1,ALBA,"PRIMĂRIA ORAŞULUI CÂMPENI",124,"ORAŞ CÂMPENI",1455,1,PROV,PRCNCT,PCJ,PCJ_SV,"2024-06-10 05:23:40",1220,1210,1,7,2,732,723,0,7,2,704,28,1332,600,174,325,122,41,35,7
1,ALBA,"PRIMĂRIA ROŞIA DE SECAŞ",359,"ROŞIA DE SECAŞ",6930,2,PROV,PRCNCT,PCJ,PCJ_SV,"2024-06-12 09:42:11",616,568,3,23,22,409,363,1,23,22,408,1,650,241,127,139,105,3,2,32
1,ALBA,"PRIMĂRIA VALEA LUNGĂ",426,"VALEA LUNGĂ",8354,2,PROV,PRCNCT,PCJ,PCJ_SV,"2024-06-10 10:51:36",1629,1570,1,21,37,987,929,0,21,37,966,21,1700,713,117,337,487,13,9,3
1,ALBA,"REFUGIU TURISTIC VALEA BARNII",326,MOGOŞ,5826,3,PROV,PRCNCT,PCJ,PCJ_SV,"2024-06-10 08:00:32",121,106,0,11,4,82,67,0,11,4,78,4,125,43,25,47,5,0,1,0
1,ALBA,"SALA DE FESTIVITĂŢI DIN SÎNCRAI",75,"MUNICIPIUL AIUD",1213,1,PROV,PRCNCT,PCJ,PCJ_SV,"2024-06-10 05:01:02",556,550,0,2,4,291,285,0,2,4,282,9,609,318,127,107,24,8,10,6
1,ALBA,"SALA DE FESTIVITĂŢI MESENTEA",257,"GALDA DE JOS",4366,3,PROV,PRCNCT,PCJ,PCJ_SV,"2024-06-10 04:23:02",237,221,0,14,2,147,131,0,14,2,143,4,250,103,17,95,17,4,8,2
1,ALBA,"SALA DE ÎNTRUNIRI",242,CRICĂU,4142,3,PROV,PRCNCT,PCJ,PCJ_SV,"2024-06-11 19:24:32",334,305,2,6,21,230,203,0,6,21,230,0,342,112,16,195,15,1,2,1
1,ALBA,"SALA MULTIFUNCȚIONALĂ BIIA",407,ŞONA,7865,2,PROV,PRCNCT,PCJ,PCJ_SV,"2024-06-10 12:14:58",955,907,0,0,48,657,609,0,0,48,641,16,1050,393,75,492,45,14,11,4
1,ALBA,"SALA PAROHIALĂ SIBIŞENI",436,"VINŢU DE JOS",8826,1,PROV,PRCNCT,PCJ,PCJ_SV,"2024-06-10 04:33:39",599,590,0,8,1,312,303,0,8,1,307,5,619,307,76,126,78,10,15,2
1,ALBA,"SC HIDROCONSTRUCȚIA SA SEBEȘ PUNCT DE LUCRU SAT LAZURI",395,SOHODOL,7446,1,PROV,PRCNCT,PCJ,PCJ_SV,"2024-06-10 00:49:38",188,183,0,5,0,121,116,0,5,0,119,2,201,80,23,57,29,6,3,1
1,ALBA,"ȘCOALA CU CLASELE I-IV - CORNA",365,"ROŞIA MONTANĂ",6761,1,PROV,PRCNCT,PCJ,PCJ_SV,"2024-06-10 02:27:29",111,105,0,6,0,83,77,0,6,0,82,1,120,37,21,35,14,7,5,0
1,ALBA,"ȘCOALA CU CLASELE I-IV DEALU GEOAGIULUI",284,ÎNTREGALDE,4981,2,PROV,PRCNCT,PCJ,PCJ_SV,"2024-06-11 12:05:24",90,83,0,4,3,61,54,0,4,3,61,0,86,25,10,44,6,1,0,0
1,ALBA,"ȘCOALA CU CLASELE I-IV GHIONCANI",285,ÎNTREGALDE,4981,1,PROV,PRCNCT,PCJ,PCJ_SV,"2024-06-10 01:46:42",53,48,0,4,1,40,35,0,4,1,40,0,50,10,7,28,3,1,0,1
1,ALBA,"ŞCOALA CU CLASELE I-IV - GURA ROȘIEI",363,"ROŞIA MONTANĂ",6761,3,PROV,PRCNCT,PCJ,PCJ_SV,"2024-06-10 11:24:23",605,597,0,4,4,479,471,0,4,4,449,30,690,211,59,128,226,8,26,2
1,ALBA,"ȘCOALA CU CLASELE I-IV - LUNCA",346,POŞAGA,6468,1,PROV,PRCNCT,PCJ,PCJ_SV,"2024-06-10 02:56:07",124,93,0,27,4,100,69,0,27,4,98,2,110,10,31,41,11,5,10,0
1,ALBA,"ȘCOALA CU CLASELE I-IV - ORĂȘTI",347,POŞAGA,6468,7,PROV,PRCNCT,PCJ,PCJ_SV,"2024-06-12 09:42:22",98,83,0,12,3,84,69,0,12,3,81,3,97,13,29,38,9,0,5,0
1,ALBA,"ŞCOALA CU CLASELE I-IV RĂCĂTĂU",211,BLANDIANA,3397,2,PROV,PRCNCT,PCJ,PCJ_SV,"2024-06-10 09:55:20",33,26,0,5,2,31,24,0,5,2,29,2,37,6,4,24,0,0,1,0
1,ALBA,"ŞCOALA CU CLASELE I-IV, SAT BUTEŞTI",325,MOGOŞ,5826,1,PROV,PRCNCT,PCJ,PCJ_SV,"2024-06-10 00:10:39",46,40,0,5,1,34,28,0,5,1,34,0,45,11,11,12,9,1,1,0
1,ALBA,"ŞCOALA CU CLASELE I-IV - VÎRTOP",366,"ROŞIA MONTANĂ",6761,1,PROV,PRCNCT,PCJ,PCJ_SV,"2024-06-10 02:34:36",179,169,0,10,0,142,132,0,10,0,141,1,190,48,45,57,29,5,3,2
1,ALBA,"ŞCOALA GENERALĂ CISTEIU DE MUREŞ",163,"ORAŞ OCNA MUREŞ",1794,1,PROV,PRCNCT,PCJ,PCJ_SV,"2024-06-10 03:27:55",553,547,0,6,0,224,218,0,6,0,217,7,600,376,57,94,52,5,9,0
1,ALBA,"SCOALA GENERALA CRĂCIUNELU DE SUS",227,"CETATEA DE BALTĂ",3958,2,PROV,PRCNCT,PCJ,PCJ_SV,"2024-06-10 05:54:58",58,45,0,9,4,46,33,0,9,4,46,0,54,8,3,40,2,0,0,1
1,ALBA,"ŞCOALA GENERALĂ CU CLASELE I-VIII",117,"ORAŞ BAIA DE ARIEŞ",2915,1,PROV,PRCNCT,PCJ,PCJ_SV,"2024-06-10 07:47:57",903,850,1,24,28,532,480,0,24,28,509,23,970,438,85,151,238,11,14,10
1,ALBA,"ŞCOALA GENERALĂ CU CLASELE I-VIII",118,"ORAŞ BAIA DE ARIEŞ",2915,2,PROV,PRCNCT,PCJ,PCJ_SV,"2024-06-10 08:40:53",786,776,0,5,5,376,366,0,5,5,365,11,853,477,53,80,199,6,16,11
1,ALBA,"ŞCOALA GENERALĂ CUNŢA",411,ŞPRING,7945,2,PROV,PRCNCT,PCJ,PCJ_SV,"2024-06-10 06:15:13",481,467,1,5,8,322,309,0,5,8,312,10,510,188,86,172,19,6,28,1
1,ALBA,"SCOALA GENERALA SÎNTĂMĂRIE",228,"CETATEA DE BALTĂ",3958,1,PROV,PRCNCT,PCJ,PCJ_SV,"2024-06-10 02:34:55",240,227,0,7,6,129,116,0,7,6,116,13,260,131,9,79,16,6,5,1
1,ALBA,"ŞCOALA GIMNAZIALĂ AMPOIŢA",310,METEŞ,5577,2,PROV,PRCNCT,PCJ,PCJ_SV,"2024-06-10 05:24:28",608,589,1,9,9,396,377,1,9,9,392,4,680,284,36,307,33,5,8,3
1,ALBA,"ŞCOALA GIMNAZIALĂ ”ARON COTRUŞ” CERGĂU MARE",221,CERGĂU,3805,1,PROV,PRCNCT,PCJ,PCJ_SV,"2024-06-10 05:09:39",787,759,2,2,24,589,563,0,2,24,562,27,870,281,90,355,16,19,76,6
1,ALBA,"ŞCOALA GIMNAZIALĂ ”AUGUSTIN BENA” PIANU DE JOS",338,PIANU,6217,1,PROV,PRCNCT,PCJ,PCJ_SV,"2024-06-10 05:01:46",1127,1089,3,5,30,649,614,0,5,30,635,14,1227,578,105,353,121,19,31,6
1,ALBA,"ŞCOALA GIMNAZIALĂ „AVRAM IANCU”",4,"MUNICIPIUL ALBA IULIA",1017,3,PROV,PRCNCT,PCJ,PCJ_SV,"2024-06-13 10:06:09",1247,1240,0,6,1,636,629,0,6,1,611,24,1398,762,150,314,70,15,50,12
1,ALBA,"ŞCOALA GIMNAZIALĂ „AVRAM IANCU”",5,"MUNICIPIUL ALBA IULIA",1017,1,PROV,PRCNCT,PCJ,PCJ_SV,"2024-06-10 06:18:35",959,945,5,9,0,469,460,0,9,0,448,21,1100,631,97,211,68,17,47,8
1,ALBA,"ŞCOALA GIMNAZIALĂ ”AVRAM IANCU” ABRUD",113,"ORAŞ ABRUD",1151,2,PROV,PRCNCT,PCJ,PCJ_SV,"2024-06-10 08:30:20",1112,1080,0,26,6,710,678,0,26,6,695,15,1225,515,314,242,102,20,13,4
1,ALBA,"ŞCOALA GIMNAZIALĂ ”AVRAM IANCU” GRADINIȚA CU PROGRAM NORMAL NR. 1 ABRUD",114,"ORAŞ ABRUD",1151,1,PROV,PRCNCT,PCJ,PCJ_SV,"2024-06-10 08:39:54",1073,1037,1,22,13,671,636,0,22,13,651,20,1225,554,299,233,87,12,17,3
1,ALBA,"ȘCOALA GIMNAZIALĂ ”AVRAM IANCU” GRĂDINIŢA CU PROGRAM PRELUNGIT NR.1 ABRUD",115,"ORAŞ ABRUD",1151,1,PROV,PRCNCT,PCJ,PCJ_SV,"2024-06-10 03:48:08",1260,1236,0,21,3,644,620,0,21,3,631,13,1450,806,295,203,81,25,23,4
1,ALBA,"ŞCOALA GIMNAZIALĂ ”AVRAM IANCU” UNIREA",418,UNIREA,8158,2,PROV,PRCNCT,PCJ,PCJ_SV,"2024-06-10 14:23:59",777,746,0,12,19,377,357,0,3,17,361,16,875,498,66,185,57,10,38,5
1,ALBA,"ŞCOALA GIMNAZIALĂ ”AVRAM IANCU” UNIREA",417,UNIREA,8158,1,PROV,PRCNCT,PCJ,PCJ_SV,"2024-06-10 05:01:15",897,855,1,6,35,394,353,0,6,35,363,31,1005,611,59,228,42,10,24,0
1,ALBA,"ŞCOALA GIMNAZIALĂ „ AVRAM IANCU” ZLATNA",173,"ORAŞ ZLATNA",1936,2,PROV,PRCNCT,PCJ,PCJ_SV,"2024-06-11 14:27:49",1171,1154,1,11,5,618,602,0,11,5,603,15,1279,661,157,324,73,19,27,3
1,ALBA,"ŞCOALA GIMNAZIALĂ „ AVRAM IANCU” ZLATNA",174,"ORAŞ ZLATNA",1936,3,PROV,PRCNCT,PCJ,PCJ_SV,"2024-06-11 14:32:35",968,957,0,5,6,539,528,0,5,6,531,8,1062,523,135,302,42,10,40,2
1,ALBA,"ŞCOALA GIMNAZIALĂ ”AXENTE SEVER” AIUD",60,"MUNICIPIUL AIUD",1213,1,PROV,PRCNCT,PCJ,PCJ_SV,"2024-06-10 05:27:59",1110,1106,0,3,1,504,500,0,3,1,490,14,1220,716,245,146,46,13,33,7
1,ALBA,"ŞCOALA GIMNAZIALĂ ”AXENTE SEVER” AIUD",61,"MUNICIPIUL AIUD",1213,1,PROV,PRCNCT,PCJ,PCJ_SV,"2024-06-10 09:51:01",1087,1073,0,10,4,495,481,0,10,4,482,13,1200,705,227,168,47,13,22,5
1,ALBA,"ŞCOALA GIMNAZIALĂ ”AXENTE SEVER” AIUD",59,"MUNICIPIUL AIUD",1213,2,PROV,PRCNCT,PCJ,PCJ_SV,"2024-06-11 20:53:35",1121,1106,1,13,1,492,478,0,13,1,483,9,1220,728,195,186,56,13,24,9
1,ALBA,"ȘCOALA GIMNAZIALĂ ”AXENTE SEVER” AIUD",58,"MUNICIPIUL AIUD",1213,1,PROV,PRCNCT,PCJ,PCJ_SV,"2024-06-10 08:15:11",1193,1182,1,9,1,549,539,0,9,1,520,29,1300,751,238,171,61,13,31,6
1,ALBA,"ȘCOALA GIMNAZIALĂ „AXENTE SEVER” AIUD",62,"MUNICIPIUL AIUD",1213,1,PROV,PRCNCT,PCJ,PCJ_SV,"2024-06-10 06:16:03",1195,1191,1,3,0,568,565,0,3,0,550,17,1300,733,277,192,38,13,24,6
1,ALBA,"ŞCOALA GIMNAZIALĂ ”AXENTE SEVER” MĂNĂRADE",92,"MUNICIPIUL BLAJ",1348,1,PROV,PRCNCT,PCJ,PCJ_SV,"2024-06-10 03:46:27",905,887,3,7,8,429,413,1,7,8,417,12,900,471,40,305,32,14,23,3
1,ALBA,"ŞCOALA GIMNAZIALĂ BENIC",254,"GALDA DE JOS",4366,1,PROV,PRCNCT,PCJ,PCJ_SV,"2024-06-10 04:45:00",443,407,2,14,20,329,295,0,14,20,322,7,500,171,51,145,59,8,55,4
1,ALBA,"ŞCOALA GIMNAZIALĂ CÂMPENI",125,"ORAŞ CÂMPENI",1455,1,PROV,PRCNCT,PCJ,PCJ_SV,"2024-06-10 04:15:13",820,806,0,13,1,509,495,0,13,1,494,15,888,379,103,229,94,34,28,6
1,ALBA,"ȘCOALA GIMNAZIALĂ CÂMPENI",126,"ORAŞ CÂMPENI",1455,1,PROV,PRCNCT,PCJ,PCJ_SV,"2024-06-10 05:49:38",773,766,0,4,3,452,445,0,4,3,444,8,844,392,120,191,103,11,16,3
1,ALBA,"ŞCOALĂ GIMNAZIALĂ CIUGUD",230,CIUGUD,1071,3,PROV,PRCNCT,PCJ,PCJ_SV,"2024-06-13 10:03:30",602,573,5,9,15,444,420,0,9,15,398,46,646,202,59,234,54,5,38,8
1,ALBA,"ŞCOALA GIMNAZIALĂ - CRĂCIUNELU DE JOS",239,"CRĂCIUNELU DE JOS",4188,1,PROV,PRCNCT,PCJ,PCJ_SV,"2024-06-10 04:05:08",915,903,0,3,9,613,601,0,3,9,586,27,1037,424,57,343,42,14,124,6
1,ALBA,"ȘCOALA GIMNAZIALĂ ”DAVID PRODAN” SĂLIȘTEA",369,SĂLIŞTEA,7044,3,PROV,PRCNCT,PCJ,PCJ_SV,"2024-06-11 12:25:37",1128,1064,3,30,31,853,789,3,30,31,843,10,1110,257,367,393,62,11,8,2
1,ALBA,"ȘCOALA GIMNAZIALĂ ”DEMETRIU RADU” RĂDEȘTI",350,RĂDEŞTI,6547,1,PROV,PRCNCT,PCJ,PCJ_SV,"2024-06-10 02:22:58",569,527,1,24,17,418,376,1,24,17,399,19,624,206,64,299,22,6,5,3
1,ALBA,"ŞCOALA GIMNAZIALĂ ”EMIL RACOVIŢĂ” GÎRDA DE SUS",263,"GÂRDA DE SUS",4525,1,PROV,PRCNCT,PCJ,PCJ_SV,"2024-06-10 05:49:45",751,739,0,5,7,527,515,0,5,7,498,29,785,258,208,158,118,4,10,0
1,ALBA,"ŞCOALA GIMNAZIALĂ ”GHEORGHE MAIER” UNIREA",419,UNIREA,8158,1,PROV,PRCNCT,PCJ,PCJ_SV,"2024-06-10 03:41:51",1174,1141,0,10,23,580,547,0,10,23,563,17,1300,720,62,403,67,12,16,3
1,ALBA,"ŞCOALA GIMNAZIALĂ GHEŢARI",265,"GÂRDA DE SUS",4525,1,PROV,PRCNCT,PCJ,PCJ_SV,"2024-06-10 03:44:07",389,377,0,5,7,310,298,0,5,7,300,10,400,90,89,128,77,2,1,3
1,ALBA,"ŞCOALA GIMNAZIALĂ GÎRDE I - COMUNA BISTRA",208,BISTRA,3039,1,PROV,PRCNCT,PCJ,PCJ_SV,"2024-06-10 06:52:59",577,566,0,5,6,381,370,0,5,6,368,13,641,260,149,155,46,13,3,2
1,ALBA,"ȘCOALA GIMNAZIALĂ HOREA",271,HOREA,4767,1,PROV,PRCNCT,PCJ,PCJ_SV,"2024-06-10 03:35:19",593,586,0,1,6,389,382,0,1,6,369,20,626,237,60,94,191,14,6,4
1,ALBA,"ȘCOALA GIMNAZIALĂ IGHIEL",279,IGHIU,4927,2,PROV,PRCNCT,PCJ,PCJ_SV,"2024-06-10 19:32:37",849,833,0,9,7,477,461,0,9,7,474,3,930,453,125,270,44,10,22,3
1,ALBA,"ȘCOALA GIMNAZIALĂ ÎNTREGALDE",283,ÎNTREGALDE,4981,2,PROV,PRCNCT,PCJ,PCJ_SV,"2024-06-10 06:26:26",227,214,0,3,10,146,133,0,3,10,141,5,214,67,32,99,6,2,2,0
1,ALBA,"ŞCOALA GIMNAZIALĂ IOAN MAIORESCU BUCERDEA GRANOASĂ",213,"BUCERDEA GRÂNOASĂ",9026,1,PROV,PRCNCT,PCJ,PCJ_SV,"2024-06-10 05:19:01",763,749,0,1,13,486,472,0,1,13,463,23,800,314,46,179,223,6,8,1
1,ALBA,"ŞCOALA GIMNAZIALĂ ”IOAN MIHU” VINEREA",154,"ORAŞ CUGIR",1696,2,PROV,PRCNCT,PCJ,PCJ_SV,"2024-06-10 09:46:03",911,903,3,5,0,505,500,0,5,0,487,18,1000,495,119,285,47,13,20,3
1,ALBA,"ȘCOALA GIMNAZIALĂ IOAN MIHU - VINEREA",153,"ORAŞ CUGIR",1696,2,PROV,PRCNCT,PCJ,PCJ_SV,"2024-06-10 07:25:28",1045,1044,0,0,1,544,543,0,0,1,529,15,1200,656,117,315,48,13,34,2
1,ALBA,"ŞCOALA GIMNAZIALĂ „ION AGÂRBICEANU”",18,"MUNICIPIUL ALBA IULIA",1017,2,PROV,PRCNCT,PCJ,PCJ_SV,"2024-06-10 06:30:15",810,801,1,7,1,366,358,0,7,1,352,14,900,534,76,184,49,10,25,8
1,ALBA,"ŞCOALA GIMNAZIALĂ „ION AGÂRBICEANU”",17,"MUNICIPIUL ALBA IULIA",1017,2,PROV,PRCNCT,PCJ,PCJ_SV,"2024-06-10 07:17:27",840,827,3,10,0,359,349,0,10,0,344,15,900,541,70,158,67,11,32,6
1,ALBA,"ŞCOALA GIMNAZIALĂ ”ION BREAZU” MIHALŢ",316,MIHALŢ,5700,2,PROV,PRCNCT,PCJ,PCJ_SV,"2024-06-10 09:00:58",845,802,1,16,26,525,483,0,16,26,508,17,898,373,96,337,51,3,21,0
1,ALBA,"ŞCOALA GIMNAZIALĂ ”ION BREAZU” MIHALŢ",315,MIHALŢ,5700,2,PROV,PRCNCT,PCJ,PCJ_SV,"2024-06-10 07:25:34",1038,973,0,21,44,638,573,0,21,44,627,11,1102,464,92,416,52,20,44,3
1,ALBA,"ŞCOALA GIMNAZIALĂ ”ION MICU MOLDOVAN” BLAJ",88,"MUNICIPIUL BLAJ",1348,2,PROV,PRCNCT,PCJ,PCJ_SV,"2024-06-11 20:39:07",1582,1569,0,12,1,630,617,0,12,1,572,58,1700,1070,78,388,58,24,18,6
1,ALBA,"ŞCOALA GIMNAZIALĂ ”IOSIF PERVAIN” CUGIR",148,"ORAŞ CUGIR",1696,1,PROV,PRCNCT,PCJ,PCJ_SV,"2024-06-10 04:38:09",1093,1085,2,5,1,537,531,0,5,1,520,17,1200,663,161,224,61,13,57,4
1,ALBA,"ŞCOALA GIMNAZIALĂ ”IOSIF PERVAIN” CUGIR",147,"ORAŞ CUGIR",1696,1,PROV,PRCNCT,PCJ,PCJ_SV,"2024-06-10 04:01:27",999,984,3,11,1,448,436,0,11,1,436,12,1104,656,152,193,46,8,32,5
1,ALBA,"ȘCOALA GIMNAZIALĂ IOSIF PERVAIN CUGIR",149,"ORAŞ CUGIR",1696,2,PROV,PRCNCT,PCJ,PCJ_SV,"2024-06-10 10:25:01",1101,1098,0,3,0,465,462,0,3,0,447,18,1200,735,152,161,45,11,73,5
1,ALBA,"ŞCOALA GIMNAZIALĂ ”IULIU MANIU” VINŢU DE JOS",435,"VINŢU DE JOS",8826,1,PROV,PRCNCT,PCJ,PCJ_SV,"2024-06-10 09:21:59",1355,1343,3,9,0,757,748,0,9,0,716,41,1559,802,211,245,167,24,54,15
1,ALBA,"ŞCOALA GIMNAZIALĂ LANCRĂM",108,"MUNICIPIUL SEBEŞ",1874,2,PROV,PRCNCT,PCJ,PCJ_SV,"2024-06-10 06:29:29",1437,1415,3,10,9,745,726,0,10,9,725,20,1568,823,82,466,110,29,30,8
1,ALBA,"ŞCOALA GIMNAZIALĂ LĂZEȘTI",389,SCĂRIŞOARA,7197,2,PROV,PRCNCT,PCJ,PCJ_SV,"2024-06-10 06:16:01",206,189,0,5,12,136,119,0,5,12,135,1,210,74,10,59,57,5,4,0
1,ALBA,"ȘCOALA GIMNAZIALĂ LIVEZILE",292,LIVEZILE,5167,3,PROV,PRCNCT,PCJ,PCJ_SV,"2024-06-11 14:36:34",572,541,0,3,28,396,365,0,3,28,386,10,580,184,66,269,39,6,5,1
1,ALBA,"ŞCOALA GIMNAZIALĂ ”LIVIU REBREANU” AIUDUL DE SUS",66,"MUNICIPIUL AIUD",1213,1,PROV,PRCNCT,PCJ,PCJ_SV,"2024-06-10 03:22:07",878,872,1,4,1,373,368,0,4,1,358,15,960,587,131,126,65,11,14,11
1,ALBA,"ŞCOALA GIMNAZIALĂ ”LIVIU REBREANU” AIUDUL DE SUS",67,"MUNICIPIUL AIUD",1213,3,PROV,PRCNCT,PCJ,PCJ_SV,"2024-06-10 10:39:14",1115,1107,0,6,2,437,429,0,6,2,406,31,1220,783,163,152,53,9,19,10
1,ALBA,"ȘCOALA GIMNAZIALĂ LOMAN",376,SĂSCIORI,7099,1,PROV,PRCNCT,PCJ,PCJ_SV,"2024-06-10 03:36:56",694,689,0,4,1,350,345,0,4,1,332,18,746,396,129,167,21,8,7,0
1,ALBA,"ȘCOALA GIMNAZIALĂ ”LUCIAN BLAGA”",156,"ORAŞ OCNA MUREŞ",1794,1,PROV,PRCNCT,PCJ,PCJ_SV,"2024-06-10 07:33:54",1103,1092,1,7,3,538,528,0,7,3,515,23,1200,662,164,277,39,9,23,3
1,ALBA,"ŞCOALA GIMNAZIALĂ METEŞ",309,METEŞ,5577,1,PROV,PRCNCT,PCJ,PCJ_SV,"2024-06-10 03:19:06",478,461,0,13,4,268,251,0,13,4,257,11,510,242,44,156,38,6,10,3
1,ALBA,"ŞCOALA GIMNAZIALĂ MICEŞTI",48,"MUNICIPIUL ALBA IULIA",1017,4,PROV,PRCNCT,PCJ,PCJ_SV,"2024-06-13 10:09:03",1472,1459,1,11,1,778,766,0,11,1,761,16,1600,822,141,405,110,18,69,18
1,ALBA,"ŞCOALA GIMNAZIALĂ MICEŞTI - SALA DE SPORT",47,"MUNICIPIUL ALBA IULIA",1017,1,PROV,PRCNCT,PCJ,PCJ_SV,"2024-06-10 04:11:33",1220,1207,7,6,0,648,642,0,6,0,627,21,1400,752,116,326,80,12,83,10
1,ALBA,"ŞCOALA GIMNAZIALĂ „MIHAI EMINESCU”",22,"MUNICIPIUL ALBA IULIA",1017,2,PROV,PRCNCT,PCJ,PCJ_SV,"2024-06-10 08:20:29",1171,1153,5,13,0,529,516,0,13,0,513,16,1198,669,116,227,94,19,48,9
1,ALBA,"ŞCOALA GIMNAZIALĂ „MIHAI EMINESCU”",23,"MUNICIPIUL ALBA IULIA",1017,2,PROV,PRCNCT,PCJ,PCJ_SV,"2024-06-10 12:26:29",1645,1632,9,4,0,737,733,0,4,0,720,17,1800,1063,161,364,93,22,58,22
1,ALBA,"ŞCOALA GIMNAZIALĂ ”MIHAIL KOGĂLNICEANU” SEBEŞ",106,"MUNICIPIUL SEBEŞ",1874,2,PROV,PRCNCT,PCJ,PCJ_SV,"2024-06-11 18:55:38",1076,1071,1,4,0,420,416,0,4,0,408,12,1180,760,77,146,145,21,15,4
1,ALBA,"ŞCOALA GIMNAZIALĂ ”MIHAIL KOGĂLNICEANU” SEBEŞ",104,"MUNICIPIUL SEBEŞ",1874,1,PROV,PRCNCT,PCJ,PCJ_SV,"2024-06-10 04:28:37",1014,1004,3,6,1,444,437,0,6,1,437,7,1120,676,87,201,101,8,33,7
1,ALBA,"ŞCOALA GIMNAZIALĂ ”MIHAIL KOGĂLNICEANU” SEBEŞ",105,"MUNICIPIUL SEBEŞ",1874,2,PROV,PRCNCT,PCJ,PCJ_SV,"2024-06-11 18:31:48",961,953,0,8,0,402,394,0,8,0,389,13,1060,658,64,150,134,16,22,3
1,ALBA,"ŞCOALA GIMNAZIALĂ ”MIHAIL KOGĂLNICEANU” SEBEŞ",107,"MUNICIPIUL SEBEŞ",1874,1,PROV,PRCNCT,PCJ,PCJ_SV,"2024-06-10 08:53:57",1044,1035,1,7,1,396,388,0,7,1,386,10,1140,744,77,156,121,12,16,4
1,ALBA,"ŞCOALA GIMNAZIALĂ MUŞCA",307,LUPŞA,5336,1,PROV,PRCNCT,PCJ,PCJ_SV,"2024-06-11 00:32:14",863,834,0,14,15,593,564,0,14,15,577,16,905,312,149,320,73,9,20,6
1,ALBA,"ŞCOALA GIMNAZIALĂ ” NICODIM GANEA” BISTRA",204,BISTRA,3039,1,PROV,PRCNCT,PCJ,PCJ_SV,"2024-06-10 05:13:05",805,791,1,9,4,503,489,1,9,4,488,15,896,393,148,224,90,15,9,2
1,ALBA,"ŞCOALA GIMNAZIALĂ ”NICODIM GANEA” BISTRA",206,BISTRA,3039,1,PROV,PRCNCT,PCJ,PCJ_SV,"2024-06-10 11:23:53",759,752,0,4,3,443,436,0,4,3,423,20,850,407,126,185,88,14,5,5
1,ALBA,"ŞCOALA GIMNAZIALĂ ”NICODIM GANEA” BISTRA",205,BISTRA,3039,3,PROV,PRCNCT,PCJ,PCJ_SV,"2024-06-11 20:59:59",1053,1042,0,7,4,697,686,0,7,4,674,23,1171,474,221,289,139,17,5,3
1,ALBA,"ŞCOALA GIMNAZIALĂ NR. 2 SEBEŞ",101,"MUNICIPIUL SEBEŞ",1874,1,PROV,PRCNCT,PCJ,PCJ_SV,"2024-06-10 09:03:55",1480,1428,7,11,34,807,762,0,11,34,783,24,1600,793,135,453,121,13,52,9
1,ALBA,"ŞCOALA GIMNAZIALĂ NR. 3 - CUGIR",133,"ORAŞ CUGIR",1696,1,PROV,PRCNCT,PCJ,PCJ_SV,"2024-06-10 03:20:57",963,957,1,4,1,423,418,0,4,1,403,20,1050,627,137,153,51,8,50,4
1,ALBA,"ŞCOALA GIMNAZIALĂ NR. 3 - CUGIR",134,"ORAŞ CUGIR",1696,1,PROV,PRCNCT,PCJ,PCJ_SV,"2024-06-10 02:43:40",1322,1310,1,8,3,561,549,1,8,3,529,32,1500,939,173,207,52,25,64,8
1,ALBA,"ŞCOALA GIMNAZIALĂ NR. 3 - CUGIR",136,"ORAŞ CUGIR",1696,1,PROV,PRCNCT,PCJ,PCJ_SV,"2024-06-10 04:43:44",1037,1030,1,6,0,434,428,0,6,0,418,16,1200,766,138,160,51,14,53,2
1,ALBA,"ŞCOALA GIMNAZIALĂ NR. 3 - CUGIR",135,"ORAŞ CUGIR",1696,1,PROV,PRCNCT,PCJ,PCJ_SV,"2024-06-10 04:02:12",1177,1169,2,6,0,483,477,0,6,0,465,18,1300,817,158,176,43,16,70,2
1,ALBA,"ȘCOALA GIMNAZIALĂ NR.3 CUGIR",137,"ORAŞ CUGIR",1696,2,PROV,PRCNCT,PCJ,PCJ_SV,"2024-06-10 08:22:18",958,946,3,9,0,465,456,0,9,0,453,12,1100,635,123,202,43,14,64,7
1,ALBA,"ȘCOALA GIMNAZIALĂ OHABA",334,OHABA,6164,3,PROV,PRCNCT,PCJ,PCJ_SV,"2024-06-11 17:38:48",362,316,0,26,20,268,222,0,26,20,223,45,386,118,52,148,22,1,0,0
1,ALBA,"ŞCOALA GIMNAZIALĂ ”OVIDIU HULEA” AIUD",54,"MUNICIPIUL AIUD",1213,2,PROV,PRCNCT,PCJ,PCJ_SV,"2024-06-10 06:00:25",967,961,0,5,1,427,421,0,5,1,403,24,1052,625,134,152,56,17,28,16
1,ALBA,"ŞCOALA GIMNAZIALĂ ”OVIDIU HULEA” AIUD",55,"MUNICIPIUL AIUD",1213,1,PROV,PRCNCT,PCJ,PCJ_SV,"2024-06-10 06:31:37",505,495,0,9,1,505,495,0,9,1,480,25,1242,737,149,233,44,13,29,12
1,ALBA,"ȘCOALA GIMNAZIALĂ ”OVIDIU HULEA” AIUD",53,"MUNICIPIUL AIUD",1213,2,PROV,PRCNCT,PCJ,PCJ_SV,"2024-06-11 21:04:18",1428,1414,1,9,4,663,650,0,9,4,644,19,1600,937,228,275,57,20,42,22
1,ALBA,"ȘCOALA GIMNAZIALĂ ”OVIDIU HULEA” AIUD",52,"MUNICIPIUL AIUD",1213,1,PROV,PRCNCT,PCJ,PCJ_SV,"2024-06-10 04:39:32",1319,1309,0,7,3,631,621,0,7,3,620,11,1434,803,246,249,55,19,37,14
1,ALBA,"ŞCOALA GIMNAZIALĂ PETREŞTI",110,"MUNICIPIUL SEBEŞ",1874,1,PROV,PRCNCT,PCJ,PCJ_SV,"2024-06-10 04:56:55",1468,1459,9,0,0,630,630,0,0,0,605,25,1608,978,100,292,156,32,21,4
1,ALBA,"ŞCOALA GIMNAZIALĂ PETREŞTI",111,"MUNICIPIUL SEBEŞ",1874,3,PROV,PRCNCT,PCJ,PCJ_SV,"2024-06-11 18:09:47",1555,1536,7,7,5,695,683,0,7,5,667,28,1688,993,79,350,161,35,33,9
1,ALBA,"ŞCOALA GIMNAZIALĂ PETREŞTI",109,"MUNICIPIUL SEBEŞ",1874,2,PROV,PRCNCT,PCJ,PCJ_SV,"2024-06-10 04:46:15",1527,1508,15,3,1,685,681,0,3,1,662,23,1668,983,92,328,170,29,38,5
1,ALBA,"ŞCOALA GIMNAZIALĂ ”PETRU PAVEL ARON” BLAJ",87,"MUNICIPIUL BLAJ",1348,1,PROV,PRCNCT,PCJ,PCJ_SV,"2024-06-10 05:23:08",1677,1655,6,14,2,814,798,0,14,2,788,26,1800,986,109,485,71,27,87,9
1,ALBA,"ŞCOALA GIMNAZIALĂ PIANU DE SUS",337,PIANU,6217,2,PROV,PRCNCT,PCJ,PCJ_SV,"2024-06-10 07:36:42",1343,1301,2,2,38,919,879,0,2,38,901,18,1471,552,234,456,97,28,75,11
1,ALBA,"ȘCOALA GIMNAZIALĂ RĂCHITA",377,SĂSCIORI,7099,1,PROV,PRCNCT,PCJ,PCJ_SV,"2024-06-10 04:06:25",782,778,1,3,0,488,485,0,3,0,478,10,856,368,153,220,95,4,5,1
1,ALBA,"ŞCOALA GIMNAZIALĂ RĂHĂU",112,"MUNICIPIUL SEBEŞ",1874,2,PROV,PRCNCT,PCJ,PCJ_SV,"2024-06-10 06:45:28",860,851,1,4,4,455,447,0,4,4,439,16,976,521,104,246,65,11,12,1
1,ALBA,"ŞCOALA GIMNAZIALĂ ŞARD",280,IGHIU,4927,1,PROV,PRCNCT,PCJ,PCJ_SV,"2024-06-10 03:31:39",979,959,9,11,0,523,511,1,11,0,506,17,1050,527,156,242,56,21,26,5
1,ALBA,"ŞCOALA GIMNAZIALĂ ŞARD",281,IGHIU,4927,2,PROV,PRCNCT,PCJ,PCJ_SV,"2024-06-10 04:09:01",1175,1166,3,5,1,585,579,0,5,1,570,15,1300,715,148,279,70,21,42,10
1,ALBA,"ȘCOALA GIMNAZIALĂ SĂSCIORI",373,SĂSCIORI,7099,1,PROV,PRCNCT,PCJ,PCJ_SV,"2024-06-10 06:58:40",1328,1317,2,7,2,752,743,0,7,2,736,16,1455,703,188,457,63,12,12,4
1,ALBA,"ŞCOALA GIMNAZIALĂ ” SAVA ALBESCU ” SAT FENEŞ",176,"ORAŞ ZLATNA",1936,2,PROV,PRCNCT,PCJ,PCJ_SV,"2024-06-11 14:40:38",726,698,0,8,20,544,516,0,8,20,532,12,808,264,115,370,38,3,5,1
1,ALBA,"ŞCOALA GIMNAZIALĂ ”SEPTIMIU ALBINI”",243,CUT,9019,2,PROV,PRCNCT,PCJ,PCJ_SV,"2024-06-11 15:48:44",1086,1055,1,15,15,757,726,1,15,15,701,56,1200,443,217,401,30,31,21,1
1,ALBA,"ŞCOALA GIMNAZIALĂ ”SIMION BĂRNUŢIU” TIUR",91,"MUNICIPIUL BLAJ",1348,1,PROV,PRCNCT,PCJ,PCJ_SV,"2024-06-10 05:06:19",658,640,0,4,14,658,640,0,4,14,644,14,1454,796,57,482,39,19,46,1
1,ALBA,"ŞCOALA GIMNAZIALĂ ”SIMION LAZĂR” LUNCA MUREŞULUI, STRADA GĂRII NR. 241 A",302,"LUNCA MUREŞULUI",5309,1,PROV,PRCNCT,PCJ,PCJ_SV,"2024-06-10 04:22:32",767,751,0,3,13,461,445,0,3,13,421,40,830,369,121,187,59,26,22,6
1,ALBA,"ŞCOALA GIMNAZIALĂ ”SIMION LAZĂR” LUNCA MUREȘULUI, STRADA GĂRII NR. 241 A",303,"LUNCA MUREŞULUI",5309,1,PROV,PRCNCT,PCJ,PCJ_SV,"2024-06-10 06:07:23",898,882,0,8,8,599,583,0,8,8,523,76,1000,401,106,309,51,23,25,9
1,ALBA,"ŞCOALA GIMNAZIALĂ ”SIMION PANTEA” SĂLCIUA",368,SĂLCIUA,6976,1,PROV,PRCNCT,PCJ,PCJ_SV,"2024-06-10 05:36:06",539,501,1,12,25,368,331,0,12,25,357,11,600,232,31,229,76,3,11,7
1,ALBA,"ŞCOALA GIMNAZIALĂ ”SINGIDAVA” CUGIR",142,"ORAŞ CUGIR",1696,2,PROV,PRCNCT,PCJ,PCJ_SV,"2024-06-10 08:42:39",1159,1151,1,7,0,418,411,0,7,0,388,30,1300,882,128,142,53,26,35,4
1,ALBA,"ŞCOALA GIMNAZIALĂ ”SINGIDAVA” CUGIR",140,"ORAŞ CUGIR",1696,1,PROV,PRCNCT,PCJ,PCJ_SV,"2024-06-10 06:29:57",1045,1033,1,9,2,435,424,0,9,2,420,15,1200,765,149,139,48,17,59,8
1,ALBA,"ŞCOALA GIMNAZIALĂ ”SINGIDAVA” CUGIR",141,"ORAŞ CUGIR",1696,1,PROV,PRCNCT,PCJ,PCJ_SV,"2024-06-10 03:30:07",1286,1274,2,9,1,569,559,0,9,1,555,14,1500,931,172,225,68,15,71,4
1,ALBA,"ȘCOALA GIMNAZIALĂ ”SINGIDAVA” CUGIR",143,"ORAŞ CUGIR",1696,2,PROV,PRCNCT,PCJ,PCJ_SV,"2024-06-10 04:48:16",1166,1156,2,8,0,561,553,0,8,0,546,15,1300,739,183,211,59,14,76,3
1,ALBA,"ȘCOALA GIMNAZIALĂ SÎNMICLĂUŞ",409,ŞONA,7865,3,PROV,PRCNCT,PCJ,PCJ_SV,"2024-06-10 06:10:52",1154,1140,0,5,9,660,646,0,5,9,587,73,1256,596,252,237,71,10,14,3
1,ALBA,"ŞCOALA GIMNAZIALĂ ŞONA",405,ŞONA,7865,2,PROV,PRCNCT,PCJ,PCJ_SV,"2024-06-10 10:14:41",1062,1056,0,1,5,533,527,0,1,5,510,23,1167,634,137,270,57,17,25,4
1,ALBA,"ȘCOALA GIMNAZIALĂ ȘPRING",410,ŞPRING,7945,1,PROV,PRCNCT,PCJ,PCJ_SV,"2024-06-10 03:35:35",581,525,0,18,38,428,372,0,18,38,420,8,635,207,124,234,12,8,41,1
1,ALBA,"ŞCOALA GIMNAZIALĂ STRUNGARI",341,PIANU,6217,1,PROV,PRCNCT,PCJ,PCJ_SV,"2024-06-10 01:53:43",224,212,0,5,7,155,143,0,5,7,151,4,237,82,40,98,3,4,6,0
1,ALBA,"ȘCOALA GIMNAZIALĂ TĂTÂRLAUA",229,"CETATEA DE BALTĂ",3958,1,PROV,PRCNCT,PCJ,PCJ_SV,"2024-06-10 02:33:35",642,635,0,6,1,230,223,0,6,1,220,10,700,470,15,187,15,1,1,1
1,ALBA,"ŞCOALA GIMNAZIALĂ TEIUŞ",167,"ORAŞ TEIUŞ",8096,2,PROV,PRCNCT,PCJ,PCJ_SV,"2024-06-10 14:08:44",1294,1281,1,10,2,630,618,0,10,2,604,26,1409,779,220,215,123,14,29,3
1,ALBA,"ȘCOALĂ GIMNAZIALĂ ȚELNA",282,IGHIU,4927,1,PROV,PRCNCT,PCJ,PCJ_SV,"2024-06-10 02:54:52",901,879,0,10,12,478,456,0,10,12,474,4,980,502,108,277,42,5,40,2
1,ALBA,"ȘCOALA GIMNAZIALĂ „TIMOTEI OVIDIU TARNU” STREMȚ",398,STREMŢ,7767,4,PROV,PRCNCT,PCJ,PCJ_SV,"2024-06-11 16:21:50",1199,1152,2,13,32,817,772,0,13,32,804,13,1260,443,229,449,95,10,19,2
1,ALBA,"ŞCOALA GIMNAZIALĂ ”TOMA COCIŞIU” BLAJ",80,"MUNICIPIUL BLAJ",1348,2,PROV,PRCNCT,PCJ,PCJ_SV,"2024-06-11 20:43:53",1135,1125,4,6,0,530,524,0,6,0,510,20,1300,770,66,332,45,18,42,7
1,ALBA,"ȘCOALA GIMNAZIALĂ „VASILE BOLOGA” GEOAGIU DE SUS",399,STREMŢ,7767,1,PROV,PRCNCT,PCJ,PCJ_SV,"2024-06-10 05:19:12",652,627,1,8,16,433,408,1,8,16,426,7,690,257,129,235,55,2,4,1
1,ALBA,"ŞCOALA GIMNAZIALĂ „VASILE GOLDIŞ”",2,"MUNICIPIUL ALBA IULIA",1017,2,PROV,PRCNCT,PCJ,PCJ_SV,"2024-06-10 16:10:07",1001,991,4,6,0,430,424,0,6,0,410,20,1100,670,95,217,42,16,38,2
1,ALBA,"ŞCOALA GIMNAZIALĂ „VASILE GOLDIŞ”",3,"MUNICIPIUL ALBA IULIA",1017,3,PROV,PRCNCT,PCJ,PCJ_SV,"2024-06-10 13:22:26",1305,1299,0,5,1,601,595,0,5,1,584,17,1600,999,144,294,65,21,52,8
1,ALBA,"ŞCOALA PRIMARĂ ACMARIU",210,BLANDIANA,3397,1,PROV,PRCNCT,PCJ,PCJ_SV,"2024-06-10 01:39:33",293,247,0,18,28,241,195,0,18,28,232,9,300,59,22,194,11,2,2,1
1,ALBA,"ŞCOALA PRIMARĂ ALMAŞU DE MIJLOC",191,"ALMAŞU MARE",2309,1,PROV,PRCNCT,PCJ,PCJ_SV,"2024-06-10 01:14:30",124,114,0,8,2,83,73,0,8,2,80,3,125,42,26,23,8,1,21,1
1,ALBA,"ŞCOALA PRIMARĂ BĂCĂINŢI",403,ŞIBOT,7810,3,PROV,PRCNCT,PCJ,PCJ_SV,"2024-06-10 07:16:04",213,203,0,4,6,136,126,0,4,6,131,5,230,94,18,94,17,2,0,0
1,ALBA,"ŞCOALA PRIMARĂ BELDIU",170,"ORAŞ TEIUŞ",8096,1,PROV,PRCNCT,PCJ,PCJ_SV,"2024-06-10 01:42:20",206,198,0,8,0,127,119,0,8,0,119,8,221,94,53,35,27,2,2,0
1,ALBA,"ȘCOALA PRIMARĂ BEȚA",299,"LOPADEA NOUĂ",5210,1,PROV,PRCNCT,PCJ,PCJ_SV,"2024-06-10 01:28:40",308,293,0,6,9,215,200,0,6,9,210,5,339,124,71,132,2,2,2,1
1,ALBA,"ŞCOALA PRIMARĂ BIHARIA",264,"GÂRDA DE SUS",4525,2,PROV,PRCNCT,PCJ,PCJ_SV,"2024-06-10 02:55:46",108,103,0,5,0,64,59,0,5,0,61,3,115,51,23,15,20,0,3,0
1,ALBA,"ŞCOALA PRIMARĂ BRĂZEŞTI",120,"ORAŞ BAIA DE ARIEŞ",2915,1,PROV,PRCNCT,PCJ,PCJ_SV,"2024-06-10 02:23:47",207,198,0,1,8,112,103,0,1,8,109,3,220,108,23,48,30,2,3,3
1,ALBA,"ȘCOALA PRIMARĂ BUCERDEA VINOASĂ",278,IGHIU,4927,1,PROV,PRCNCT,PCJ,PCJ_SV,"2024-06-10 02:34:55",810,778,0,11,21,524,492,0,11,21,518,6,870,346,105,327,40,11,31,4
1,ALBA,"ŞCOALA PRIMARĂ BUCIUM-SAT",214,BUCIUM,3459,2,PROV,PRCNCT,PCJ,PCJ_SV,"2024-06-12 13:18:31",385,368,0,5,12,260,243,0,5,12,257,3,400,140,102,126,23,3,0,3
1,ALBA,"ŞCOALA PRIMARĂ - BUCURU",150,"ORAŞ CUGIR",1696,1,PROV,PRCNCT,PCJ,PCJ_SV,"2024-06-10 00:21:57",94,84,0,10,0,46,36,0,10,0,43,3,100,54,4,34,3,0,2,0
1,ALBA,"ŞCOALA PRIMARĂ BUNINGINEA",237,CIURULEASA,4008,1,PROV,PRCNCT,PCJ,PCJ_SV,"2024-06-10 12:31:39",370,356,1,2,11,261,247,1,2,11,247,14,390,129,132,45,54,8,6,2
1,ALBA,"ŞCOALA PRIMARĂ - CĂLENE",151,"ORAŞ CUGIR",1696,2,PROV,PRCNCT,PCJ,PCJ_SV,"2024-06-12 14:36:37",53,45,0,8,0,25,17,0,8,0,25,0,50,25,2,18,1,2,2,0
1,ALBA,"ȘCOALA PRIMARĂ CĂPÎLNA",374,SĂSCIORI,7099,1,PROV,PRCNCT,PCJ,PCJ_SV,"2024-06-10 03:06:04",677,670,0,6,1,344,337,0,6,1,331,13,737,393,73,215,29,5,7,2
1,ALBA,"ȘCOALA PRIMARĂ CĂRPINIȘ",261,GÂRBOVA,4482,1,PROV,PRCNCT,PCJ,PCJ_SV,"2024-06-10 04:46:38",216,197,2,13,4,139,121,1,13,4,137,2,230,91,48,79,4,0,6,0
1,ALBA,"ȘCOALA PRIMARĂ CASA DE PIATRĂ",196,ARIEŞENI,2381,2,PROV,PRCNCT,PCJ,PCJ_SV,"2024-06-10 01:49:26",85,79,0,3,3,73,67,0,3,3,72,1,100,27,17,46,6,1,1,1
1,ALBA,"ŞCOALA PRIMARĂ CERBU",215,BUCIUM,3459,1,PROV,PRCNCT,PCJ,PCJ_SV,"2024-06-10 03:13:34",238,216,0,8,14,166,144,0,8,14,163,3,300,134,78,55,26,0,3,1
1,ALBA,"ŞCOALA PRIMARĂ CERTEGE",130,"ORAŞ CÂMPENI",1455,1,PROV,PRCNCT,PCJ,PCJ_SV,"2024-06-10 03:32:27",327,310,0,10,7,160,143,0,10,7,155,5,350,190,31,95,18,8,3,0
1,ALBA,"ŞCOALA PRIMARĂ CETEA",255,"GALDA DE JOS",4366,1,PROV,PRCNCT,PCJ,PCJ_SV,"2024-06-10 01:40:15",345,323,1,12,9,221,200,0,12,9,213,8,400,179,35,126,34,5,8,5
1,ALBA,"ŞCOALA PRIMARĂ CIB",192,"ALMAŞU MARE",2309,1,PROV,PRCNCT,PCJ,PCJ_SV,"2024-06-10 04:30:08",234,213,0,11,10,202,181,0,11,10,197,5,251,49,9,80,13,0,90,5
1,ALBA,"ŞCOALA PRIMARĂ - CICĂU",320,MIRĂSLĂU,5755,1,PROV,PRCNCT,PCJ,PCJ_SV,"2024-06-10 01:01:55",79,72,0,5,2,44,37,0,5,2,42,2,80,36,17,18,6,0,1,0
1,ALBA,"ŞCOALA PRIMARĂ CIONEŞTI",185,ALBAC,2130,3,PROV,PRCNCT,PCJ,PCJ_SV,"2024-06-10 08:55:02",516,470,0,26,20,437,391,0,26,20,414,23,552,115,143,176,82,7,5,1
1,ALBA,"ŞCOALA PRIMARĂ CIUCULEŞTI",216,BUCIUM,3459,5,PROV,PRCNCT,PCJ,PCJ_SV,"2024-06-10 04:12:40",212,193,0,11,8,212,193,0,11,8,207,5,341,129,84,82,33,3,3,2
1,ALBA,"ŞCOALA PRIMARĂ CIUGUDU DE SUS",421,UNIREA,8158,1,PROV,PRCNCT,PCJ,PCJ_SV,"2024-06-10 04:47:39",108,94,0,12,2,64,50,0,12,2,63,1,110,46,5,39,11,2,6,0
1,ALBA,"ŞCOALA PRIMARĂ CIULDEŞTI - COMUNA BISTRA",207,BISTRA,3039,1,PROV,PRCNCT,PCJ,PCJ_SV,"2024-06-10 03:38:59",593,574,0,14,5,372,353,0,14,5,358,14,643,271,93,197,48,16,2,2
1,ALBA,"ȘCOALA PRIMARĂ COBLEȘ",197,ARIEŞENI,2381,2,PROV,PRCNCT,PCJ,PCJ_SV,"2024-06-10 09:39:12",194,170,0,15,9,145,121,0,15,9,141,4,200,55,51,64,23,1,0,2
1,ALBA,"ŞCOALA PRIMARA COLŢEŞTI",358,RIMETEA,6592,9,PROV,PRCNCT,PCJ,PCJ_SV,"2024-06-11 19:26:02",439,415,0,3,21,263,239,0,3,21,220,43,470,207,34,163,12,3,4,4
1,ALBA,"ŞCOALA PRIMARĂ COSTEŞTI",186,ALBAC,2130,1,PROV,PRCNCT,PCJ,PCJ_SV,"2024-06-10 02:18:18",84,75,0,8,1,66,57,0,8,1,64,2,90,24,25,22,9,2,6,0
1,ALBA,"ȘCOALA PRIMARĂ CRAIVA",241,CRICĂU,4142,3,PROV,PRCNCT,PCJ,PCJ_SV,"2024-06-11 18:01:55",307,286,0,8,13,226,205,0,8,13,221,5,319,93,53,132,29,2,5,0
1,ALBA,"ŞCOALA PRIMARĂ DEAL",219,CÂLNIC,4106,1,PROV,PRCNCT,PCJ,PCJ_SV,"2024-06-10 02:42:36",316,298,1,7,10,240,222,1,7,10,236,4,400,160,42,173,7,7,6,1
1,ALBA,"ŞCOALA PRIMARĂ - DECEA",321,MIRĂSLĂU,5755,1,PROV,PRCNCT,PCJ,PCJ_SV,"2024-06-10 03:25:01",611,597,3,5,6,327,313,3,5,6,311,16,660,333,125,94,23,12,57,0
1,ALBA,"ŞCOALA PRIMARĂ ”DIONISIU POPOVICIU” TĂUŢI",314,METEŞ,5577,1,PROV,PRCNCT,PCJ,PCJ_SV,"2024-06-10 02:27:28",523,505,0,5,13,343,325,0,5,13,340,3,571,228,36,257,28,5,10,4
1,ALBA,"ŞCOALA PRIMARĂ DRAŞOV",412,ŞPRING,7945,1,PROV,PRCNCT,PCJ,PCJ_SV,"2024-06-10 02:37:58",459,436,0,10,13,300,277,0,10,13,288,12,510,210,77,177,17,11,4,2
1,ALBA,"ŞCOALA PRIMARĂ DUMBRAVA",422,UNIREA,8158,2,PROV,PRCNCT,PCJ,PCJ_SV,"2024-06-10 06:41:53",276,229,0,13,34,173,127,0,13,33,165,8,300,127,10,138,13,2,2,0
1,ALBA,"ŞCOALA PRIMARĂ GALDA DE SUS",256,"GALDA DE JOS",4366,1,PROV,PRCNCT,PCJ,PCJ_SV,"2024-06-10 00:34:44",330,310,0,14,6,233,213,0,14,6,222,11,350,117,26,151,30,1,10,4
1,ALBA,"ŞCOALA PRIMARĂ ”GHEORGHE PAVELESCU” PURCĂREŢI",340,PIANU,6217,1,PROV,PRCNCT,PCJ,PCJ_SV,"2024-06-10 01:45:52",222,213,0,9,0,119,110,0,9,0,117,2,235,116,19,87,6,2,3,0
1,ALBA,"ŞCOALA PRIMARĂ GÎRBOVA DE JOS",72,"MUNICIPIUL AIUD",1213,2,PROV,PRCNCT,PCJ,PCJ_SV,"2024-06-10 06:35:05",411,395,1,15,0,174,159,0,15,0,173,1,450,276,42,73,31,9,9,9
1,ALBA,"ȘCOALA PRIMARĂ GIURGIUȚ",273,HOREA,4767,1,PROV,PRCNCT,PCJ,PCJ_SV,"2024-06-10 03:51:51",111,107,0,4,0,75,71,0,4,0,75,0,117,42,14,10,46,4,1,0
1,ALBA,"ŞCOALA PRIMARĂ GLOD",193,"ALMAŞU MARE",2309,2,PROV,PRCNCT,PCJ,PCJ_SV,"2024-06-10 09:51:40",153,146,0,6,1,119,112,0,6,1,116,3,163,44,20,34,30,2,30,0
1,ALBA,"ŞCOALA PRIMARĂ GLOGOVEŢ",427,"VALEA LUNGĂ",8354,2,PROV,PRCNCT,PCJ,PCJ_SV,"2024-06-11 20:48:37",146,128,0,13,5,87,69,0,13,5,82,5,145,58,9,32,33,4,4,0
1,ALBA,"ŞCOALA PRIMARĂ GOIEŞTI",432,VIDRA,8425,2,PROV,PRCNCT,PCJ,PCJ_SV,"2024-06-10 09:07:30",293,276,0,9,8,209,192,0,9,8,204,5,316,107,83,44,58,4,14,1
1,ALBA,"ŞCOALA PRIMARĂ GURA ARIEŞULUI, STRADA MICĂ NR. 84",304,"LUNCA MUREŞULUI",5309,1,PROV,PRCNCT,PCJ,PCJ_SV,"2024-06-10 04:33:52",357,344,0,11,2,216,203,0,11,2,207,9,370,154,35,136,20,4,8,4
1,ALBA,"ŞCOALA PRIMARĂ HĂDĂRĂU",306,LUPŞA,5336,3,PROV,PRCNCT,PCJ,PCJ_SV,"2024-06-11 16:49:56",296,290,0,2,4,212,206,0,2,4,202,10,355,143,56,119,17,1,4,5
1,ALBA,"ŞCOALA PRIMARĂ I-IV TÎRSA",199,"AVRAM IANCU",2577,2,PROV,PRCNCT,PCJ,PCJ_SV,"2024-06-11 18:54:39",610,589,0,4,17,470,449,0,4,17,437,33,680,210,211,63,144,7,5,7
1,ALBA,"ȘCOALA PRIMARĂ LAZ",375,SĂSCIORI,7099,1,PROV,PRCNCT,PCJ,PCJ_SV,"2024-06-10 01:59:36",329,321,1,7,0,203,196,0,7,0,197,6,357,154,67,103,11,14,2,0
1,ALBA,"ŞCOALA PRIMARĂ - LOPADEA VECHE",322,MIRĂSLĂU,5755,1,PROV,PRCNCT,PCJ,PCJ_SV,"2024-06-10 02:12:22",209,206,0,3,0,130,127,0,3,0,124,6,224,94,36,47,17,0,21,3
1,ALBA,"ȘCOALA PRIMARĂ LUNCA",429,"VALEA LUNGĂ",8354,3,PROV,PRCNCT,PCJ,PCJ_SV,"2024-06-11 20:11:06",421,405,0,12,4,231,215,0,12,4,225,6,440,209,22,109,92,0,2,0
1,ALBA,"ŞCOALA PRIMARĂ MĂRGINENI",370,SĂLIŞTEA,7044,1,PROV,PRCNCT,PCJ,PCJ_SV,"2024-06-10 00:32:56",55,46,0,9,0,36,27,0,9,0,33,3,60,24,10,19,2,1,1,0
1,ALBA,"ŞCOALA PRIMARĂ MĂRTINIE",416,ŞUGAG,8014,3,PROV,PRCNCT,PCJ,PCJ_SV,"2024-06-10 11:04:34",462,453,0,7,2,346,337,0,7,2,337,9,500,154,96,141,44,6,48,2
1,ALBA,"ŞCOALA PRIMARĂ MEŞCREAC",352,RĂDEŞTI,6547,1,PROV,PRCNCT,PCJ,PCJ_SV,"2024-06-10 03:34:49",265,242,1,18,4,196,173,1,18,4,194,2,284,88,18,163,12,0,1,0
1,ALBA,"ŞCOALA PRIMARĂ MIHOEŞTI",131,"ORAŞ CÂMPENI",1455,2,PROV,PRCNCT,PCJ,PCJ_SV,"2024-06-10 02:53:25",258,253,2,3,0,145,142,0,3,0,136,9,284,139,32,43,45,9,7,0
1,ALBA,"ŞCOALA PRIMARĂ - MUGEŞTI",152,"ORAŞ CUGIR",1696,1,PROV,PRCNCT,PCJ,PCJ_SV,"2024-06-10 01:48:08",82,75,0,7,0,26,19,0,7,0,26,0,100,74,3,17,3,1,2,0
1,ALBA,"ŞCOALA PRIMARĂ NEGEȘTI",390,SCĂRIŞOARA,7197,1,PROV,PRCNCT,PCJ,PCJ_SV,"2024-06-10 03:12:39",155,139,0,9,7,117,101,0,9,7,113,4,154,37,43,54,15,0,0,1
1,ALBA,"ŞCOALA PRIMARĂ - ORMENIŞ",323,MIRĂSLĂU,5755,1,PROV,PRCNCT,PCJ,PCJ_SV,"2024-06-09 23:59:34",65,59,1,5,0,43,38,0,5,0,40,3,70,27,18,13,6,1,2,0
1,ALBA,"ŞCOALA PRIMARĂ PÂCLIŞA",51,"MUNICIPIUL ALBA IULIA",1017,1,PROV,PRCNCT,PCJ,PCJ_SV,"2024-06-10 05:23:08",844,839,0,5,0,355,350,0,5,0,345,10,1000,645,93,145,77,15,13,2
1,ALBA,"ŞCOALA PRIMARĂ PĂNADE",381,SÂNCEL,7348,1,PROV,PRCNCT,PCJ,PCJ_SV,"2024-06-10 03:54:27",511,486,1,4,20,395,371,0,4,20,386,9,560,165,259,97,17,10,3,0
1,ALBA,"ȘCOALA PRIMARĂ PĂTRUȘEȘTI",275,HOREA,4767,1,PROV,PRCNCT,PCJ,PCJ_SV,"2024-06-10 00:45:35",117,112,0,0,5,94,89,0,0,5,92,2,130,36,26,30,25,2,9,0
1,ALBA,"ȘCOALA PRIMARĂ PELEŞ",396,SOHODOL,7446,3,PROV,PRCNCT,PCJ,PCJ_SV,"2024-06-11 15:46:44",321,311,0,9,1,194,184,0,9,1,186,8,342,148,31,114,34,1,6,0
1,ALBA,"ŞCOALA PRIMARĂ PEŢELCA",172,"ORAŞ TEIUŞ",8096,2,PROV,PRCNCT,PCJ,PCJ_SV,"2024-06-10 03:15:43",103,94,0,8,1,65,56,0,8,1,64,1,104,39,38,22,3,0,1,0
1,ALBA,"ŞCOALA PRIMARĂ PETRISAT",90,"MUNICIPIUL BLAJ",1348,1,PROV,PRCNCT,PCJ,PCJ_SV,"2024-06-10 01:09:45",464,458,0,6,0,270,264,0,6,0,268,2,500,230,18,216,5,11,16,2
1,ALBA,"ŞCOALA PRIMARĂ POIANA",397,SOHODOL,7446,1,PROV,PRCNCT,PCJ,PCJ_SV,"2024-06-10 01:35:40",134,127,0,6,1,86,79,0,6,1,83,3,139,53,10,33,35,1,4,0
1,ALBA,"ŞCOALA PRIMARĂ POIENI",217,BUCIUM,3459,1,PROV,PRCNCT,PCJ,PCJ_SV,"2024-06-10 05:18:06",263,247,0,5,11,198,182,0,5,11,195,3,259,61,82,100,9,1,2,1
1,ALBA,"ŞCOALA PRIMARĂ - POȘAGA DE SUS",348,POŞAGA,6468,2,PROV,PRCNCT,PCJ,PCJ_SV,"2024-06-12 09:46:43",149,119,0,23,7,121,91,0,23,7,121,0,139,18,58,37,20,3,3,0
1,ALBA,"ŞCOALA PRIMARĂ POTIONCI",187,ALBAC,2130,1,PROV,PRCNCT,PCJ,PCJ_SV,"2024-06-10 01:17:42",59,50,0,7,2,49,40,0,7,2,47,2,65,16,20,12,9,3,2,1
1,ALBA,"ȘCOALA PRIMARĂ PRELUCA",276,HOREA,4767,1,PROV,PRCNCT,PCJ,PCJ_SV,"2024-06-10 00:49:02",68,59,0,8,1,47,38,0,8,1,47,0,70,23,10,13,23,1,0,0
1,ALBA,"ȘCOALA PRIMARĂ RECIU",262,GÂRBOVA,4482,2,PROV,PRCNCT,PCJ,PCJ_SV,"2024-06-11 14:40:26",278,254,4,13,7,168,146,2,13,7,165,3,300,132,93,47,14,10,1,0
1,ALBA,"ŞCOALA PRIMARĂ ROGOZ",188,ALBAC,2130,1,PROV,PRCNCT,PCJ,PCJ_SV,"2024-06-10 04:44:01",240,226,0,5,9,184,170,0,5,9,184,0,280,96,92,34,41,6,10,1
1,ALBA,"ŞCOALA PRIMARĂ RUNC",391,SCĂRIŞOARA,7197,3,PROV,PRCNCT,PCJ,PCJ_SV,"2024-06-10 05:01:52",149,129,0,7,13,109,89,0,7,13,101,8,145,36,18,42,33,2,5,1
1,ALBA,"ȘCOALA PRIMARĂ - RUNC",332,OCOLIŞ,6119,1,PROV,PRCNCT,PCJ,PCJ_SV,"2024-06-10 01:41:57",108,98,3,2,5,89,79,3,2,5,87,2,110,21,1,77,7,0,1,1
1,ALBA,"ȘCOALA PRIMARĂ - SAGAGEA",349,POŞAGA,6468,4,PROV,PRCNCT,PCJ,PCJ_SV,"2024-06-12 09:30:19",153,124,0,18,11,125,96,0,18,11,119,6,150,25,44,62,8,2,3,0
1,ALBA,"ŞCOALA PRIMARĂ SĂLCIUA DE JOS",367,SĂLCIUA,6976,3,PROV,PRCNCT,PCJ,PCJ_SV,"2024-06-10 09:48:01",710,668,2,7,33,436,396,0,7,33,424,12,700,264,96,209,88,3,23,5
1,ALBA,"ŞCOALA PRIMARĂ SĂLIŞTEA-DEAL",371,SĂLIŞTEA,7044,1,PROV,PRCNCT,PCJ,PCJ_SV,"2024-06-10 03:32:20",244,230,0,7,7,191,177,0,7,7,176,15,270,79,76,80,10,6,4,0
1,ALBA,"ŞCOALA PRIMARĂ , SAT GALAŢI",177,"ORAŞ ZLATNA",1936,2,PROV,PRCNCT,PCJ,PCJ_SV,"2024-06-11 14:44:11",287,275,0,7,5,162,150,0,7,5,157,5,320,158,29,98,18,1,8,3
1,ALBA,"ŞCOALA PRIMARĂ , SAT PĂTRÂNGENI",179,"ORAŞ ZLATNA",1936,2,PROV,PRCNCT,PCJ,PCJ_SV,"2024-06-11 14:52:34",492,483,0,5,4,271,262,0,5,4,263,8,550,279,64,170,12,2,15,0
1,ALBA,"ŞCOALA PRIMARĂ , SAT PIRITA",180,"ORAŞ ZLATNA",1936,2,PROV,PRCNCT,PCJ,PCJ_SV,"2024-06-11 14:56:30",377,365,0,9,3,227,215,0,9,3,223,4,417,190,41,148,25,5,2,2
1,ALBA,"ŞCOALA PRIMARĂ , SAT TRÂMPOIELE",181,"ORAŞ ZLATNA",1936,3,PROV,PRCNCT,PCJ,PCJ_SV,"2024-06-11 15:00:56",310,290,1,7,12,210,191,0,7,12,204,6,341,131,39,109,47,3,6,0
1,ALBA,"ŞCOALA PRIMARĂ , SAT VALEA MICĂ",182,"ORAŞ ZLATNA",1936,2,PROV,PRCNCT,PCJ,PCJ_SV,"2024-06-11 15:04:34",336,323,1,7,5,240,228,0,7,5,232,8,375,135,24,129,63,2,12,2
1,ALBA,"ȘCOALA PRIMARĂ SEBEȘEL",378,SĂSCIORI,7099,1,PROV,PRCNCT,PCJ,PCJ_SV,"2024-06-10 06:00:37",1138,1132,1,4,1,732,727,0,4,1,709,23,1254,522,274,346,53,21,14,1
1,ALBA,"ŞCOALA PRIMARĂ SFOARTEA",392,SCĂRIŞOARA,7197,1,PROV,PRCNCT,PCJ,PCJ_SV,"2024-06-10 01:40:16",74,61,0,8,5,55,42,0,8,5,54,1,70,15,13,23,14,1,2,1
1,ALBA,"ŞCOALA PRIMARĂ ȘTIULEȚI",393,SCĂRIŞOARA,7197,2,PROV,PRCNCT,PCJ,PCJ_SV,"2024-06-10 06:59:09",131,109,0,8,14,103,81,0,8,14,101,2,122,19,22,52,23,0,1,3
1,ALBA,"ŞCOALA PRIMARĂ TĂRTĂRIA",372,SĂLIŞTEA,7044,3,PROV,PRCNCT,PCJ,PCJ_SV,"2024-06-11 12:49:06",580,552,0,8,20,449,421,0,8,20,438,11,660,211,190,185,41,6,15,1
1,ALBA,"ŞCOALA PRIMARĂ TOTOI",387,SÂNTIMBRU,7384,1,PROV,PRCNCT,PCJ,PCJ_SV,"2024-06-10 05:34:38",461,450,0,2,9,249,238,0,2,9,239,10,503,254,46,151,29,7,2,4
1,ALBA,"ȘCOALA PRIMARĂ TRIFEȘTI",272,HOREA,4767,1,PROV,PRCNCT,PCJ,PCJ_SV,"2024-06-10 05:16:25",377,370,0,0,7,259,252,0,0,7,255,4,400,141,75,63,111,3,2,1
1,ALBA,"ŞCOALA PRIMARĂ UIOARA DE JOS",161,"ORAŞ OCNA MUREŞ",1794,1,PROV,PRCNCT,PCJ,PCJ_SV,"2024-06-10 05:16:26",844,833,1,5,5,360,350,0,5,5,341,19,900,540,120,153,37,15,14,2
1,ALBA,"ŞCOALA PRIMARĂ UIOARA DE SUS, SALA NR. 1",162,"ORAŞ OCNA MUREŞ",1794,1,PROV,PRCNCT,PCJ,PCJ_SV,"2024-06-10 05:54:32",1331,1320,3,4,4,567,559,0,4,4,541,26,1450,883,138,274,91,9,21,8
1,ALBA,"ȘCOALA PRIMARĂ UNGUREI",361,"ROŞIA DE SECAŞ",6930,1,PROV,PRCNCT,PCJ,PCJ_SV,"2024-06-10 03:22:36",300,295,1,2,2,176,172,0,2,2,171,5,300,124,85,58,15,2,5,6
1,ALBA,"ŞCOALA PRIMARĂ VALEA BISTRII",132,"ORAŞ CÂMPENI",1455,2,PROV,PRCNCT,PCJ,PCJ_SV,"2024-06-10 05:19:05",368,358,1,8,1,236,227,0,8,1,231,5,394,158,76,51,59,34,8,3
1,ALBA,"ŞCOALA PRIMARĂ VALEA LUPȘII",308,LUPŞA,5336,1,PROV,PRCNCT,PCJ,PCJ_SV,"2024-06-10 04:42:12",667,645,0,4,18,484,462,0,4,18,470,14,730,246,132,243,82,4,8,1
1,ALBA,"ŞCOALA PRIMARĂ VALEA VINŢULUI",439,"VINŢU DE JOS",8826,1,PROV,PRCNCT,PCJ,PCJ_SV,"2024-06-10 01:01:11",311,295,1,12,3,172,157,0,12,3,161,11,310,138,53,30,65,9,4,0
1,ALBA,"ŞCOALA PRIMARĂ VÂRŞI",129,"ORAŞ CÂMPENI",1455,1,PROV,PRCNCT,PCJ,PCJ_SV,"2024-06-10 03:04:10",515,509,0,6,0,298,292,0,6,0,291,7,561,263,60,104,96,20,11,0
1,ALBA,"ȘCOALA PRIMARĂ - VIDOLM",333,OCOLIŞ,6119,1,PROV,PRCNCT,PCJ,PCJ_SV,"2024-06-10 01:23:43",78,44,0,30,4,69,35,0,30,4,68,1,70,1,7,51,6,0,3,1
1,ALBA,"SEDIU ADMINISTRATIV VINGARD - COMUNA ŞPRING",413,ŞPRING,7945,3,PROV,PRCNCT,PCJ,PCJ_SV,"2024-06-11 11:33:10",552,536,1,6,9,316,301,0,6,9,299,17,625,309,90,169,18,8,13,1
1,ALBA,"SEMINARUL TEOLOGIC ORTODOX „SFÂNTUL SIMION ŞTEFAN”",16,"MUNICIPIUL ALBA IULIA",1017,2,PROV,PRCNCT,PCJ,PCJ_SV,"2024-06-10 10:36:32",1327,1287,5,13,22,549,514,0,13,22,533,16,1400,851,111,263,80,20,46,13
1,ALBA,"SERVICIUL PUBLIC DE ADMINISTRARE A PATRIMONIULUI SEBEŞ",93,"MUNICIPIUL SEBEŞ",1874,2,PROV,PRCNCT,PCJ,PCJ_SV,"2024-06-11 19:56:15",1859,1840,7,10,2,855,843,0,10,2,832,23,1840,985,141,478,132,38,37,6
1,ALBA,"SERVICIUL PUBLIC DE ASISTENŢĂ SOCIALĂ BLAJ",83,"MUNICIPIUL BLAJ",1348,1,PROV,PRCNCT,PCJ,PCJ_SV,"2024-06-10 01:20:11",498,494,1,2,1,269,266,0,2,1,266,3,500,231,22,189,14,12,29,0
1,ALBA,"STADION MUNICIPAL „CETATE”",32,"MUNICIPIUL ALBA IULIA",1017,2,PROV,PRCNCT,PCJ,PCJ_SV,"2024-06-10 09:36:21",1322,1311,2,9,0,617,608,0,9,0,589,28,1500,883,133,283,80,12,65,16
1,ALBA,"TABĂRA DE CREAȚIE SI ODIHNĂ ”AVRAM IANCU”",331,OCOLIŞ,6119,1,PROV,PRCNCT,PCJ,PCJ_SV,"2024-06-10 00:48:13",58,42,0,12,4,48,32,0,12,4,48,0,70,22,3,40,4,0,1,0
