precinct_county_nce,precinct_county_name,precinct_name,precinct_nr,uat_name,uat_siruta,report_version,report_stage_code,report_type_scope_code,report_type_category_code,report_type_code,created_at,a,a1,a2,a3,a4,b,b1,b2,b3,b4,c,d,e,f,"ALIANȚA PENTRU UNIREA ROMÂNILOR-voturi","UNIUNEA DEMOCRATĂ MAGHIARĂ DIN ROMÂNIA-voturi","PARTIDUL NAȚIONAL LIBERAL-voturi","PARTIDUL SOCIAL DEMOCRAT-voturi","PARTIDUL ALTERNATIVA DREAPTĂ-voturi","ALIANȚA DREAPTA UNITĂ USR - PMP - FORȚA DREPTEI-voturi","PARTIDUL UMANIST SOCIAL LIBERAL-voturi","PARTIDUL NAȚIONAL CONSERVATOR ROMÂN-voturi","OLĂRAŞU COSMIN-ALIN-voturi"
22,HUNEDOARA,"ADĂPOSTUL DE URGENŢĂ PE TIMP DE NOAPTE",43,"MUNICIPIUL DEVA",86687,1,PROV,PRCNCT,CJ,CJ_SV,"2024-06-10 06:32:06",882,873,3,4,2,450,444,0,4,2,403,41,900,456,75,16,77,165,7,35,5,4,19
22,HUNEDOARA,"AFTER SCHOOL",318,BUCEŞ,88788,1,PROV,PRCNCT,CJ,CJ_SV,"2024-06-10 01:08:02",331,324,0,3,4,228,221,0,3,4,203,25,340,112,53,1,73,67,2,5,1,0,1
22,HUNEDOARA,"AMFITEATRUL UNIVERSITĂȚII",143,"MUNICIPIUL PETROŞANI",86990,1,PROV,PRCNCT,CJ,CJ_SV,"2024-06-10 04:28:49",1300,1289,2,9,0,454,445,0,9,0,430,24,1400,946,93,27,66,168,3,45,2,10,16
22,HUNEDOARA,"ASOCIAȚIA COMPOSESORALĂ ”NOBIL” ZEICANI - MAGAZIN ZEICANI",455,SARMIZEGETUSA,91054,1,PROV,PRCNCT,CJ,CJ_SV,"2024-06-10 01:03:15",90,82,0,1,7,70,62,0,1,7,68,2,101,31,9,4,19,33,0,2,1,0,0
22,HUNEDOARA,"BIBLIOTECA MUNICIPALĂ PETROȘANI",156,"MUNICIPIUL PETROŞANI",86990,1,PROV,PRCNCT,CJ,CJ_SV,"2024-06-10 04:16:58",1392,1383,1,8,0,493,485,0,8,0,458,35,1500,1007,122,19,53,196,4,14,12,11,27
22,HUNEDOARA,"BIBLIOTECA MUNICIPALĂ PETROȘANI",157,"MUNICIPIUL PETROŞANI",86990,1,PROV,PRCNCT,CJ,CJ_SV,"2024-06-10 05:26:54",1642,1615,0,3,24,544,517,0,3,24,517,27,1800,1256,150,20,37,222,20,31,5,3,29
22,HUNEDOARA,"CĂMIN CULTURAL BOŞ (GRĂDINIŢA)",107,"MUNICIPIUL HUNEDOARA",86810,1,PROV,PRCNCT,CJ,CJ_SV,"2024-06-10 02:40:58",514,503,2,9,0,224,215,0,9,0,219,5,550,326,28,19,30,101,2,20,13,0,6
22,HUNEDOARA,"CĂMIN CULTURAL MERIA",394,"LUNCA CERNII DE JOS",90119,1,PROV,PRCNCT,CJ,CJ_SV,"2024-06-10 00:59:06",191,191,0,0,0,159,159,0,0,0,140,19,210,51,12,3,86,12,0,27,0,0,0
22,HUNEDOARA,"CĂMIN CULTURAL MUNCELU MARE",514,VEŢEL,91982,1,PROV,PRCNCT,CJ,CJ_SV,"2024-06-09 23:55:16",59,51,0,8,0,38,30,0,8,0,37,1,73,35,7,5,15,9,0,0,1,0,0
22,HUNEDOARA,"CĂMIN CULTURAL NEGOIU",395,"LUNCA CERNII DE JOS",90119,1,PROV,PRCNCT,CJ,CJ_SV,"2024-06-10 00:02:30",155,143,7,5,0,103,98,0,5,0,101,2,160,57,9,1,69,18,0,3,0,1,0
22,HUNEDOARA,"CAMIN CULTURAL RUNCU MARE",392,LELESE,90066,1,PROV,PRCNCT,CJ,CJ_SV,"2024-06-10 00:28:55",77,73,0,4,0,61,57,0,4,0,57,4,76,15,3,2,15,35,0,1,0,0,1
22,HUNEDOARA,"CĂMINUL CULTURAL",197,"ORAŞ CĂLAN",87424,1,PROV,PRCNCT,CJ,CJ_SV,"2024-06-10 02:33:18",244,232,2,9,1,157,146,1,9,1,141,16,250,93,16,3,67,42,5,7,0,1,0
22,HUNEDOARA,"CĂMINUL CULTURAL",200,"ORAŞ CĂLAN",87424,1,PROV,PRCNCT,CJ,CJ_SV,"2024-06-10 02:29:00",300,293,0,4,3,163,156,0,4,3,153,10,350,187,35,4,68,38,1,2,1,0,4
22,HUNEDOARA,"CĂMINUL CULTURAL",196,"ORAŞ CĂLAN",87424,1,PROV,PRCNCT,CJ,CJ_SV,"2024-06-10 01:35:21",280,262,0,9,9,186,168,0,9,9,177,9,300,114,35,2,65,52,3,16,0,3,1
22,HUNEDOARA,"CĂMINUL CULTURAL",201,"ORAŞ CĂLAN",87424,1,PROV,PRCNCT,CJ,CJ_SV,"2024-06-10 01:58:42",167,158,0,5,4,113,104,0,5,4,107,6,200,87,32,2,41,24,2,3,1,0,2
22,HUNEDOARA,"CĂMINUL CULTURAL",203,"ORAŞ CĂLAN",87424,1,PROV,PRCNCT,CJ,CJ_SV,"2024-06-10 01:58:50",254,250,0,4,0,163,159,0,4,0,157,6,300,137,38,0,52,59,1,6,0,0,1
22,HUNEDOARA,"CĂMINUL CULTURAL ALMAŞ SĂLIŞTE",521,ZAM,92177,1,PROV,PRCNCT,CJ,CJ_SV,"2024-06-10 00:11:38",109,101,1,7,0,65,57,1,7,0,59,6,117,52,9,2,30,16,0,1,0,0,1
22,HUNEDOARA,"CĂMINUL CULTURAL ALMAŞU MIC",410,"PESTIŞU MIC",90431,1,PROV,PRCNCT,CJ,CJ_SV,"2024-06-10 02:22:23",83,64,1,16,2,71,53,0,16,2,70,1,80,9,10,0,41,13,1,3,1,1,0
22,HUNEDOARA,"CĂMINUL CULTURAL ALMAŞU SEC",336,CÂRJIŢI,86749,1,PROV,PRCNCT,CJ,CJ_SV,"2024-06-10 03:06:24",206,170,2,32,2,165,130,1,32,2,159,6,180,15,26,5,78,30,5,11,3,0,1
22,HUNEDOARA,"CĂMINUL CULTURAL ALUN",292,BOŞOROD,88449,1,PROV,PRCNCT,CJ,CJ_SV,"2024-06-10 02:21:23",57,51,2,4,0,41,37,0,4,0,40,1,57,16,6,2,12,18,0,2,0,0,0
22,HUNEDOARA,"CĂMINUL CULTURAL ARDEU",261,BALŞA,87843,1,PROV,PRCNCT,CJ,CJ_SV,"2024-06-10 00:08:29",56,49,0,7,0,48,41,0,7,0,46,2,55,7,9,1,16,17,0,0,0,1,2
22,HUNEDOARA,"CĂMINUL CULTURAL AUREL VLAICU",206,"ORAŞ GEOAGIU",89561,1,PROV,PRCNCT,CJ,CJ_SV,"2024-06-10 05:28:43",790,768,13,7,2,473,460,4,7,2,453,11,850,386,47,9,220,154,0,11,4,3,5
22,HUNEDOARA,"CĂMINUL CULTURAL BACEA",381,ILIA,89856,1,PROV,PRCNCT,CJ,CJ_SV,"2024-06-10 03:43:20",278,266,0,6,6,151,139,0,6,6,137,14,302,151,36,4,15,75,0,2,0,1,4
22,HUNEDOARA,"CĂMINUL CULTURAL BĂCIA",270,BĂCIA,88047,1,PROV,PRCNCT,CJ,CJ_SV,"2024-06-10 06:06:38",856,843,1,11,1,525,513,0,11,1,504,20,925,401,83,61,77,228,6,33,8,0,8
22,HUNEDOARA,"CĂMINUL CULTURAL BĂIȚA",273,BĂIŢA,88092,1,PROV,PRCNCT,CJ,CJ_SV,"2024-06-10 04:44:16",1018,990,11,8,9,603,584,2,8,9,590,13,1108,505,90,18,166,288,3,17,3,1,4
22,HUNEDOARA,"CĂMINUL CULTURAL BĂLATA",475,ŞOIMUŞ,91330,1,PROV,PRCNCT,CJ,CJ_SV,"2024-06-10 03:39:56",365,362,0,3,0,245,242,0,3,0,230,13,400,155,42,2,125,42,0,10,4,0,5
22,HUNEDOARA,"CĂMINUL CULTURAL BALOMIR",467,SÂNTĂMĂRIA-ORLEA,91232,1,PROV,PRCNCT,CJ,CJ_SV,"2024-06-10 02:42:42",271,258,2,5,6,193,182,0,5,6,186,5,280,87,52,1,28,101,1,3,0,0,0
22,HUNEDOARA,"CĂMINUL CULTURAL BERIU",281,BERIU,88261,1,PROV,PRCNCT,CJ,CJ_SV,"2024-06-10 04:57:59",612,600,0,8,4,369,357,0,8,4,351,18,700,331,90,13,115,102,4,17,3,0,7
22,HUNEDOARA,"CĂMINUL CULTURAL BLĂJENI",287,BLĂJENI,88350,1,PROV,PRCNCT,CJ,CJ_SV,"2024-06-10 06:09:33",490,416,0,54,20,435,361,0,54,20,417,18,474,39,47,14,156,186,4,8,0,2,0
22,HUNEDOARA,"CĂMINUL CULTURAL BOBÂLNA",429,"RAPOLTU MARE",90663,1,PROV,PRCNCT,CJ,CJ_SV,"2024-06-10 07:33:55",384,371,0,10,3,258,245,0,10,3,241,17,410,152,111,8,18,73,2,21,0,1,7
22,HUNEDOARA,"CĂMINUL CULTURAL BOHOLT",476,ŞOIMUŞ,91330,1,PROV,PRCNCT,CJ,CJ_SV,"2024-06-10 01:52:03",279,270,0,6,3,194,185,0,6,3,186,8,300,106,21,3,107,45,0,4,2,0,4
22,HUNEDOARA,"CĂMINUL CULTURAL BOIȚA",434,RĂCHITOVA,90725,1,PROV,PRCNCT,CJ,CJ_SV,"2024-06-10 03:28:25",366,330,0,29,7,281,245,0,29,7,276,5,350,69,45,9,79,132,1,8,2,0,0
22,HUNEDOARA,"CĂMINUL CULTURAL BOIU",430,"RAPOLTU MARE",90663,1,PROV,PRCNCT,CJ,CJ_SV,"2024-06-10 01:53:44",128,119,0,7,2,82,73,0,7,2,76,6,140,58,17,3,24,29,0,2,0,0,1
22,HUNEDOARA,"CĂMINUL CULTURAL BOIU DE SUS",373,GURASADA,89687,1,PROV,PRCNCT,CJ,CJ_SV,"2024-06-09 23:47:42",77,70,0,7,0,57,50,0,7,0,52,5,80,23,2,3,5,42,0,0,0,0,0
22,HUNEDOARA,"CĂMINUL CULTURAL BOŞOROD",291,BOŞOROD,88449,1,PROV,PRCNCT,CJ,CJ_SV,"2024-06-10 03:17:26",763,732,0,23,8,606,575,0,23,8,569,37,830,224,92,16,212,203,0,32,11,1,2
22,HUNEDOARA,"CĂMINUL CULTURAL BOZ",298,BRĂNIŞCA,88546,1,PROV,PRCNCT,CJ,CJ_SV,"2024-06-10 00:46:48",362,344,0,18,0,257,239,0,18,0,245,12,384,127,49,5,84,98,2,5,1,1,0
22,HUNEDOARA,"CĂMINUL CULTURAL BOZES",207,"ORAŞ GEOAGIU",89561,1,PROV,PRCNCT,CJ,CJ_SV,"2024-06-10 00:59:35",195,181,1,10,3,140,126,1,10,3,131,9,220,80,10,2,62,51,2,2,1,0,1
22,HUNEDOARA,"CĂMINUL CULTURAL BRĂNIȘCA",297,BRĂNIŞCA,88546,1,PROV,PRCNCT,CJ,CJ_SV,"2024-06-10 04:15:13",512,481,0,21,10,336,305,0,21,10,318,18,550,214,59,5,74,159,0,15,0,2,4
22,HUNEDOARA,"CĂMINUL CULTURAL BRÂZNIC",382,ILIA,89856,1,PROV,PRCNCT,CJ,CJ_SV,"2024-06-10 03:56:35",200,186,0,13,1,132,118,0,13,1,128,4,202,70,28,6,15,76,1,1,0,0,1
22,HUNEDOARA,"CĂMINUL CULTURAL BRETEA MUREȘANĂ",383,ILIA,89856,1,PROV,PRCNCT,CJ,CJ_SV,"2024-06-10 06:52:09",480,463,1,10,6,265,249,0,10,6,254,11,522,257,66,5,37,127,3,8,2,0,6
22,HUNEDOARA,"CĂMINUL CULTURAL BRETEA STREIULUI",305,"BRETEA ROMÂNĂ",88644,1,PROV,PRCNCT,CJ,CJ_SV,"2024-06-10 00:40:11",214,209,0,5,0,128,123,0,5,0,124,4,229,101,16,5,10,87,0,2,3,0,1
22,HUNEDOARA,"CĂMINUL CULTURAL BUCIUM",404,"ORĂŞTIOARA DE SUS",90342,1,PROV,PRCNCT,CJ,CJ_SV,"2024-06-10 01:27:56",288,259,0,17,12,237,208,0,17,12,233,4,299,62,29,6,109,80,0,7,1,1,0
22,HUNEDOARA,"CĂMINUL CULTURAL BUCIUM-ORLEA",469,SÂNTĂMĂRIA-ORLEA,91232,1,PROV,PRCNCT,CJ,CJ_SV,"2024-06-10 03:03:28",181,168,1,6,6,180,168,0,6,6,122,8,190,60,24,6,20,59,0,10,1,0,2
22,HUNEDOARA,"CĂMINUL CULTURAL BUCUREŞCI",320,BUCUREŞCI,88868,1,PROV,PRCNCT,CJ,CJ_SV,"2024-06-10 05:16:54",537,465,3,50,19,437,366,2,50,19,411,26,499,62,40,4,124,227,0,10,1,1,4
22,HUNEDOARA,"CĂMINUL CULTURAL BUNILA",327,BUNILA,89026,1,PROV,PRCNCT,CJ,CJ_SV,"2024-06-10 00:02:29",75,56,0,18,1,61,42,0,18,1,60,1,69,8,14,1,17,25,0,2,0,0,1
22,HUNEDOARA,"CĂMINUL CULTURAL BURJUC",330,BURJUC,89080,1,PROV,PRCNCT,CJ,CJ_SV,"2024-06-10 02:27:54",137,122,1,12,2,101,87,0,12,2,97,4,131,30,13,1,9,43,0,26,2,2,1
22,HUNEDOARA,"CĂMINUL CULTURAL CĂINELU DE SUS",274,BĂIŢA,88092,1,PROV,PRCNCT,CJ,CJ_SV,"2024-06-10 02:45:00",330,319,1,2,8,239,229,0,2,8,231,8,360,121,29,1,37,150,2,7,1,1,3
22,HUNEDOARA,"CĂMINUL CULTURAL CÂMPURI-SURDUC",375,GURASADA,89687,1,PROV,PRCNCT,CJ,CJ_SV,"2024-06-10 04:54:22",362,329,0,23,10,227,194,0,23,10,213,14,350,123,33,6,17,137,2,5,5,3,5
22,HUNEDOARA,"CĂMINUL CULTURAL CÂRJIŢI",335,CÂRJIŢI,86749,1,PROV,PRCNCT,CJ,CJ_SV,"2024-06-10 02:10:48",99,70,0,26,3,94,65,0,26,3,93,1,110,16,18,12,43,9,4,4,2,0,1
22,HUNEDOARA,"CĂMINUL CULTURAL CÂRNEȘTI",494,TOTEŞTI,91624,1,PROV,PRCNCT,CJ,CJ_SV,"2024-06-10 00:27:33",373,354,2,7,10,257,240,0,7,10,240,17,400,143,15,6,25,187,1,5,0,0,1
22,HUNEDOARA,"CĂMINUL CULTURAL CERIȘOR",391,LELESE,90066,1,PROV,PRCNCT,CJ,CJ_SV,"2024-06-09 23:53:32",45,39,0,5,1,45,39,0,5,1,41,4,66,21,5,5,1,29,0,0,0,0,1
22,HUNEDOARA,"CĂMINUL CULTURAL CERTEJU DE SUS",343,"CERTEJU DE SUS",89240,1,PROV,PRCNCT,CJ,CJ_SV,"2024-06-10 06:24:16",1187,1154,0,11,22,754,721,0,11,22,738,16,1252,498,125,13,202,297,7,51,27,4,12
22,HUNEDOARA,"CĂMINUL CULTURAL CHERGHEŞ",337,CÂRJIŢI,86749,1,PROV,PRCNCT,CJ,CJ_SV,"2024-06-10 01:02:06",99,78,0,19,2,67,46,0,19,2,64,3,85,18,11,2,24,15,1,10,0,0,1
22,HUNEDOARA,"CĂMINUL CULTURAL CHIMINDIA",379,HĂRĂU,89801,1,PROV,PRCNCT,CJ,CJ_SV,"2024-06-10 03:10:08",308,288,0,13,7,192,172,0,13,7,185,7,319,127,31,3,10,133,1,5,0,1,1
22,HUNEDOARA,"CĂMINUL CULTURAL CHIŞCĂDAGA",477,ŞOIMUŞ,91330,1,PROV,PRCNCT,CJ,CJ_SV,"2024-06-10 02:27:47",305,283,0,12,10,237,215,0,12,10,226,8,320,86,27,0,169,19,3,4,1,1,2
22,HUNEDOARA,"CĂMINUL CULTURAL CIULPĂZ",411,"PESTIŞU MIC",90431,1,PROV,PRCNCT,CJ,CJ_SV,"2024-06-10 00:47:28",110,81,0,22,7,93,64,0,22,7,89,4,95,2,10,1,41,23,1,10,0,1,2
22,HUNEDOARA,"CĂMINUL CULTURAL COROIEŞTI",457,"SĂLAŞU DE SUS",91116,1,PROV,PRCNCT,CJ,CJ_SV,"2024-06-10 01:25:33",157,150,0,4,3,123,116,0,4,3,117,6,170,47,21,3,22,68,0,3,0,0,0
22,HUNEDOARA,"CĂMINUL CULTURAL COSTEȘTI",405,"ORĂŞTIOARA DE SUS",90342,1,PROV,PRCNCT,CJ,CJ_SV,"2024-06-10 05:25:11",447,400,3,32,12,337,293,0,32,12,327,9,462,126,96,3,109,100,0,12,3,0,4
22,HUNEDOARA,"CĂMINUL CULTURAL COVRAGIU",306,"BRETEA ROMÂNĂ",88644,1,PROV,PRCNCT,CJ,CJ_SV,"2024-06-10 06:22:31",128,124,0,3,1,79,75,0,3,1,76,3,148,69,11,0,14,46,3,1,0,0,1
22,HUNEDOARA,"CĂMINUL CULTURAL COZIA",338,CÂRJIŢI,86749,1,PROV,PRCNCT,CJ,CJ_SV,"2024-06-10 01:22:56",154,141,0,13,0,115,102,0,13,0,109,6,150,35,44,4,27,22,1,4,4,1,2
22,HUNEDOARA,"CĂMINUL CULTURAL CURECHIU",321,BUCUREŞCI,88868,1,PROV,PRCNCT,CJ,CJ_SV,"2024-06-10 02:43:51",293,250,0,30,13,272,229,0,30,13,242,4,270,24,21,7,48,157,1,8,0,0,0
22,HUNEDOARA,"CĂMINUL CULTURAL DĂBÂCA",489,TOPLIŢA,91535,1,PROV,PRCNCT,CJ,CJ_SV,"2024-06-10 02:23:42",147,101,0,43,3,122,77,0,43,2,115,7,138,16,27,5,40,41,0,0,1,0,1
22,HUNEDOARA,"CĂMINUL CULTURAL DÂNCU MARE",399,MĂRTINEŞTI,90262,1,PROV,PRCNCT,CJ,CJ_SV,"2024-06-10 01:32:32",234,204,0,27,3,178,148,0,27,3,167,8,230,55,25,3,12,117,0,9,1,0,0
22,HUNEDOARA,"CĂMINUL CULTURAL DÂNCU MIC",400,MĂRTINEŞTI,90262,1,PROV,PRCNCT,CJ,CJ_SV,"2024-06-10 01:09:28",88,58,0,29,1,88,58,0,29,1,83,5,120,32,7,0,23,48,1,4,0,0,0
22,HUNEDOARA,"CĂMINUL CULTURAL DEALU MARE",509,VĂLIŞOARA,91937,1,PROV,PRCNCT,CJ,CJ_SV,"2024-06-10 01:07:55",154,142,0,7,5,126,114,0,7,5,119,7,165,39,13,0,36,66,0,2,1,1,0
22,HUNEDOARA,"CĂMINUL CULTURAL DEALU MIC",490,TOPLIŢA,91535,1,PROV,PRCNCT,CJ,CJ_SV,"2024-06-10 00:41:14",51,35,0,16,0,39,23,0,16,0,37,2,53,14,3,1,11,21,0,1,0,0,0
22,HUNEDOARA,"CĂMINUL CULTURAL DENSUȘ",354,DENSUŞ,89348,1,PROV,PRCNCT,CJ,CJ_SV,"2024-06-10 02:51:43",564,496,1,52,15,442,375,0,52,15,431,11,574,132,34,6,209,149,2,26,2,1,2
22,HUNEDOARA,"CĂMINUL CULTURAL DOBRA",359,DOBRA,89428,1,PROV,PRCNCT,CJ,CJ_SV,"2024-06-10 05:47:44",1402,1315,0,67,20,880,793,0,67,20,833,47,1449,569,211,25,91,444,9,31,7,2,13
22,HUNEDOARA,"CĂMINUL CULTURAL DOBROȚ",486,TOMEŞTI,91447,1,PROV,PRCNCT,CJ,CJ_SV,"2024-06-10 03:33:15",341,311,2,20,8,293,263,2,20,8,277,16,350,57,32,1,127,108,0,8,1,0,0
22,HUNEDOARA,"CĂMINUL CULTURAL DUMBRAVA DE JOS",444,RIBIŢA,90805,1,PROV,PRCNCT,CJ,CJ_SV,"2024-06-10 01:59:26",138,106,1,13,18,119,88,1,13,17,109,10,135,16,18,4,32,52,0,2,1,0,0
22,HUNEDOARA,"CĂMINUL CULTURAL FIZEŞ",275,BĂIŢA,88092,1,PROV,PRCNCT,CJ,CJ_SV,"2024-06-10 01:24:36",251,243,1,4,3,177,170,0,4,3,168,9,270,93,23,3,29,79,1,31,1,0,1
22,HUNEDOARA,"CĂMINUL CULTURAL FOLT",431,"RAPOLTU MARE",90663,1,PROV,PRCNCT,CJ,CJ_SV,"2024-06-10 02:49:24",145,130,0,13,2,100,85,0,13,2,91,9,142,42,20,2,17,43,0,6,0,0,3
22,HUNEDOARA,"CĂMINUL CULTURAL FORNĂDIA",478,ŞOIMUŞ,91330,1,PROV,PRCNCT,CJ,CJ_SV,"2024-06-10 03:25:08",173,168,0,4,1,130,125,0,4,1,120,10,190,60,21,1,72,21,2,1,2,0,0
22,HUNEDOARA,"CĂMINUL CULTURAL FURCȘOARA",299,BRĂNIŞCA,88546,1,PROV,PRCNCT,CJ,CJ_SV,"2024-06-10 00:33:01",42,28,0,13,1,27,13,0,13,1,27,0,50,23,4,0,12,10,0,1,0,0,0
22,HUNEDOARA,"CĂMINUL CULTURAL GENERAL BERTHELOT - CLĂDIRE ANEXĂ AFTER SCHOOL",365,"GENERAL BERTHELOT",91731,1,PROV,PRCNCT,CJ,CJ_SV,"2024-06-10 06:13:01",519,504,0,9,6,395,380,0,9,6,386,9,565,170,77,17,160,105,2,13,5,3,4
22,HUNEDOARA,"CĂMINUL CULTURAL GODINEŞTI",522,ZAM,92177,1,PROV,PRCNCT,CJ,CJ_SV,"2024-06-10 00:44:43",101,93,0,8,0,77,69,0,8,0,70,7,103,26,11,5,22,29,0,3,0,0,0
22,HUNEDOARA,"CĂMINUL CULTURAL GRĂDIȘTEA DE MUNTE",406,"ORĂŞTIOARA DE SUS",90342,1,PROV,PRCNCT,CJ,CJ_SV,"2024-06-10 00:20:20",142,121,0,17,4,113,92,0,17,4,110,3,140,27,23,0,53,29,0,4,0,0,1
22,HUNEDOARA,"CĂMINUL CULTURAL HĂRĂU",376,HĂRĂU,89801,1,PROV,PRCNCT,CJ,CJ_SV,"2024-06-10 03:51:21",680,657,0,4,19,402,379,0,4,19,390,12,748,346,58,25,50,222,5,14,4,2,10
22,HUNEDOARA,"CĂMINUL CULTURAL HĂRŢĂGANI",276,BĂIŢA,88092,1,PROV,PRCNCT,CJ,CJ_SV,"2024-06-10 02:09:33",633,614,10,1,8,344,335,0,1,8,328,16,670,326,61,5,110,134,1,11,1,0,5
22,HUNEDOARA,"CĂMINUL CULTURAL HOMOROD",211,"ORAŞ GEOAGIU",89561,1,PROV,PRCNCT,CJ,CJ_SV,"2024-06-10 01:18:23",260,254,0,3,3,186,180,0,3,3,174,12,300,114,27,3,72,67,2,3,0,0,0
22,HUNEDOARA,"CĂMINUL CULTURAL HONDOL",345,"CERTEJU DE SUS",89240,1,PROV,PRCNCT,CJ,CJ_SV,"2024-06-10 03:19:20",437,414,0,8,15,269,246,0,8,15,260,9,450,181,43,1,76,109,1,12,12,2,4
22,HUNEDOARA,"CĂMINUL CULTURAL ILIA",380,ILIA,89856,1,PROV,PRCNCT,CJ,CJ_SV,"2024-06-10 09:53:20",1450,1391,6,22,31,979,926,0,22,31,859,29,1558,646,146,19,127,508,10,21,15,0,13
22,HUNEDOARA,"CĂMINUL CULTURAL IZVOARELE",483,"TELIUCU INFERIOR",86936,1,PROV,PRCNCT,CJ,CJ_SV,"2024-06-10 01:32:29",86,72,0,10,4,62,48,0,10,4,57,5,100,38,5,4,13,33,1,1,0,0,0
22,HUNEDOARA,"CĂMINUL CULTURAL JELEDINŢI",401,MĂRTINEŞTI,90262,1,PROV,PRCNCT,CJ,CJ_SV,"2024-06-10 04:02:19",229,207,0,16,6,166,144,0,16,6,153,13,220,54,9,32,17,61,1,32,0,1,0
22,HUNEDOARA,"CĂMINUL CULTURAL LĂPUGIU DE JOS",387,"LĂPUGIU DE JOS",89954,1,PROV,PRCNCT,CJ,CJ_SV,"2024-06-10 03:58:44",455,347,4,90,14,359,255,1,90,13,345,14,470,111,51,6,129,147,2,8,0,2,0
22,HUNEDOARA,"CĂMINUL CULTURAL LĂPUGIU DE SUS",388,"LĂPUGIU DE JOS",89954,1,PROV,PRCNCT,CJ,CJ_SV,"2024-06-10 05:29:04",414,290,0,118,6,352,228,0,118,6,336,16,400,48,43,4,38,243,3,2,1,1,1
22,HUNEDOARA,"CĂMINUL CULTURAL LĂPUȘNIC",360,DOBRA,89428,1,PROV,PRCNCT,CJ,CJ_SV,"2024-06-10 01:54:44",395,381,0,10,4,221,207,0,10,4,210,11,414,193,46,5,31,111,0,9,3,2,3
22,HUNEDOARA,"CĂMINUL CULTURAL LEȘNIC",512,VEŢEL,91982,1,PROV,PRCNCT,CJ,CJ_SV,"2024-06-10 01:55:31",288,272,0,7,9,288,272,0,7,9,279,9,500,212,83,10,69,90,6,12,4,3,2
22,HUNEDOARA,"CĂMINUL CULTURAL LUDEŞTII DE JOS",407,"ORĂŞTIOARA DE SUS",90342,1,PROV,PRCNCT,CJ,CJ_SV,"2024-06-10 02:42:51",284,260,5,14,5,191,172,0,14,5,187,4,292,101,64,5,69,44,1,3,1,0,0
22,HUNEDOARA,"CĂMINUL CULTURAL LUNCA",277,BĂIŢA,88092,1,PROV,PRCNCT,CJ,CJ_SV,"2024-06-10 01:22:28",250,235,0,11,4,176,161,0,11,4,165,11,270,94,38,5,38,76,0,6,0,1,1
22,HUNEDOARA,"CĂMINUL CULTURAL LUNCANI",294,BOŞOROD,88449,1,PROV,PRCNCT,CJ,CJ_SV,"2024-06-10 01:00:16",110,98,0,12,0,69,57,0,12,0,60,9,108,39,5,1,21,23,0,8,2,0,0
22,HUNEDOARA,"CĂMINUL CULTURAL LUNCOIU DE JOS",396,"LUNCOIU DE JOS",90208,1,PROV,PRCNCT,CJ,CJ_SV,"2024-06-10 10:01:30",841,810,1,10,20,594,564,0,10,20,550,44,924,330,100,9,257,155,2,18,3,2,4
22,HUNEDOARA,"CĂMINUL CULTURAL LUNCOIU DE SUS - MODUL CONTAINER",397,"LUNCOIU DE JOS",90208,1,PROV,PRCNCT,CJ,CJ_SV,"2024-06-10 04:17:44",629,582,8,14,25,488,445,4,14,25,473,15,675,187,58,7,249,132,3,17,2,1,4
22,HUNEDOARA,"CĂMINUL CULTURAL MADA",262,BALŞA,87843,1,PROV,PRCNCT,CJ,CJ_SV,"2024-06-10 02:15:57",97,87,0,7,3,79,69,0,7,3,77,2,100,21,4,4,49,17,1,0,0,1,1
22,HUNEDOARA,"CĂMINUL CULTURAL MĂGURA-TOPLIȚA",346,"CERTEJU DE SUS",89240,1,PROV,PRCNCT,CJ,CJ_SV,"2024-06-10 01:48:35",96,86,1,8,1,75,65,1,8,1,72,3,100,25,7,2,21,36,0,1,3,2,0
22,HUNEDOARA,"CĂMINUL CULTURAL MĂLĂIEŞTI",458,"SĂLAŞU DE SUS",91116,1,PROV,PRCNCT,CJ,CJ_SV,"2024-06-10 00:48:33",122,114,0,4,4,103,95,0,4,4,99,3,125,23,11,3,36,44,0,3,1,1,0
22,HUNEDOARA,"CĂMINUL CULTURAL MERIŞOR",322,BUCUREŞCI,88868,1,PROV,PRCNCT,CJ,CJ_SV,"2024-06-10 01:14:38",85,68,0,16,1,81,64,0,16,1,78,3,85,4,11,2,27,36,0,0,1,1,0
22,HUNEDOARA,"CĂMINUL CULTURAL MESTEACĂN",57,"MUNICIPIUL BRAD",87291,1,PROV,PRCNCT,CJ,CJ_SV,"2024-06-10 02:25:21",415,408,2,3,2,228,222,1,3,2,220,8,451,223,32,8,53,99,0,13,3,12,0
22,HUNEDOARA,"CĂMINUL CULTURAL ”MINERUL” GHELARI",368,GHELARI,86883,1,PROV,PRCNCT,CJ,CJ_SV,"2024-06-10 06:40:01",835,818,1,10,6,405,389,0,10,6,383,21,900,492,60,9,98,186,1,14,11,0,4
22,HUNEDOARA,"CĂMINUL CULTURAL MINTIA",513,VEŢEL,91982,1,PROV,PRCNCT,CJ,CJ_SV,"2024-06-10 05:14:12",923,908,7,6,2,529,518,3,6,2,500,29,1000,471,94,13,187,164,1,17,8,9,7
22,HUNEDOARA,"CĂMINUL CULTURAL NUCȘOARA",459,"SĂLAŞU DE SUS",91116,1,PROV,PRCNCT,CJ,CJ_SV,"2024-06-10 03:53:32",242,226,5,6,5,174,162,1,6,5,168,6,250,76,13,1,59,89,1,4,0,0,1
22,HUNEDOARA,"CĂMINUL CULTURAL OCOLIȘU MARE",309,"BRETEA ROMÂNĂ",88644,1,PROV,PRCNCT,CJ,CJ_SV,"2024-06-10 01:51:48",182,171,0,10,1,133,122,0,10,1,128,5,192,59,18,10,32,61,0,3,4,0,0
22,HUNEDOARA,"CĂMINUL CULTURAL OCOLIŞU MIC",408,"ORĂŞTIOARA DE SUS",90342,1,PROV,PRCNCT,CJ,CJ_SV,"2024-06-10 02:19:21",313,304,3,4,2,228,222,0,4,2,226,2,350,122,50,2,97,67,1,6,2,1,0
22,HUNEDOARA,"CĂMINUL CULTURAL OHABA",389,"LĂPUGIU DE JOS",89954,1,PROV,PRCNCT,CJ,CJ_SV,"2024-06-10 04:33:20",497,418,0,74,5,350,271,0,74,5,323,27,498,148,51,2,129,128,4,5,2,0,2
22,HUNEDOARA,"CĂMINUL CULTURAL ORMINDEA",278,BĂIŢA,88092,1,PROV,PRCNCT,CJ,CJ_SV,"2024-06-10 03:59:22",459,443,4,4,8,281,269,1,4,7,273,8,500,218,46,12,96,96,1,19,0,0,3
22,HUNEDOARA,"CĂMINUL CULTURAL OSTROV",438,"RÂU DE MORI",90878,1,PROV,PRCNCT,CJ,CJ_SV,"2024-06-10 05:19:41",361,357,1,1,2,268,264,1,1,2,254,14,400,132,18,2,50,172,1,9,0,0,2
22,HUNEDOARA,"CĂMINUL CULTURAL PANC",361,DOBRA,89428,1,PROV,PRCNCT,CJ,CJ_SV,"2024-06-10 00:35:36",156,135,0,15,6,109,88,0,15,6,103,6,150,41,36,0,9,54,0,4,0,0,0
22,HUNEDOARA,"CAMINUL CULTURAL PAUCINESTI",454,SARMIZEGETUSA,91054,1,PROV,PRCNCT,CJ,CJ_SV,"2024-06-10 02:16:45",151,137,0,9,5,120,106,0,9,5,117,3,150,30,9,7,23,71,0,5,2,0,0
22,HUNEDOARA,"CĂMINUL CULTURAL PĂULIŞ",479,ŞOIMUŞ,91330,1,PROV,PRCNCT,CJ,CJ_SV,"2024-06-10 02:27:44",566,555,0,10,1,355,344,0,10,1,344,11,620,265,53,6,157,108,1,15,2,2,0
22,HUNEDOARA,"CĂMINUL CULTURAL PEȘTEANA",355,DENSUŞ,89348,1,PROV,PRCNCT,CJ,CJ_SV,"2024-06-10 02:22:19",312,282,4,18,8,239,210,3,18,8,235,4,290,51,13,6,129,76,1,5,0,1,4
22,HUNEDOARA,"CĂMINUL CULTURAL PEȘTENIȚA",356,DENSUŞ,89348,1,PROV,PRCNCT,CJ,CJ_SV,"2024-06-10 02:37:26",225,213,0,8,4,163,151,0,8,4,160,3,176,13,19,7,66,59,0,8,0,0,1
22,HUNEDOARA,"CĂMINUL CULTURAL PESTIȘU MIC",409,"PESTIŞU MIC",90431,1,PROV,PRCNCT,CJ,CJ_SV,"2024-06-10 01:16:52",214,188,3,22,1,160,137,0,22,1,156,4,200,40,18,4,51,71,4,7,0,0,1
22,HUNEDOARA,"CĂMINUL CULTURAL POGĂNEȘTI",523,ZAM,92177,1,PROV,PRCNCT,CJ,CJ_SV,"2024-06-10 00:31:15",204,192,0,12,0,120,108,0,12,0,112,8,230,110,27,3,42,23,1,13,1,2,0
22,HUNEDOARA,"CĂMINUL CULTURAL POIANA",263,BALŞA,87843,1,PROV,PRCNCT,CJ,CJ_SV,"2024-06-10 00:06:34",77,63,0,8,6,66,52,0,8,6,59,7,80,14,2,1,38,16,0,2,0,0,0
22,HUNEDOARA,"CĂMINUL CULTURAL POIENI",357,DENSUŞ,89348,1,PROV,PRCNCT,CJ,CJ_SV,"2024-06-10 01:19:43",81,48,0,24,9,81,48,0,24,9,81,0,90,9,5,2,11,62,0,1,0,0,0
22,HUNEDOARA,"CĂMINUL CULTURAL POIENIŢA",264,BALŞA,87843,1,PROV,PRCNCT,CJ,CJ_SV,"2024-06-10 00:32:24",77,68,1,5,3,50,41,1,5,3,47,3,75,25,13,0,24,9,0,1,0,0,0
22,HUNEDOARA,"CĂMINUL CULTURAL POIENIȚA VOINII",329,BUNILA,89026,1,PROV,PRCNCT,CJ,CJ_SV,"2024-06-10 02:18:00",79,71,0,8,0,69,61,0,8,0,69,0,83,14,4,2,22,39,0,0,2,0,0
22,HUNEDOARA,"CĂMINUL CULTURAL POPEŞTI",339,CÂRJIŢI,86749,1,PROV,PRCNCT,CJ,CJ_SV,"2024-06-10 01:07:22",134,114,0,19,1,87,67,0,19,1,82,5,125,38,21,3,23,20,7,6,1,0,1
22,HUNEDOARA,"CĂMINUL CULTURAL PRICAZ",498,TURDAŞ,91688,1,PROV,PRCNCT,CJ,CJ_SV,"2024-06-10 04:53:51",1107,1065,1,25,16,716,675,0,25,16,670,46,1180,464,97,12,238,300,0,12,7,0,4
22,HUNEDOARA,"CAMINUL CULTURAL RĂCHITOVA",433,RĂCHITOVA,90725,1,PROV,PRCNCT,CJ,CJ_SV,"2024-06-10 05:22:53",566,492,1,44,29,460,386,1,44,29,448,12,550,90,47,4,48,337,2,8,0,0,2
22,HUNEDOARA,"CĂMINUL CULTURAL RĂDULEȘTI",362,DOBRA,89428,1,PROV,PRCNCT,CJ,CJ_SV,"2024-06-10 00:31:33",143,134,0,8,1,95,86,0,8,1,85,10,148,53,20,6,5,48,1,5,0,0,0
22,HUNEDOARA,"CĂMINUL CULTURAL RAPOLŢEL",432,"RAPOLTU MARE",90663,1,PROV,PRCNCT,CJ,CJ_SV,"2024-06-10 04:24:02",181,174,0,6,1,114,107,0,6,1,108,6,200,86,52,4,16,22,1,8,0,2,3
22,HUNEDOARA,"CĂMINUL CULTURAL RÂU BĂRBAT",424,PUI,90538,1,PROV,PRCNCT,CJ,CJ_SV,"2024-06-10 04:35:13",187,145,0,27,15,143,101,0,27,15,123,4,160,33,5,1,30,85,0,2,0,0,0
22,HUNEDOARA,"CĂMINUL CULTURAL RÂU MIC",463,"SĂLAŞU DE SUS",91116,1,PROV,PRCNCT,CJ,CJ_SV,"2024-06-10 01:10:04",141,136,0,4,1,101,96,0,4,1,98,3,150,49,9,1,24,55,0,7,2,0,0
22,HUNEDOARA,"CĂMINUL CULTURAL RENGHET",212,"ORAŞ GEOAGIU",89561,1,PROV,PRCNCT,CJ,CJ_SV,"2024-06-10 01:13:36",168,157,0,9,2,124,113,0,9,2,111,13,200,76,20,2,51,32,0,4,1,0,1
22,HUNEDOARA,"CĂMINUL CULTURAL RIBIŢA",442,RIBIŢA,90805,1,PROV,PRCNCT,CJ,CJ_SV,"2024-06-10 04:27:19",523,469,0,23,31,400,346,0,23,31,376,24,556,156,55,12,106,186,1,9,3,1,3
22,HUNEDOARA,"CĂMINUL CULTURAL RIȘCA",256,"BAIA DE CRIŞ",87745,1,PROV,PRCNCT,CJ,CJ_SV,"2024-06-10 01:14:17",177,167,0,8,2,133,123,0,8,2,129,4,188,55,23,3,57,30,1,7,2,0,6
22,HUNEDOARA,"CĂMINUL CULTURAL ROȘCANI",363,DOBRA,89428,1,PROV,PRCNCT,CJ,CJ_SV,"2024-06-10 01:51:52",580,528,1,23,28,387,336,0,23,28,363,24,581,194,71,5,26,239,2,10,6,2,2
22,HUNEDOARA,"CĂMINUL CULTURAL ROVINA",300,BRĂNIŞCA,88546,1,PROV,PRCNCT,CJ,CJ_SV,"2024-06-10 03:38:58",194,177,0,17,0,127,110,0,17,0,116,11,140,13,28,3,24,51,1,6,0,2,1
22,HUNEDOARA,"CĂMINUL CULTURAL ROVINA",323,BUCUREŞCI,88868,1,PROV,PRCNCT,CJ,CJ_SV,"2024-06-10 00:45:05",141,123,0,16,2,109,91,0,16,2,106,3,137,28,4,1,13,83,0,5,0,0,0
22,HUNEDOARA,"CĂMINUL CULTURAL RUDA",371,GHELARI,86883,1,PROV,PRCNCT,CJ,CJ_SV,"2024-06-10 01:26:21",115,104,1,9,1,68,58,0,9,1,62,6,105,37,5,1,16,35,1,2,0,0,2
22,HUNEDOARA,"CĂMINUL CULTURAL RUDA-BRAD",58,"MUNICIPIUL BRAD",87291,1,PROV,PRCNCT,CJ,CJ_SV,"2024-06-10 02:06:23",157,151,0,6,0,67,61,0,6,0,63,4,211,144,16,1,21,17,1,4,2,1,0
22,HUNEDOARA,"CĂMINUL CULTURAL RUȘI",311,"BRETEA ROMÂNĂ",88644,1,PROV,PRCNCT,CJ,CJ_SV,"2024-06-10 01:50:48",134,128,0,6,0,134,128,0,6,0,127,7,214,80,37,5,18,63,0,2,0,1,1
22,HUNEDOARA,"CĂMINUL CULTURAL SĂCĂMAȘ",384,ILIA,89856,1,PROV,PRCNCT,CJ,CJ_SV,"2024-06-10 01:22:36",187,164,10,7,6,109,96,0,7,6,104,5,192,83,24,2,12,55,1,4,3,1,2
22,HUNEDOARA,"CĂMINUL CULTURAL SĂCĂRÂMB",348,"CERTEJU DE SUS",89240,1,PROV,PRCNCT,CJ,CJ_SV,"2024-06-10 02:40:27",170,156,2,11,1,104,92,0,11,1,102,2,180,76,14,3,40,34,1,6,2,1,1
22,HUNEDOARA,"CĂMINUL CULTURAL SĂLAȘU DE SUS",456,"SĂLAŞU DE SUS",91116,1,PROV,PRCNCT,CJ,CJ_SV,"2024-06-10 03:29:02",431,404,1,17,9,293,267,0,17,9,277,16,459,166,35,8,86,137,1,7,1,0,2
22,HUNEDOARA,"CĂMINUL CULTURAL SĂLCIVA",524,ZAM,92177,1,PROV,PRCNCT,CJ,CJ_SV,"2024-06-10 03:28:42",404,390,2,12,0,256,244,0,12,0,236,20,413,156,50,2,93,76,1,8,3,2,1
22,HUNEDOARA,"CĂMINUL CULTURAL SĂLIŞTIOARA",510,VĂLIŞOARA,91937,1,PROV,PRCNCT,CJ,CJ_SV,"2024-06-10 01:20:53",232,226,0,5,1,157,151,0,5,1,151,6,256,99,40,3,30,71,0,3,1,3,0
22,HUNEDOARA,"CĂMINUL CULTURAL SÂNPETRU",472,SÂNTĂMĂRIA-ORLEA,91232,1,PROV,PRCNCT,CJ,CJ_SV,"2024-06-10 07:22:08",213,200,0,8,5,160,149,0,8,3,152,8,239,79,29,1,32,76,2,6,4,0,2
22,HUNEDOARA,"CĂMINUL CULTURAL SÂNTĂMĂRIA DE PIATRĂ",199,"ORAŞ CĂLAN",87424,1,PROV,PRCNCT,CJ,CJ_SV,"2024-06-10 03:48:21",130,118,0,8,4,101,89,0,8,4,99,2,150,49,20,1,38,34,0,5,1,0,0
22,HUNEDOARA,"CĂMINUL CULTURAL SÂNTĂMĂRIA-ORLEA",466,SÂNTĂMĂRIA-ORLEA,91232,1,PROV,PRCNCT,CJ,CJ_SV,"2024-06-10 06:42:33",636,619,0,8,9,452,435,0,8,9,432,20,690,238,103,23,82,173,3,45,2,0,1
22,HUNEDOARA,"CĂMINUL CULTURAL SÂNTANDREI",245,"ORAŞ SIMERIA",87665,1,PROV,PRCNCT,CJ,CJ_SV,"2024-06-10 07:39:07",915,911,1,2,1,488,485,0,2,1,457,31,1000,512,77,12,164,144,4,22,10,4,20
22,HUNEDOARA,"CĂMINUL CULTURAL SÂRBI",385,ILIA,89856,1,PROV,PRCNCT,CJ,CJ_SV,"2024-06-10 05:22:47",349,344,0,3,2,221,216,0,3,2,209,12,390,169,50,5,22,122,0,7,1,2,0
22,HUNEDOARA,"CAMINUL CULTURAL SARMIZEGETUSA",451,SARMIZEGETUSA,91054,1,PROV,PRCNCT,CJ,CJ_SV,"2024-06-10 04:50:18",425,399,0,5,21,358,332,0,5,21,341,10,522,161,47,10,161,121,0,0,0,2,0
22,HUNEDOARA,"CĂMINUL CULTURAL SERECA",285,BERIU,88261,1,PROV,PRCNCT,CJ,CJ_SV,"2024-06-10 04:35:43",241,230,0,9,2,167,156,0,9,2,160,7,250,83,21,4,57,69,2,6,1,0,0
22,HUNEDOARA,"CĂMINUL CULTURAL ŞESURI",324,BUCUREŞCI,88868,1,PROV,PRCNCT,CJ,CJ_SV,"2024-06-10 04:14:11",339,304,0,22,13,284,249,0,22,13,276,8,350,66,17,3,170,74,0,8,0,0,4
22,HUNEDOARA,"CĂMINUL CULTURAL SILVAŞU DE JOS",220,"ORAŞ HAŢEG",87576,1,PROV,PRCNCT,CJ,CJ_SV,"2024-06-10 04:09:46",243,212,0,23,8,243,212,0,23,8,237,6,350,107,33,6,99,66,4,24,2,2,1
22,HUNEDOARA,"CĂMINUL CULTURAL SILVAȘU DE SUS",221,"ORAŞ HAŢEG",87576,1,PROV,PRCNCT,CJ,CJ_SV,"2024-06-10 03:27:03",253,240,0,9,4,202,189,0,9,4,185,17,300,98,29,5,90,41,1,18,0,0,1
22,HUNEDOARA,"CĂMINUL CULTURAL SÎNTUHALM",46,"MUNICIPIUL DEVA",86687,1,PROV,PRCNCT,CJ,CJ_SV,"2024-06-10 03:46:26",661,646,0,9,6,318,303,0,9,6,304,14,900,582,56,22,79,80,5,36,4,13,9
22,HUNEDOARA,"CĂMINUL CULTURAL ŞOIMUŞ",474,ŞOIMUŞ,91330,1,PROV,PRCNCT,CJ,CJ_SV,"2024-06-10 06:07:24",1090,1072,1,7,10,677,660,0,7,10,638,39,1200,523,107,21,337,123,0,27,5,8,10
22,HUNEDOARA,"CĂMINUL CULTURAL STÂNCEȘTI",364,DOBRA,89428,1,PROV,PRCNCT,CJ,CJ_SV,"2024-06-09 23:43:08",102,94,0,7,1,59,51,0,7,1,59,0,104,45,23,1,4,20,1,5,2,0,3
22,HUNEDOARA,"CĂMINUL CULTURAL ȘTEI",358,DENSUŞ,89348,1,PROV,PRCNCT,CJ,CJ_SV,"2024-06-10 01:19:14",228,176,0,45,7,187,135,0,45,7,185,2,210,23,12,3,28,138,0,4,0,0,0
22,HUNEDOARA,"CĂMINUL CULTURAL STREISÎNGEORGIU",202,"ORAŞ CĂLAN",87424,1,PROV,PRCNCT,CJ,CJ_SV,"2024-06-10 03:40:49",657,641,0,7,9,419,403,0,7,9,407,12,700,281,59,33,160,126,5,17,1,6,0
22,HUNEDOARA,"CĂMINUL CULTURAL TĂMĂŞASA",402,MĂRTINEŞTI,90262,1,PROV,PRCNCT,CJ,CJ_SV,"2024-06-10 00:03:52",123,106,0,9,8,77,61,0,9,7,70,7,120,43,3,0,10,50,1,4,2,0,0
22,HUNEDOARA,"CĂMINUL CULTURAL TÂRNAVA",301,BRĂNIŞCA,88546,1,PROV,PRCNCT,CJ,CJ_SV,"2024-06-10 00:58:23",89,75,0,14,0,57,43,0,14,0,52,5,100,43,5,1,26,18,0,1,0,0,1
22,HUNEDOARA,"CĂMINUL CULTURAL TÂRNĂVIȚA",302,BRĂNIŞCA,88546,1,PROV,PRCNCT,CJ,CJ_SV,"2024-06-10 02:57:00",147,141,0,4,2,90,84,0,4,2,89,1,180,90,31,1,26,28,0,3,0,0,0
22,HUNEDOARA,"CĂMINUL CULTURAL TÂRSA",295,BOŞOROD,88449,1,PROV,PRCNCT,CJ,CJ_SV,"2024-06-10 01:21:29",152,144,2,4,2,124,118,0,4,2,119,5,150,26,12,4,32,61,0,7,0,0,3
22,HUNEDOARA,"CĂMINUL CULTURAL TĂTĂRĂŞTI",333,BURJUC,89080,1,PROV,PRCNCT,CJ,CJ_SV,"2024-06-10 01:58:52",163,147,0,13,3,97,81,0,13,3,89,8,155,58,3,1,17,55,0,10,0,3,0
22,HUNEDOARA,"CĂMINUL CULTURAL TELIUCU INFERIOR",481,"TELIUCU INFERIOR",86936,1,PROV,PRCNCT,CJ,CJ_SV,"2024-06-11 14:26:03",1243,1198,0,15,30,723,678,0,15,30,677,46,1303,580,63,13,247,307,9,21,3,5,9
22,HUNEDOARA,"CĂMINUL CULTURAL TISA",334,BURJUC,89080,1,PROV,PRCNCT,CJ,CJ_SV,"2024-06-10 01:54:33",121,93,0,26,2,79,51,0,26,2,77,2,108,29,6,1,35,20,0,12,0,1,2
22,HUNEDOARA,"CĂMINUL CULTURAL TOMEŞTI",485,TOMEŞTI,91447,1,PROV,PRCNCT,CJ,CJ_SV,"2024-06-10 08:26:48",217,201,1,10,5,166,151,0,10,5,158,8,225,58,15,4,91,46,0,1,0,1,0
22,HUNEDOARA,"CĂMINUL CULTURAL TOPLIȚA",488,TOPLIŢA,91535,1,PROV,PRCNCT,CJ,CJ_SV,"2024-06-10 04:08:27",206,149,0,54,3,162,105,0,54,3,158,4,180,17,22,5,75,33,1,19,2,0,1
22,HUNEDOARA,"CĂMINUL CULTURAL TOPLIȚA MUREȘULUI",349,"CERTEJU DE SUS",89240,1,PROV,PRCNCT,CJ,CJ_SV,"2024-06-10 00:49:46",85,71,0,9,5,64,50,0,9,5,64,0,90,26,7,1,34,19,0,1,2,0,0
22,HUNEDOARA,"CĂMINUL CULTURAL TURDAŞ",497,TURDAŞ,91688,1,PROV,PRCNCT,CJ,CJ_SV,"2024-06-10 03:35:23",421,408,0,7,6,267,254,0,7,6,254,8,450,188,44,6,98,89,3,7,2,0,5
22,HUNEDOARA,"CĂMINUL CULTURAL UIBĂREŞTI",446,RIBIŢA,90805,1,PROV,PRCNCT,CJ,CJ_SV,"2024-06-09 23:34:49",60,48,0,8,4,47,35,0,8,4,45,2,52,5,11,1,11,20,1,1,0,0,0
22,HUNEDOARA,"CĂMINUL CULTURAL URSICI",296,BOŞOROD,88449,1,PROV,PRCNCT,CJ,CJ_SV,"2024-06-10 00:10:15",55,46,0,9,0,35,26,0,9,0,34,1,54,18,10,2,10,9,0,3,0,0,0
22,HUNEDOARA,"CĂMINUL CULTURAL VĂLARI",492,TOPLIŢA,91535,1,PROV,PRCNCT,CJ,CJ_SV,"2024-06-10 00:25:47",51,25,0,24,2,48,22,0,24,2,48,0,53,5,9,7,11,18,1,1,0,0,1
22,HUNEDOARA,"CĂMINUL CULTURAL VALEA DÎLJII",441,"RÂU DE MORI",90878,1,PROV,PRCNCT,CJ,CJ_SV,"2024-06-10 03:31:59",186,177,0,5,4,154,145,0,5,4,150,4,200,46,23,0,26,92,1,4,1,3,0
22,HUNEDOARA,"CĂMINUL CULTURAL VALEA LUNGĂ",386,ILIA,89856,1,PROV,PRCNCT,CJ,CJ_SV,"2024-06-10 02:37:03",99,85,0,8,6,75,61,0,8,6,74,1,102,27,9,4,7,50,0,3,1,0,0
22,HUNEDOARA,"CĂMINUL CULTURAL VALEA POIENII",518,VORŢA,92097,1,PROV,PRCNCT,CJ,CJ_SV,"2024-06-10 06:59:42",134,82,0,47,5,134,82,0,47,5,130,4,155,21,12,0,43,68,0,1,4,2,0
22,HUNEDOARA,"CĂMINUL CULTURAL VĂLIŞOARA",508,VĂLIŞOARA,91937,1,PROV,PRCNCT,CJ,CJ_SV,"2024-06-10 06:26:31",605,563,0,26,16,414,372,0,26,16,395,19,641,223,62,8,102,193,5,13,4,4,4
22,HUNEDOARA,"CĂMINUL CULTURAL VEŢEL",511,VEŢEL,91982,1,PROV,PRCNCT,CJ,CJ_SV,"2024-06-10 06:10:08",924,903,4,9,8,537,520,0,9,8,530,7,1000,463,137,14,145,160,8,29,12,10,15
22,HUNEDOARA,"CĂMINUL CULTURAL ”VIOREL BRANA” CRIŞAN",443,RIBIŢA,90805,1,PROV,PRCNCT,CJ,CJ_SV,"2024-06-10 04:11:46",329,294,1,14,20,268,233,1,14,20,251,17,345,77,32,11,78,124,2,2,0,1,1
22,HUNEDOARA,"CĂMINUL CULTURAL VISCA",519,VORŢA,92097,1,PROV,PRCNCT,CJ,CJ_SV,"2024-06-10 03:57:08",422,292,0,112,18,367,237,0,112,18,339,23,411,44,53,11,121,145,0,4,5,0,0
22,HUNEDOARA,"CĂMINUL CULTURAL VOIA",266,BALŞA,87843,1,PROV,PRCNCT,CJ,CJ_SV,"2024-06-10 01:35:11",79,64,0,3,12,57,42,0,3,12,56,1,70,13,6,1,39,8,0,0,1,0,1
22,HUNEDOARA,"CĂMINUL CULTURAL ZAM",520,ZAM,92177,1,PROV,PRCNCT,CJ,CJ_SV,"2024-06-10 02:37:43",521,497,2,22,0,363,340,1,22,0,344,19,566,203,62,4,134,110,1,27,1,0,5
22,HUNEDOARA,"CĂMINUL CULTURAL ZĂVOI",465,"SĂLAŞU DE SUS",91116,1,PROV,PRCNCT,CJ,CJ_SV,"2024-06-10 00:07:06",111,105,0,5,1,85,79,0,5,1,84,1,120,35,12,5,24,40,0,2,0,0,1
22,HUNEDOARA,"CĂMINUL CULTURAL ZDRAPȚI",353,CRIŞCIOR,87362,1,PROV,PRCNCT,CJ,CJ_SV,"2024-06-10 05:26:19",716,706,2,4,4,429,421,0,4,4,406,23,800,371,69,3,130,177,2,3,13,7,2
22,HUNEDOARA,"CANTINA DE AJUTOR SOCIAL",169,"MUNICIPIUL VULCAN",87175,1,PROV,PRCNCT,CJ,CJ_SV,"2024-06-10 04:11:36",1291,1286,0,5,0,524,519,0,5,0,488,36,1400,876,80,29,109,222,2,24,4,3,15
22,HUNEDOARA,"CANTINA DE AJUTOR SOCIAL (FOSTA CANTINA LICEU MINER)",44,"MUNICIPIUL DEVA",86687,1,PROV,PRCNCT,CJ,CJ_SV,"2024-06-10 06:28:43",1012,995,2,12,3,440,425,0,12,3,412,27,1100,660,71,26,89,116,12,55,9,16,18
22,HUNEDOARA,"CANTINA SOCIALĂ HAŢEG",218,"ORAŞ HAŢEG",87576,1,PROV,PRCNCT,CJ,CJ_SV,"2024-06-10 10:13:28",1746,1671,10,32,33,1138,1070,3,32,33,1023,44,1800,662,211,15,307,364,15,81,9,7,14
22,HUNEDOARA,"CASA CĂSĂTORIILOR",193,"ORAŞ CĂLAN",87424,1,PROV,PRCNCT,CJ,CJ_SV,"2024-06-10 08:38:31",1292,1272,0,12,8,618,598,0,12,8,586,31,1482,279,115,21,170,198,13,45,9,3,12
22,HUNEDOARA,"CASA COMUNALĂ CERBĂL-SALA DE ŞEDINŢĂ A CONSILIULUI LOCAL CERBĂL",340,CERBĂL,89151,1,PROV,PRCNCT,CJ,CJ_SV,"2024-06-10 00:03:24",188,166,1,19,2,133,112,0,19,2,121,12,155,22,0,1,10,88,2,19,0,0,1
22,HUNEDOARA,"CASA DE CULTURA",48,"MUNICIPIUL BRAD",87291,1,PROV,PRCNCT,CJ,CJ_SV,"2024-06-10 10:03:35",914,903,0,7,4,430,419,0,7,4,406,24,1020,590,59,10,91,201,1,30,2,9,3
22,HUNEDOARA,"CASA DE CULTURA",47,"MUNICIPIUL BRAD",87291,1,PROV,PRCNCT,CJ,CJ_SV,"2024-06-10 04:20:49",804,792,5,7,0,352,344,1,7,0,332,20,949,597,41,13,91,125,7,45,1,5,4
22,HUNEDOARA,"CASA DE CULTURĂ",128,"MUNICIPIUL ORĂŞTIE",87638,1,PROV,PRCNCT,CJ,CJ_SV,"2024-06-10 05:54:45",1537,1517,9,11,0,724,713,0,11,0,681,43,1700,976,121,19,140,297,8,73,3,5,15
22,HUNEDOARA,"CASA DE CULTURĂ „LADISLAU SCHMIDT”",222,"ORAŞ PETRILA",87077,1,PROV,PRCNCT,CJ,CJ_SV,"2024-06-10 07:05:32",1367,1359,0,7,1,547,539,0,7,1,495,52,1600,1053,118,18,36,255,18,2,26,2,20
22,HUNEDOARA,"CASA DE CULTURĂ URICANI",251,"ORAŞ URICANI",87139,1,PROV,PRCNCT,CJ,CJ_SV,"2024-06-10 06:07:46",1637,1622,0,6,9,667,653,0,6,8,631,36,1800,1133,84,24,70,340,5,29,66,3,10
22,HUNEDOARA,"CASA MAGHIARĂ DEVA ( FOSTA CASA ARMATEI)",32,"MUNICIPIUL DEVA",86687,1,PROV,PRCNCT,CJ,CJ_SV,"2024-06-10 04:43:35",1116,1096,10,8,2,550,539,1,8,2,534,16,1200,650,55,127,125,117,13,60,8,5,24
22,HUNEDOARA,"CASA MAGHIARĂ DEVA (FOSTA CASA ARMATEI)",33,"MUNICIPIUL DEVA",86687,1,PROV,PRCNCT,CJ,CJ_SV,"2024-06-10 05:56:23",1249,1219,16,14,0,631,617,0,14,0,608,23,1400,769,66,48,150,172,16,96,12,16,32
22,HUNEDOARA,"CASA PENSIONARILOR",161,"MUNICIPIUL PETROŞANI",86990,1,PROV,PRCNCT,CJ,CJ_SV,"2024-06-10 07:47:29",1398,1392,0,6,0,521,515,0,6,0,495,25,1600,1079,145,32,50,204,7,21,10,7,19
22,HUNEDOARA,"CASA PENSIONARILOR",162,"MUNICIPIUL PETROŞANI",86990,1,PROV,PRCNCT,CJ,CJ_SV,"2024-06-10 04:27:45",1023,1016,0,7,0,378,371,0,7,0,348,30,1100,722,139,15,19,131,5,16,5,1,17
22,HUNEDOARA,"CASA PENSIONARILOR LONEA",233,"ORAŞ PETRILA",87077,1,PROV,PRCNCT,CJ,CJ_SV,"2024-06-10 04:12:07",1190,1172,6,11,1,598,582,4,11,1,572,26,1200,602,129,22,38,322,15,27,3,3,13
22,HUNEDOARA,"CASA SATULUI UROI",247,"ORAŞ SIMERIA",87665,1,PROV,PRCNCT,CJ,CJ_SV,"2024-06-10 04:52:44",528,510,10,8,0,297,289,0,8,0,290,7,800,503,40,7,119,92,2,19,0,3,8
22,HUNEDOARA,"CASA TINERETULUI CINCIȘAN",482,"TELIUCU INFERIOR",86936,1,PROV,PRCNCT,CJ,CJ_SV,"2024-06-10 04:34:08",539,516,0,12,11,369,346,0,12,11,350,19,550,181,36,11,143,132,3,10,10,3,2
22,HUNEDOARA,"CENTRUL CULTURAL DRĂGAN MUNTEAN",1,"MUNICIPIUL DEVA",86687,1,PROV,PRCNCT,CJ,CJ_SV,"2024-06-10 13:15:17",1681,1665,0,16,0,782,766,0,16,0,752,30,1800,1018,75,55,169,258,14,118,17,14,32
22,HUNEDOARA,"CENTRUL CULTURAL DRĂGAN MUNTEAN",2,"MUNICIPIUL DEVA",86687,1,PROV,PRCNCT,CJ,CJ_SV,"2024-06-10 06:52:08",1109,1097,0,12,0,498,486,0,12,0,485,10,1200,693,81,33,91,163,14,74,12,6,11
22,HUNEDOARA,"CENTRUL CULTURAL DRĂGAN MUNTEAN",3,"MUNICIPIUL DEVA",86687,1,PROV,PRCNCT,CJ,CJ_SV,"2024-06-10 05:38:48",1404,1385,12,7,0,643,636,0,7,0,621,22,1600,957,82,27,149,207,16,89,12,10,29
22,HUNEDOARA,"CENTRUL CULTURAL RECREATIV PLOSCA",484,"TELIUCU INFERIOR",86936,1,PROV,PRCNCT,CJ,CJ_SV,"2024-06-10 01:56:17",264,256,0,4,4,153,145,0,4,4,138,15,300,147,14,8,60,47,2,2,1,0,4
22,HUNEDOARA,"CENTRUL DE INFORMARE TURISTICĂ VORŢA",516,VORŢA,92097,1,PROV,PRCNCT,CJ,CJ_SV,"2024-06-10 01:58:17",150,113,0,30,7,130,93,0,30,7,121,9,147,17,14,5,61,37,1,1,0,1,1
22,HUNEDOARA,"CENTRUL DE SĂNĂTATE MULTIFUNCŢIONAL",192,"ORAŞ CĂLAN",87424,1,PROV,PRCNCT,CJ,CJ_SV,"2024-06-10 09:58:57",1404,1380,2,13,9,748,726,0,13,9,727,21,1500,752,140,20,262,231,20,36,8,3,7
22,HUNEDOARA,"CENTRUL DE SERVICII SOCIAL-CULTURALE ȘI FESTIVE",403,"ORĂŞTIOARA DE SUS",90342,1,PROV,PRCNCT,CJ,CJ_SV,"2024-06-10 04:00:29",423,387,0,18,18,308,275,0,16,17,294,14,443,135,61,6,122,87,1,11,2,1,3
22,HUNEDOARA,"CENTRUL LOCAL DE INFORMARE TURISTICĂ",293,BOŞOROD,88449,1,PROV,PRCNCT,CJ,CJ_SV,"2024-06-10 04:22:39",446,423,3,11,9,300,277,3,11,9,276,22,476,178,22,4,62,159,3,17,3,1,5
22,HUNEDOARA,"CENTRUL NAŢIONAL DE INFORMARE ŞI PROMOVARE TURISTICĂ",248,"ORAŞ URICANI",87139,1,PROV,PRCNCT,CJ,CJ_SV,"2024-06-10 05:32:29",1848,1839,2,3,4,713,706,0,3,4,680,33,2073,1360,112,17,91,406,10,25,5,2,12
22,HUNEDOARA,"CENTRUL REZIDENȚIAL PENTRU VÂRSTNICI ORĂȘTIE",132,"MUNICIPIUL ORĂŞTIE",87638,1,PROV,PRCNCT,CJ,CJ_SV,"2024-06-10 06:14:16",1512,1498,1,13,0,578,565,0,13,0,561,17,1600,1005,111,11,97,240,3,66,5,4,24
22,HUNEDOARA,"CENTRUL ŞCOLAR PENTRU EDUCAŢIE INCLUZIVĂ ”RUDOLF STEINER” (FOSTUL CENTRU DE ZI)",99,"MUNICIPIUL HUNEDOARA",86810,1,PROV,PRCNCT,CJ,CJ_SV,"2024-06-10 01:07:38",1107,1098,0,9,0,357,348,0,9,0,339,18,1200,843,64,14,39,171,6,27,9,1,8
22,HUNEDOARA,"CENTRUL ŞCOLAR PENTRU EDUCAŢIE INCLUZIVĂ ”RUDOLF STEINER” (FOSTUL CENTRU DE ZI)",98,"MUNICIPIUL HUNEDOARA",86810,1,PROV,PRCNCT,CJ,CJ_SV,"2024-06-10 14:52:43",1118,1112,0,6,0,369,363,0,6,0,351,18,1200,831,52,8,30,225,7,13,8,0,8
22,HUNEDOARA,"CINEMATOGRAF CULTURAL LUPENI",117,"MUNICIPIUL LUPENI",87059,1,PROV,PRCNCT,CJ,CJ_SV,"2024-06-10 04:04:07",1239,1230,1,8,0,500,492,0,8,0,464,36,1400,900,68,34,43,288,2,16,1,1,11
22,HUNEDOARA,"CLĂDIRE DISPENSAR MEDICAL CERNIȘOARA FLORESE",328,BUNILA,89026,1,PROV,PRCNCT,CJ,CJ_SV,"2024-06-10 01:44:12",143,111,0,24,8,143,111,0,24,8,138,4,166,24,7,3,100,24,1,1,2,0,0
22,HUNEDOARA,"CLĂDIRE MULTIFUNCȚIONALĂ DIN CADRUL PARCULUI DE AFACERI SIMERIA",241,"ORAŞ SIMERIA",87665,1,PROV,PRCNCT,CJ,CJ_SV,"2024-06-10 05:01:56",1383,1365,0,16,2,699,681,0,16,2,661,38,1510,811,84,31,248,194,5,53,5,10,31
22,HUNEDOARA,"CLĂDIRE MULTIFUNCȚIONALĂ DIN CADRUL PARCULUI DE AFACERI SIMERIA",242,"ORAŞ SIMERIA",87665,1,PROV,PRCNCT,CJ,CJ_SV,"2024-06-10 07:43:00",997,983,3,9,2,534,522,1,9,2,514,20,1600,1066,95,17,157,169,10,47,2,3,14
22,HUNEDOARA,"CLUB ŞCOLAR SPORTIV",31,"MUNICIPIUL DEVA",86687,1,PROV,PRCNCT,CJ,CJ_SV,"2024-06-10 06:11:13",1270,1254,6,10,0,585,575,0,10,0,568,17,1300,715,84,34,130,165,36,73,14,9,23
22,HUNEDOARA,"CLUB SPORTIV ȘCOLAR",144,"MUNICIPIUL PETROŞANI",86990,1,PROV,PRCNCT,CJ,CJ_SV,"2024-06-10 05:02:56",937,924,0,12,1,391,378,0,12,1,379,12,1100,709,73,25,69,154,5,30,5,4,14
22,HUNEDOARA,"CLUBUL COPIILOR PETRILA",226,"ORAŞ PETRILA",87077,1,PROV,PRCNCT,CJ,CJ_SV,"2024-06-10 04:01:44",1275,1268,0,7,0,481,474,0,7,0,458,23,1400,919,95,19,40,222,11,45,5,4,17
22,HUNEDOARA,"CLUBUL COPIILOR ȘI ELEVILOR",182,"MUNICIPIUL VULCAN",87175,1,PROV,PRCNCT,CJ,CJ_SV,"2024-06-10 07:28:45",1023,1013,1,9,0,446,437,0,9,0,422,24,1100,654,85,8,115,162,8,24,4,2,14
22,HUNEDOARA,"COLEGIUL ECONOMIC EMANUIL GOJDU (FOSTA ŞCOALĂ GENERALĂ NR. 3)",84,"MUNICIPIUL HUNEDOARA",86810,1,PROV,PRCNCT,CJ,CJ_SV,"2024-06-10 04:35:25",1254,1246,1,7,0,614,607,0,7,0,576,38,1400,786,55,28,86,311,10,50,15,2,19
22,HUNEDOARA,"COLEGIUL ECONOMIC EMANUIL GOJDU (FOSTA ŞCOALĂ GENERALĂ NR. 3)",83,"MUNICIPIUL HUNEDOARA",86810,1,PROV,PRCNCT,CJ,CJ_SV,"2024-06-10 04:30:51",1236,1221,3,12,0,544,532,0,12,0,523,21,1300,756,60,24,75,270,10,53,12,6,13
22,HUNEDOARA,"COLEGIUL ECONOMIC EMANUIL GOJDU (FOSTA ȘCOALĂ GENERALĂ NR. 3)",82,"MUNICIPIUL HUNEDOARA",86810,1,PROV,PRCNCT,CJ,CJ_SV,"2024-06-10 04:40:25",1420,1411,1,8,0,510,502,0,8,0,480,30,1600,1090,74,29,53,250,9,29,14,2,20
22,HUNEDOARA,"COLEGIUL ECONOMIC ”EMANUIL GOJDU” (FOSTUL LICEU NR. 2)",71,"MUNICIPIUL HUNEDOARA",86810,1,PROV,PRCNCT,CJ,CJ_SV,"2024-06-10 02:25:36",1257,1250,1,5,1,509,502,1,5,1,479,30,1300,791,63,42,62,230,7,39,15,5,16
22,HUNEDOARA,"COLEGIUL ECONOMIC ”EMANUIL GOJDU” (FOSTUL LICEU NR. 2)",70,"MUNICIPIUL HUNEDOARA",86810,1,PROV,PRCNCT,CJ,CJ_SV,"2024-06-10 03:46:54",1139,1131,2,6,0,462,456,0,6,0,439,17,1200,744,68,36,66,193,15,39,13,3,6
22,HUNEDOARA,"COLEGIUL ECONOMIC ”HERMES ”",150,"MUNICIPIUL PETROŞANI",86990,1,PROV,PRCNCT,CJ,CJ_SV,"2024-06-10 07:21:20",1502,1412,0,55,35,585,543,0,10,32,576,9,1600,1015,176,33,57,221,9,49,6,8,17
22,HUNEDOARA,"COLEGIUL NAŢIONAL ”DECEBAL”",17,"MUNICIPIUL DEVA",86687,1,PROV,PRCNCT,CJ,CJ_SV,"2024-06-10 03:50:10",1133,1113,7,11,2,531,518,0,11,2,505,25,1200,669,57,39,128,165,13,74,10,9,10
22,HUNEDOARA,"COLEGIUL NAȚIONAL DE INFORMATICĂ ”CARMEN SYLVA” (GRĂDINIȚA CU PROGRAM NORMAL NR.5)",152,"MUNICIPIUL PETROŞANI",86990,1,PROV,PRCNCT,CJ,CJ_SV,"2024-06-10 04:20:45",1361,1347,0,14,0,496,482,0,14,0,456,40,1500,1004,92,40,50,192,5,42,7,3,25
22,HUNEDOARA,"COLEGIUL NAȚIONAL DE INFORMATICĂ ”CARMEN SYLVA” (GRĂDINIȚA CU PROGRAM NORMAL NR.5)",151,"MUNICIPIUL PETROŞANI",86990,1,PROV,PRCNCT,CJ,CJ_SV,"2024-06-10 02:50:02",1360,1352,1,7,0,525,518,0,7,0,492,33,1500,975,108,37,43,197,7,57,11,6,26
22,HUNEDOARA,"COLEGIUL NAȚIONAL DE INFORMATICĂ CARMEN SYLVA (LICEUL DE INFORMATICĂ)",149,"MUNICIPIUL PETROŞANI",86990,1,PROV,PRCNCT,CJ,CJ_SV,"2024-06-10 05:24:35",1286,1280,0,6,0,576,570,0,6,0,492,33,1500,975,124,23,76,205,5,5,5,13,36
22,HUNEDOARA,"COLEGIUL NAŢIONAL DE INFORMATICĂ ”TRAIAN LALESCU” (CLĂDIREA NOUĂ)",73,"MUNICIPIUL HUNEDOARA",86810,1,PROV,PRCNCT,CJ,CJ_SV,"2024-06-10 08:50:11",542,499,0,7,36,542,499,0,7,36,515,27,1200,658,75,45,57,237,10,61,20,2,8
22,HUNEDOARA,"COLEGIUL NAŢIONAL DE INFORMATICĂ ”TRAIAN LALESCU” (CLĂDIREA NOUĂ)",74,"MUNICIPIUL HUNEDOARA",86810,1,PROV,PRCNCT,CJ,CJ_SV,"2024-06-10 03:06:51",1213,1190,0,5,18,447,426,0,5,16,419,28,1300,853,64,39,49,207,4,40,7,2,7
22,HUNEDOARA,"COLEGIUL NAŢIONAL DE INFORMATICĂ ”TRAIAN LALESCU” (CLĂDIREA NOUĂ)",72,"MUNICIPIUL HUNEDOARA",86810,1,PROV,PRCNCT,CJ,CJ_SV,"2024-06-10 04:07:46",1338,1297,2,4,35,634,597,0,4,33,609,25,1600,966,76,55,90,273,8,65,14,4,24
22,HUNEDOARA,"COLEGIUL NAȚIONAL ”IANCU DE HUNEDOARA” (FOSTA ȘCOALĂ GENERALĂ NR. 5)",77,"MUNICIPIUL HUNEDOARA",86810,1,PROV,PRCNCT,CJ,CJ_SV,"2024-06-10 04:26:05",1210,1201,1,7,1,529,520,1,7,1,503,24,1300,773,74,52,76,208,10,38,21,3,21
22,HUNEDOARA,"COLEGIUL NAȚIONAL ”IANCU DE HUNEDOARA” (FOSTA ȘCOALĂ GENERALĂ NR. 5)",76,"MUNICIPIUL HUNEDOARA",86810,1,PROV,PRCNCT,CJ,CJ_SV,"2024-06-10 02:47:48",1094,1086,0,8,0,364,356,0,8,0,349,15,1200,836,42,23,46,173,4,36,13,3,9
22,HUNEDOARA,"COLEGIUL NAȚIONAL ”IANCU DE HUNEDOARA” (FOSTA ȘCOALĂ GENERALĂ NR. 5)",75,"MUNICIPIUL HUNEDOARA",86810,1,PROV,PRCNCT,CJ,CJ_SV,"2024-06-10 02:43:32",1442,1434,1,7,0,490,483,0,7,0,438,52,1600,1110,76,22,41,228,9,40,4,1,17
22,HUNEDOARA,"COLEGIUL NAȚIONAL ”IANCU DE HUNEDOARA” (FOSTA ȘCOALĂ GENERALĂ NR.5)",78,"MUNICIPIUL HUNEDOARA",86810,1,PROV,PRCNCT,CJ,CJ_SV,"2024-06-10 03:55:30",446,373,1,8,64,223,161,0,8,54,213,8,483,262,34,43,24,95,1,10,2,0,4
22,HUNEDOARA,"COLEGIUL NAȚIONAL ”IANCU DE HUNEDOARA” (FOSTA ȘCOALĂ GENERALĂ ZLAȘTI)",106,"MUNICIPIUL HUNEDOARA",86810,1,PROV,PRCNCT,CJ,CJ_SV,"2024-06-10 02:45:17",439,430,1,7,1,216,208,0,7,1,212,4,500,284,28,11,30,112,4,18,2,1,6
22,HUNEDOARA,"COLEGIUL NAŢIONAL ”I.C.BRĂTIANU” HAŢEG",217,"ORAŞ HAŢEG",87576,1,PROV,PRCNCT,CJ,CJ_SV,"2024-06-10 12:57:28",1475,1424,1,38,12,837,786,1,38,12,787,38,1600,765,167,34,201,272,16,73,8,1,15
22,HUNEDOARA,"COLEGIUL NAȚIONAL ”MIHAI EMINESCU” (LICEUL TEORETIC)",147,"MUNICIPIUL PETROŞANI",86990,1,PROV,PRCNCT,CJ,CJ_SV,"2024-06-10 08:38:09",1643,1626,5,5,7,674,661,1,5,7,645,29,1800,1126,226,40,71,228,16,32,4,9,19
22,HUNEDOARA,"COLEGIUL NAŢIONAL ”MIHAI EMINESCU” (ŞCOALA GIMNAZIALĂ DÂLJA MARE)",165,"MUNICIPIUL PETROŞANI",86990,1,PROV,PRCNCT,CJ,CJ_SV,"2024-06-10 00:06:02",183,173,0,10,0,130,120,0,10,0,124,6,200,70,34,1,3,81,0,5,0,0,0
22,HUNEDOARA,"COLEGIUL NAȚIONAL PEDAGOGIC”REGINA MARIA”",13,"MUNICIPIUL DEVA",86687,1,PROV,PRCNCT,CJ,CJ_SV,"2024-06-10 08:02:34",1183,1144,21,17,1,567,548,1,17,1,552,15,1300,705,64,44,157,150,16,90,6,9,16
22,HUNEDOARA,"COLEGIUL NAȚIONAL SPORTIV CETATE DEVA",18,"MUNICIPIUL DEVA",86687,1,PROV,PRCNCT,CJ,CJ_SV,"2024-06-10 04:31:08",1365,1353,2,10,0,714,702,2,10,0,688,26,1500,786,108,61,175,208,12,93,5,14,12
22,HUNEDOARA,"COLEGIUL TEHNIC „CONSTANTIN BRÂNCUȘI” PETRILA",232,"ORAŞ PETRILA",87077,1,PROV,PRCNCT,CJ,CJ_SV,"2024-06-10 01:40:17",961,955,0,6,0,499,493,0,6,0,460,39,1165,666,134,15,25,231,9,26,4,2,14
22,HUNEDOARA,"COLEGIUL TEHNIC „CONSTANTIN BRÂNCUȘI” PETRILA (FOSTA GRĂDINIȚĂ CU PROGRAM NORMAL „ANA COLDA”)",235,"ORAŞ PETRILA",87077,1,PROV,PRCNCT,CJ,CJ_SV,"2024-06-10 04:47:28",1164,1153,0,5,6,565,554,0,5,6,545,20,1200,635,104,26,35,330,11,30,0,4,5
22,HUNEDOARA,"COLEGIUL TEHNIC „CONSTANTIN BRÂNCUȘI” PETRILA (FOSTA ȘCOALĂ GIMNAZIALĂ „ANA COLDA”)",234,"ORAŞ PETRILA",87077,1,PROV,PRCNCT,CJ,CJ_SV,"2024-06-10 01:31:00",1333,1325,0,7,1,576,568,0,7,1,552,24,1400,824,116,24,38,323,14,19,3,4,11
22,HUNEDOARA,"COLEGIUL TEHNIC DE TRANSPORT FEROVIAR ”ANGHEL SALIGNY” SIMERIA",244,"ORAŞ SIMERIA",87665,1,PROV,PRCNCT,CJ,CJ_SV,"2024-06-10 08:29:19",1228,1212,5,10,1,591,580,0,10,1,553,38,1150,559,118,19,162,177,8,43,4,4,18
22,HUNEDOARA,"COLEGIUL TEHNIC ENERGETIC DRAGOMIR HURMUZESCU (FOSTA ŞCOALĂ GENERALĂ ”OCTAVIAN GOGA”)",36,"MUNICIPIUL DEVA",86687,1,PROV,PRCNCT,CJ,CJ_SV,"2024-06-10 06:24:47",1296,1287,0,9,0,460,451,0,9,0,439,21,1400,940,94,16,79,159,14,37,12,12,16
22,HUNEDOARA,"COLEGIUL TEHNIC ENERGETIC DRAGOMIR HURMUZESCU (FOSTA ŞCOALĂ GENERALĂ ”OCTAVIAN GOGA”)",35,"MUNICIPIUL DEVA",86687,1,PROV,PRCNCT,CJ,CJ_SV,"2024-06-10 06:24:53",1861,1841,6,7,7,759,745,0,7,7,719,40,1900,1141,162,34,156,206,32,72,14,22,21
22,HUNEDOARA,"COLEGIUL TEHNIC ENERGETIC DRAGOMIR HURMUZESCU (FOSTA ŞCOALĂ GENERALĂ ”OCTAVIAN GOGA”)",34,"MUNICIPIUL DEVA",86687,1,PROV,PRCNCT,CJ,CJ_SV,"2024-06-10 06:17:44",1416,1411,0,5,0,520,515,0,5,0,469,48,1500,983,105,22,73,161,12,58,8,9,21
22,HUNEDOARA,"COLEGIUL TEHNIC ”MATEI CORVIN” (FOSTUL LICEU NR. 1)",81,"MUNICIPIUL HUNEDOARA",86810,1,PROV,PRCNCT,CJ,CJ_SV,"2024-06-10 03:17:29",1015,998,7,10,0,421,411,0,10,0,408,13,1100,679,70,29,44,206,5,33,7,3,11
22,HUNEDOARA,"COLEGIUL TEHNIC TRANSILVANIA (FOSTA ŞCOALĂ GENERALĂ)",27,"MUNICIPIUL DEVA",86687,1,PROV,PRCNCT,CJ,CJ_SV,"2024-06-10 06:37:16",1245,1235,4,6,0,519,513,0,6,0,500,19,1300,781,88,29,127,156,12,47,6,12,23
22,HUNEDOARA,"COLEGIUL TEHNIC TRANSILVANIA (FOSTA ŞCOALĂ GENERALĂ)",28,"MUNICIPIUL DEVA",86687,1,PROV,PRCNCT,CJ,CJ_SV,"2024-06-10 07:01:23",1547,1534,4,8,1,623,614,0,8,1,582,26,1600,990,102,51,106,212,9,57,12,10,23
22,HUNEDOARA,"COLEGIUL TEHNIC TRANSILVANIA (FOSTA ŞCOALĂ GENERALĂ)",26,"MUNICIPIUL DEVA",86687,1,PROV,PRCNCT,CJ,CJ_SV,"2024-06-10 08:00:44",1414,1402,2,9,1,637,627,0,9,1,621,16,1500,863,90,52,134,192,14,81,13,15,30
22,HUNEDOARA,"COLEGIUL TEHNIC TRANSILVANIA (FOSTA ȘCOALĂ GENERALĂ)",29,"MUNICIPIUL DEVA",86687,1,PROV,PRCNCT,CJ,CJ_SV,"2024-06-10 07:26:17",1344,1333,1,10,0,541,531,0,10,0,519,22,1400,859,81,53,115,156,14,61,6,8,25
22,HUNEDOARA,"COLEGIUL TEHNIC TRANSILVANIA (FOSTA ȘCOALĂ GENERALĂ)",24,"MUNICIPIUL DEVA",86687,1,PROV,PRCNCT,CJ,CJ_SV,"2024-06-10 03:56:45",865,855,1,9,0,331,322,0,9,0,321,10,1100,769,51,23,73,96,12,52,3,3,8
22,HUNEDOARA,"COLEGIUL TEHNIC TRANSILVANIA (FOSTA ȘCOALĂ GENERALĂ)",25,"MUNICIPIUL DEVA",86687,1,PROV,PRCNCT,CJ,CJ_SV,"2024-06-10 08:55:14",743,732,2,9,0,306,297,0,9,0,287,10,1000,703,34,17,67,87,3,55,7,8,9
22,HUNEDOARA,"COLEGIUL TEHNIC TRANSILVANIA(FOSTA ȘCOALĂ GENERALĂ)",30,"MUNICIPIUL DEVA",86687,1,PROV,PRCNCT,CJ,CJ_SV,"2024-06-10 03:29:08",1462,1448,1,13,0,619,606,0,13,0,596,23,1600,981,117,39,113,167,18,79,11,28,24
22,HUNEDOARA,"CONSILIUL LOCAL CĂLAN",188,"ORAŞ CĂLAN",87424,1,PROV,PRCNCT,CJ,CJ_SV,"2024-06-10 06:37:13",1037,1004,7,10,16,574,547,1,10,16,537,37,1100,526,79,7,256,129,32,13,7,5,9
22,HUNEDOARA,"COOPERATIVA DE CONSUM BULZEȘTII DE JOS",326,"BULZEŞTII DE SUS",88920,1,PROV,PRCNCT,CJ,CJ_SV,"2024-06-10 02:19:53",157,107,0,49,1,139,89,0,49,1,125,14,173,34,22,7,52,38,2,1,1,0,2
22,HUNEDOARA,"DIRECȚIA DE ASISTENȚĂ SOCIALĂ PETRILA",231,"ORAŞ PETRILA",87077,1,PROV,PRCNCT,CJ,CJ_SV,"2024-06-10 03:01:48",1234,1225,0,9,0,445,436,0,9,0,425,20,1400,955,117,14,30,211,11,28,3,1,10
22,HUNEDOARA,"DIRECȚIA GENERALĂ DE ASISTENȚĂ SOCIALĂ ȘI PROTECȚIA COPILULUI",21,"MUNICIPIUL DEVA",86687,1,PROV,PRCNCT,CJ,CJ_SV,"2024-06-10 03:32:00",1034,1026,0,8,0,480,472,0,8,0,462,18,1100,620,53,30,89,163,12,69,6,15,25
22,HUNEDOARA,"DIRECŢIA SILVICĂ DEVA",22,"MUNICIPIUL DEVA",86687,1,PROV,PRCNCT,CJ,CJ_SV,"2024-06-10 05:44:23",1115,1102,0,12,1,467,454,0,12,1,449,18,1200,733,56,32,94,163,11,59,6,9,19
22,HUNEDOARA,"DISPENSAR GOVĂJDIA",369,GHELARI,86883,1,PROV,PRCNCT,CJ,CJ_SV,"2024-06-10 00:31:26",88,81,0,7,0,42,35,0,7,0,42,0,88,46,6,6,6,18,0,3,3,0,0
22,HUNEDOARA,"DISPENSAR UMAN BÂRSĂU",378,HĂRĂU,89801,1,PROV,PRCNCT,CJ,CJ_SV,"2024-06-10 03:05:29",423,402,0,7,14,288,267,0,7,14,280,8,458,170,46,5,39,151,7,19,0,3,10
22,HUNEDOARA,"GALERIA FORMA",16,"MUNICIPIUL DEVA",86687,1,PROV,PRCNCT,CJ,CJ_SV,"2024-06-10 09:31:22",1226,1206,8,12,0,599,587,0,12,0,585,14,1301,698,90,34,154,170,14,74,8,19,22
22,HUNEDOARA,"GRĂDINIŢA „CĂSUȚA CU POVEȘTI”",130,"MUNICIPIUL ORĂŞTIE",87638,1,PROV,PRCNCT,CJ,CJ_SV,"2024-06-10 05:39:35",1358,1331,3,10,14,566,542,0,10,14,525,41,1450,884,108,22,99,224,9,40,4,4,15
22,HUNEDOARA,"GRĂDINIŢA CU ORAR NORMAL MICRO III PN 2 ”ZORI DE ZI”",93,"MUNICIPIUL HUNEDOARA",86810,1,PROV,PRCNCT,CJ,CJ_SV,"2024-06-10 03:01:50",1260,1248,0,12,0,498,486,0,12,0,455,31,1300,813,59,25,48,251,11,34,9,5,13
22,HUNEDOARA,"GRĂDINIȚA CU PROGRAM NORMAL DIN CADRUL ȘCOLII GIMNAZIALE NR. 6",179,"MUNICIPIUL VULCAN",87175,1,PROV,PRCNCT,CJ,CJ_SV,"2024-06-10 04:24:00",1226,1216,0,10,0,391,381,0,10,0,364,27,1300,909,87,14,78,165,1,9,1,0,9
22,HUNEDOARA,"GRĂDINIŢA CU PROGRAM NORMAL MICRO VII PN6",69,"MUNICIPIUL HUNEDOARA",86810,1,PROV,PRCNCT,CJ,CJ_SV,"2024-06-10 03:19:46",1187,1176,1,10,0,368,358,0,10,0,346,21,1300,932,64,10,27,179,6,27,11,2,20
22,HUNEDOARA,"GRĂDINIŢA CU PROGRAM NORMAL NR.1 GEOAGIU,",205,"ORAŞ GEOAGIU",89561,1,PROV,PRCNCT,CJ,CJ_SV,"2024-06-10 07:48:18",1250,1210,2,17,21,909,871,0,17,21,848,61,1300,391,84,12,479,249,4,9,4,3,4
22,HUNEDOARA,"GRĂDINIŢA CU PROGRAM NORMAL NR. 1 LUPENI",118,"MUNICIPIUL LUPENI",87059,1,PROV,PRCNCT,CJ,CJ_SV,"2024-06-10 03:59:15",1471,1464,0,7,0,502,495,0,7,0,465,37,1600,1091,56,21,35,327,1,7,9,3,6
22,HUNEDOARA,"GRADINITA CU PROGRAM NORMAL NR.1 SIMERIA",240,"ORAŞ SIMERIA",87665,1,PROV,PRCNCT,CJ,CJ_SV,"2024-06-10 16:49:07",1455,1444,0,10,1,791,780,0,10,1,742,39,1600,809,98,17,288,241,6,44,8,5,35
22,HUNEDOARA,"GRĂDINIŢA CU PROGRAM NORMAL NR. 2 LUPENI",125,"MUNICIPIUL LUPENI",87059,1,PROV,PRCNCT,CJ,CJ_SV,"2024-06-10 02:17:59",902,897,0,5,0,297,292,0,5,0,286,11,1000,703,40,5,32,192,2,2,5,0,8
22,HUNEDOARA,"GRĂDINIŢA CU PROGRAM NORMAL NR. 2 LUPENI",124,"MUNICIPIUL LUPENI",87059,1,PROV,PRCNCT,CJ,CJ_SV,"2024-06-10 02:44:19",921,917,0,4,0,355,351,0,4,0,344,11,1000,645,55,14,32,206,3,16,8,2,8
22,HUNEDOARA,"GRĂDINIŢA CU PROGRAM NORMAL NR. 2 LUPENI",126,"MUNICIPIUL LUPENI",87059,1,PROV,PRCNCT,CJ,CJ_SV,"2024-06-10 02:38:23",1180,1175,0,5,0,425,420,0,5,0,414,11,1200,775,67,16,32,255,6,11,7,4,16
22,HUNEDOARA,"GRĂDINIȚA CU PROGRAM NORMAL ŞCOALA GIMNAZIALĂ NR. 1",113,"MUNICIPIUL LUPENI",87059,1,PROV,PRCNCT,CJ,CJ_SV,"2024-06-10 02:56:44",776,769,0,7,0,282,275,0,7,0,263,19,900,618,40,15,24,161,2,6,3,2,10
22,HUNEDOARA,"GRĂDINIȚA CU PROGRAM PRELUNGIT AEROPORT",155,"MUNICIPIUL PETROŞANI",86990,1,PROV,PRCNCT,CJ,CJ_SV,"2024-06-10 03:40:57",823,813,1,9,0,242,233,0,9,0,222,20,924,682,76,9,13,93,2,15,5,3,6
22,HUNEDOARA,"GRĂDINIȚA CU PROGRAM PRELUNGIT „FLOAREA SOARELUI” HUNEDOARA",92,"MUNICIPIUL HUNEDOARA",86810,1,PROV,PRCNCT,CJ,CJ_SV,"2024-06-10 02:17:08",1049,1043,1,5,0,391,386,0,5,0,359,32,1100,709,72,13,30,200,8,25,3,1,7
22,HUNEDOARA,"GRĂDINIȚA CU PROGRAM PRELUNGIT „FLOAREA SOARELUI” HUNEDOARA",90,"MUNICIPIUL HUNEDOARA",86810,1,PROV,PRCNCT,CJ,CJ_SV,"2024-06-10 03:50:06",1102,1098,0,4,0,419,415,0,4,0,413,1,1200,770,61,20,33,240,10,24,14,2,9
22,HUNEDOARA,"GRĂDINIȚA CU PROGRAM PRELUNGIT „FLOAREA SOARELUI” HUNEDOARA",91,"MUNICIPIUL HUNEDOARA",86810,1,PROV,PRCNCT,CJ,CJ_SV,"2024-06-10 01:21:01",954,947,2,5,0,347,342,0,5,0,334,13,1000,653,55,26,22,190,7,17,12,0,5
22,HUNEDOARA,"GRĂDINIȚA CU PROGRAM PRELUNGIT NR.2",40,"MUNICIPIUL DEVA",86687,1,PROV,PRCNCT,CJ,CJ_SV,"2024-06-10 08:22:10",1129,1115,1,12,1,495,482,0,12,1,474,21,1200,705,93,29,91,126,11,63,8,26,27
22,HUNEDOARA,"GRĂDINIȚA CU PROGRAM PRELUNGIT NR.2",42,"MUNICIPIUL DEVA",86687,1,PROV,PRCNCT,CJ,CJ_SV,"2024-06-10 04:02:10",840,833,0,6,1,352,345,0,6,1,336,16,1100,746,58,26,73,110,10,33,5,8,13
22,HUNEDOARA,"GRĂDINIȚA CU PROGRAM PRELUNGIT NR.2",41,"MUNICIPIUL DEVA",86687,1,PROV,PRCNCT,CJ,CJ_SV,"2024-06-10 05:06:31",898,886,1,10,1,383,373,0,9,1,365,16,1100,719,62,25,93,92,19,43,5,14,12
22,HUNEDOARA,"GRĂDINIȚA CU PROGRAM PRELUNGIT NR 7",12,"MUNICIPIUL DEVA",86687,1,PROV,PRCNCT,CJ,CJ_SV,"2024-06-10 05:29:06",1197,1151,32,14,0,537,523,0,14,0,517,20,1300,763,70,33,133,151,13,73,9,16,19
22,HUNEDOARA,"GRĂDINIŢA CU PROGRAM PRELUNGIT ”PITICOT”",85,"MUNICIPIUL HUNEDOARA",86810,1,PROV,PRCNCT,CJ,CJ_SV,"2024-06-10 04:58:46",817,808,2,7,0,336,329,0,7,0,313,23,1000,664,30,12,39,177,8,30,7,1,9
22,HUNEDOARA,"GRĂDINIŢA CU PROGRAM PRELUNGIT ”PITICOT”",86,"MUNICIPIUL HUNEDOARA",86810,1,PROV,PRCNCT,CJ,CJ_SV,"2024-06-10 01:35:31",1067,1062,0,5,0,380,375,0,5,0,352,28,1200,820,52,28,49,172,6,32,4,1,8
22,HUNEDOARA,"GRĂDINIȚA CU PROGRAM SĂPTĂMÂNAL LUMEA COPIILOR",119,"MUNICIPIUL LUPENI",87059,1,PROV,PRCNCT,CJ,CJ_SV,"2024-06-10 04:24:53",1513,1508,0,5,0,615,610,0,5,0,577,38,1600,985,79,32,39,357,5,28,8,7,22
22,HUNEDOARA,"GRADINIŢA P.N. NR.3",38,"MUNICIPIUL DEVA",86687,1,PROV,PRCNCT,CJ,CJ_SV,"2024-06-10 09:17:10",1458,1449,1,8,0,561,553,0,8,0,543,18,1500,939,108,39,98,198,14,51,6,16,13
22,HUNEDOARA,"GRADINIŢA P.N. NR.3",37,"MUNICIPIUL DEVA",86687,1,PROV,PRCNCT,CJ,CJ_SV,"2024-06-10 07:00:46",1441,1432,4,5,0,544,539,0,5,0,516,28,1500,956,126,29,91,152,13,68,11,8,18
22,HUNEDOARA,"GRĂDINIȚA PN+PP NR. 1",166,"MUNICIPIUL VULCAN",87175,1,PROV,PRCNCT,CJ,CJ_SV,"2024-06-10 04:55:42",1131,1116,0,15,0,456,441,0,15,0,434,22,1300,844,62,19,100,200,5,23,5,7,13
22,HUNEDOARA,"GRĂDINIŢA P.P. ”FLOARE DE COLŢ”",55,"MUNICIPIUL BRAD",87291,1,PROV,PRCNCT,CJ,CJ_SV,"2024-06-10 06:21:50",1051,1032,2,6,11,464,446,1,6,11,430,34,1151,687,87,11,107,177,3,27,4,7,7
22,HUNEDOARA,"IMOBILUL NR 9 DIN SATUL COAJA",517,VORŢA,92097,1,PROV,PRCNCT,CJ,CJ_SV,"2024-06-10 01:49:40",138,88,0,39,11,130,80,0,39,11,119,11,135,5,7,3,48,54,0,6,1,0,0
22,HUNEDOARA,"LICEUL DE ARTE SIGISMUND TODUŢĂ",10,"MUNICIPIUL DEVA",86687,1,PROV,PRCNCT,CJ,CJ_SV,"2024-06-10 04:29:28",1162,1120,5,5,32,572,535,0,5,32,540,22,1200,638,81,43,120,173,7,78,1,10,27
22,HUNEDOARA,"LICEUL DE ARTE SIGISMUND TODUŢĂ",11,"MUNICIPIUL DEVA",86687,1,PROV,PRCNCT,CJ,CJ_SV,"2024-06-10 07:35:24",1389,1374,4,11,0,584,573,0,11,0,566,18,1500,916,94,52,105,189,22,67,6,11,20
22,HUNEDOARA,"LICEUL DE ARTE SIGISMUND TODUȚĂ",9,"MUNICIPIUL DEVA",86687,1,PROV,PRCNCT,CJ,CJ_SV,"2024-06-10 03:41:27",1222,1204,6,10,2,551,539,0,10,2,535,16,1300,749,83,38,107,174,17,70,12,11,23
22,HUNEDOARA,"LICEUL DE ARTE SIGISMUND TODUȚĂ",8,"MUNICIPIUL DEVA",86687,1,PROV,PRCNCT,CJ,CJ_SV,"2024-06-10 04:18:44",1251,1241,0,10,0,478,468,0,10,0,454,24,1400,922,78,40,88,133,16,55,9,16,19
22,HUNEDOARA,"LICEUL DE ARTE SIGISMUND TODUȚĂ (FOSTA ŞCOALĂ GENERALĂ LUCIAN BLAGA NR. 2)",14,"MUNICIPIUL DEVA",86687,1,PROV,PRCNCT,CJ,CJ_SV,"2024-06-10 03:05:59",1148,1132,6,10,0,518,508,0,10,0,496,22,1200,682,74,28,103,199,17,50,7,5,13
22,HUNEDOARA,"LICEUL DE ARTE SIGISMUND TODUȚĂ (FOSTA ŞCOALĂ GENERALĂ LUCIAN BLAGA NR. 2)",15,"MUNICIPIUL DEVA",86687,1,PROV,PRCNCT,CJ,CJ_SV,"2024-06-10 05:46:25",1181,1173,1,7,0,565,557,1,7,0,527,38,1200,635,67,37,148,166,11,64,11,6,17
22,HUNEDOARA,"LICEUL TEHNOLOGIC ”CRIŞAN” CRIŞCIOR",352,CRIŞCIOR,87362,1,PROV,PRCNCT,CJ,CJ_SV,"2024-06-10 05:48:36",1181,1180,0,1,0,654,653,0,1,0,605,49,1297,643,127,24,108,286,3,22,21,4,10
22,HUNEDOARA,"LICEUL TEHNOLOGIC ”GRIGORE MOISIL”(FOSTUL LICEU MINIER)",39,"MUNICIPIUL DEVA",86687,1,PROV,PRCNCT,CJ,CJ_SV,"2024-06-10 08:48:00",829,812,2,9,6,412,397,0,9,6,370,27,1090,693,51,33,79,134,11,35,3,11,13
22,HUNEDOARA,"LICEUL TEHNOLOGIC ”MIHAI VITEAZU” VULCAN",171,"MUNICIPIUL VULCAN",87175,1,PROV,PRCNCT,CJ,CJ_SV,"2024-06-10 04:20:04",1004,995,1,8,0,394,386,0,8,0,379,15,1100,706,57,9,93,177,2,16,5,6,14
22,HUNEDOARA,"LICEUL TEHNOLOGIC ”MIHAI VITEAZU” VULCAN",170,"MUNICIPIUL VULCAN",87175,1,PROV,PRCNCT,CJ,CJ_SV,"2024-06-10 06:01:17",1004,994,1,9,0,362,353,0,9,0,346,16,1100,738,53,15,82,170,2,14,1,4,5
22,HUNEDOARA,"LICEUL TEHNOLOGIC „NICOLAUS OLAHUS”",136,"MUNICIPIUL ORĂŞTIE",87638,1,PROV,PRCNCT,CJ,CJ_SV,"2024-06-10 06:01:55",1326,1309,6,10,1,550,539,0,10,1,515,35,1500,950,86,13,115,227,9,50,4,3,8
22,HUNEDOARA,"LICEUL TEHNOLOGIC ”RETEZAT” URICANI",250,"ORAŞ URICANI",87139,1,PROV,PRCNCT,CJ,CJ_SV,"2024-06-10 03:08:37",1649,1637,3,6,3,594,585,0,6,3,556,38,1800,1206,77,22,58,353,4,20,4,3,15
22,HUNEDOARA,"LICEUL TEORETIC „AUREL VLAICU”",137,"MUNICIPIUL ORĂŞTIE",87638,1,PROV,PRCNCT,CJ,CJ_SV,"2024-06-10 06:24:31",1413,1397,7,8,1,639,629,1,8,1,567,72,1540,901,127,16,125,234,10,39,5,2,9
22,HUNEDOARA,"LICEUL TEORETIC „AVRAM IANCU” BRAD",53,"MUNICIPIUL BRAD",87291,1,PROV,PRCNCT,CJ,CJ_SV,"2024-06-10 03:51:05",960,951,3,6,0,425,419,0,6,0,405,20,1055,630,88,13,81,171,5,35,6,5,1
22,HUNEDOARA,"LICEUL TEORETIC „AVRAM IANCU” BRAD",54,"MUNICIPIUL BRAD",87291,1,PROV,PRCNCT,CJ,CJ_SV,"2024-06-10 03:55:20",1005,1001,2,2,0,453,450,1,2,0,426,27,1159,706,85,6,121,146,7,48,0,6,7
22,HUNEDOARA,"LICEUL TEORETIC ”MIRCEA ELIADE” LUPENI",120,"MUNICIPIUL LUPENI",87059,1,PROV,PRCNCT,CJ,CJ_SV,"2024-06-10 06:55:38",483,465,0,17,1,483,465,0,17,1,451,32,1500,891,74,17,42,286,7,10,9,3,3
22,HUNEDOARA,"LICEUL TEORETIC ”MIRCEA ELIADE” LUPENI",121,"MUNICIPIUL LUPENI",87059,1,PROV,PRCNCT,CJ,CJ_SV,"2024-06-10 05:04:29",856,847,1,8,0,268,260,0,8,0,255,13,1000,732,60,12,18,148,1,11,0,2,3
22,HUNEDOARA,"LICEU TEHNOLOGIC OVID DENSUŞIANU",191,"ORAŞ CĂLAN",87424,1,PROV,PRCNCT,CJ,CJ_SV,"2024-06-10 06:35:14",1486,1467,2,13,4,699,682,0,13,4,661,38,1600,901,136,26,213,183,25,55,8,3,12
22,HUNEDOARA,"MAGAZIN SĂTESC DIN SATUL PLOP",370,GHELARI,86883,1,PROV,PRCNCT,CJ,CJ_SV,"2024-06-09 23:30:21",34,19,0,15,0,27,12,0,15,0,27,0,36,9,1,1,3,21,0,0,1,0,0
22,HUNEDOARA,"OCOLUL SILVIC SIMERIA",243,"ORAŞ SIMERIA",87665,1,PROV,PRCNCT,CJ,CJ_SV,"2024-06-10 05:28:20",1397,1375,0,19,3,706,684,0,19,3,680,26,1510,804,122,21,187,255,14,51,6,0,24
22,HUNEDOARA,"OFICIUL DE CADASTRU ȘI PUBLICITATE IMOBILIARĂ HUNEDOARA",4,"MUNICIPIUL DEVA",86687,1,PROV,PRCNCT,CJ,CJ_SV,"2024-06-10 06:41:16",1281,1275,0,6,0,577,571,0,6,0,557,20,1400,823,86,43,148,166,11,67,10,7,19
22,HUNEDOARA,"OFICIUL DE CADASTRU ȘI PUBLICITATE IMOBILIARĂ HUNEDOARA",5,"MUNICIPIUL DEVA",86687,1,PROV,PRCNCT,CJ,CJ_SV,"2024-06-10 02:27:14",1331,1324,0,7,0,545,538,0,7,0,520,25,1400,855,82,37,126,136,20,78,8,8,25
22,HUNEDOARA,"OFICIUL DE GOSPODĂRIRE A APELOR",135,"MUNICIPIUL ORĂŞTIE",87638,1,PROV,PRCNCT,CJ,CJ_SV,"2024-06-10 09:15:22",1532,1521,2,9,0,677,668,0,9,0,645,22,1600,933,95,16,139,288,8,78,4,3,14
22,HUNEDOARA,"PALATUL CULTURAL LUPENI",110,"MUNICIPIUL LUPENI",87059,1,PROV,PRCNCT,CJ,CJ_SV,"2024-06-10 06:37:13",1518,1511,0,7,0,708,701,0,7,0,677,31,1700,992,107,23,53,468,4,11,2,2,7
22,HUNEDOARA,"PRIMĂRIA BULZEȘTII DE SUS SALA DE ȘEDINȚĂ",325,"BULZEŞTII DE SUS",88920,1,PROV,PRCNCT,CJ,CJ_SV,"2024-06-10 03:26:46",226,130,1,93,2,203,107,1,93,2,180,23,210,7,21,1,73,69,2,9,0,2,3
22,HUNEDOARA,"PRIMĂRIA COMUNEI BALŞA",259,BALŞA,87843,1,PROV,PRCNCT,CJ,CJ_SV,"2024-06-10 02:35:11",254,216,14,14,10,164,135,5,14,10,157,7,252,88,14,4,111,23,1,4,0,0,0
22,HUNEDOARA,"PRIMĂRIA COMUNEI BĂTRÂNA",280,BĂTRÂNA,88216,1,PROV,PRCNCT,CJ,CJ_SV,"2024-06-09 23:49:39",126,90,0,34,2,99,63,0,34,2,95,4,139,40,5,8,6,73,0,2,1,0,0
22,HUNEDOARA,"PRIMĂRIA COMUNEI BUCEŞ",314,BUCEŞ,88788,1,PROV,PRCNCT,CJ,CJ_SV,"2024-06-10 00:37:23",134,121,0,5,8,97,84,0,5,8,94,3,140,43,7,0,31,53,0,2,0,0,1
22,HUNEDOARA,"PRIMĂRIA COMUNEI CRIȘCIOR - CASA CĂSĂTORIILOR",351,CRIŞCIOR,87362,1,PROV,PRCNCT,CJ,CJ_SV,"2024-06-10 03:19:33",1288,1267,4,7,10,813,796,0,7,10,769,44,1400,587,119,15,170,415,5,24,4,3,14
22,HUNEDOARA,"PRIMĂRIA COMUNEI GHELARI",367,GHELARI,86883,1,PROV,PRCNCT,CJ,CJ_SV,"2024-06-10 03:48:13",631,599,5,20,7,388,363,0,20,5,370,17,673,286,36,7,125,158,0,20,16,1,7
22,HUNEDOARA,"PRIMARIA COMUNEI LELESE, SALA BIBLIONET",390,LELESE,90066,1,PROV,PRCNCT,CJ,CJ_SV,"2024-06-10 00:14:19",148,129,0,8,11,104,85,0,8,11,101,3,153,49,7,6,14,73,0,0,1,0,0
22,HUNEDOARA,"PRIMĂRIA COMUNEI RAPOLTU MARE",428,"RAPOLTU MARE",90663,1,PROV,PRCNCT,CJ,CJ_SV,"2024-06-10 04:29:23",780,753,0,17,10,531,504,0,17,10,489,42,830,299,145,10,106,180,3,24,2,14,5
22,HUNEDOARA,"PRIMĂRIA MUNICIPIULUI ORĂŞTIE",138,"MUNICIPIUL ORĂŞTIE",87638,1,PROV,PRCNCT,CJ,CJ_SV,"2024-06-10 03:37:21",1377,1365,4,8,0,594,586,0,8,0,571,23,1500,906,87,13,110,262,3,61,5,5,25
22,HUNEDOARA,"PRIMĂRIA ORAŞULUI HAŢEG",214,"ORAŞ HAŢEG",87576,1,PROV,PRCNCT,CJ,CJ_SV,"2024-06-10 13:55:58",1485,1429,1,39,16,942,887,0,39,16,873,65,1600,661,207,21,206,357,6,54,12,2,8
22,HUNEDOARA,"SALĂ DE ȘEDINȚE PRIMĂRIA COMUNEI GURASADA",372,GURASADA,89687,1,PROV,PRCNCT,CJ,CJ_SV,"2024-06-10 05:33:21",623,552,0,47,24,417,346,0,47,24,399,18,650,233,55,4,109,216,0,4,4,2,5
22,HUNEDOARA,"SALA DE SPORT",175,"MUNICIPIUL VULCAN",87175,1,PROV,PRCNCT,CJ,CJ_SV,"2024-06-10 10:44:49",1378,1371,1,6,0,537,531,0,6,0,511,26,1500,963,89,15,156,188,4,36,4,8,11
22,HUNEDOARA,"SALA DE SPORT A ŞCOLII GIMNAZIALE „DOMINIC STANCA”",129,"MUNICIPIUL ORĂŞTIE",87638,1,PROV,PRCNCT,CJ,CJ_SV,"2024-06-10 08:17:39",1461,1443,7,11,0,589,578,0,11,0,563,26,1700,1111,109,10,128,231,4,57,7,3,14
22,HUNEDOARA,"SALA SPORTURILOR",7,"MUNICIPIUL DEVA",86687,1,PROV,PRCNCT,CJ,CJ_SV,"2024-06-10 04:41:04",1218,1205,4,7,2,541,532,0,7,2,524,17,1300,759,83,48,121,166,12,50,8,12,24
22,HUNEDOARA,"SALA SPORTURILOR",6,"MUNICIPIUL DEVA",86687,1,PROV,PRCNCT,CJ,CJ_SV,"2024-06-10 04:45:12",1229,1212,1,16,0,540,524,0,16,0,521,19,1400,860,68,40,123,170,19,68,3,8,22
22,HUNEDOARA,"ŞCOALA CU CLASELE I-IV GARĂ",134,"MUNICIPIUL ORĂŞTIE",87638,1,PROV,PRCNCT,CJ,CJ_SV,"2024-06-10 06:08:09",1388,1381,0,6,1,552,545,0,6,1,515,37,1500,948,93,18,71,271,4,37,6,7,8
22,HUNEDOARA,"ŞCOALA GENERALĂ ALMAŞU MIC DE MUNTE",260,BALŞA,87843,1,PROV,PRCNCT,CJ,CJ_SV,"2024-06-10 01:01:40",69,53,0,9,7,47,31,0,9,7,47,0,58,11,6,2,32,4,1,1,0,1,0
22,HUNEDOARA,"ȘCOALA GENERALĂ CĂRĂSTĂU",254,"BAIA DE CRIŞ",87745,1,PROV,PRCNCT,CJ,CJ_SV,"2024-06-10 00:36:47",151,145,0,6,0,93,87,0,6,0,92,1,165,72,15,4,19,49,0,2,1,0,2
22,HUNEDOARA,"ŞCOALA GENERALĂ CĂRMĂZĂNEŞTI",374,GURASADA,89687,1,PROV,PRCNCT,CJ,CJ_SV,"2024-06-10 00:56:51",77,72,0,5,0,50,45,0,5,0,47,3,80,30,2,0,18,26,0,1,0,0,0
22,HUNEDOARA,"ȘCOALA GENERALĂ CĂSTĂU",282,BERIU,88261,1,PROV,PRCNCT,CJ,CJ_SV,"2024-06-10 06:38:03",1139,1120,0,10,9,676,657,0,10,9,640,36,1250,574,117,16,294,168,2,30,4,2,7
22,HUNEDOARA,"ȘCOALA GENERALĂ CLASELE I-VIII TOTEȘTI",493,TOTEŞTI,91624,1,PROV,PRCNCT,CJ,CJ_SV,"2024-06-10 01:55:45",284,271,0,4,9,225,212,0,4,9,216,9,303,78,18,3,20,161,2,5,1,4,2
22,HUNEDOARA,"ȘCOALA GENERALĂ CLS.1-4 ȘTEIA",487,TOMEŞTI,91447,1,PROV,PRCNCT,CJ,CJ_SV,"2024-06-10 04:18:17",277,258,0,8,11,248,229,0,8,11,239,9,332,84,17,2,120,93,0,4,2,0,1
22,HUNEDOARA,"ȘCOALA GENERALĂ CU CLS. I-IV NOJAG",347,"CERTEJU DE SUS",89240,1,PROV,PRCNCT,CJ,CJ_SV,"2024-06-10 00:54:10",208,189,0,12,7,150,131,0,12,7,145,5,210,60,16,5,48,67,1,6,0,1,1
22,HUNEDOARA,"ȘCOALA GENERALĂ CU CLS. I-IV VĂRMAGA",350,"CERTEJU DE SUS",89240,1,PROV,PRCNCT,CJ,CJ_SV,"2024-06-10 03:43:07",268,248,4,13,3,169,153,0,13,3,159,10,275,106,28,3,35,85,1,4,2,0,1
22,HUNEDOARA,"ȘCOALA GENERALĂ LUNCA",255,"BAIA DE CRIŞ",87745,1,PROV,PRCNCT,CJ,CJ_SV,"2024-06-10 01:01:38",224,214,0,7,3,138,128,0,7,3,133,5,244,106,37,0,47,39,2,5,1,0,2
22,HUNEDOARA,"ŞCOALA GENERALĂ OHABA DE SUB PIATRĂ",460,"SĂLAŞU DE SUS",91116,1,PROV,PRCNCT,CJ,CJ_SV,"2024-06-10 01:19:36",164,159,0,4,1,101,96,0,4,1,98,3,185,84,7,10,9,65,0,3,1,1,2
22,HUNEDOARA,"ŞCOALA GENERALĂ PAROŞ",461,"SĂLAŞU DE SUS",91116,1,PROV,PRCNCT,CJ,CJ_SV,"2024-06-10 01:42:00",264,246,0,8,10,205,187,0,8,10,201,4,270,65,9,8,46,128,1,9,0,0,0
22,HUNEDOARA,"ŞCOALA GENERALĂ RÂU ALB",462,"SĂLAŞU DE SUS",91116,1,PROV,PRCNCT,CJ,CJ_SV,"2024-06-10 00:45:58",164,157,0,6,1,105,98,0,6,1,100,5,174,69,8,8,16,53,0,3,12,0,0
22,HUNEDOARA,"ŞCOALA GENERALĂ RÎU DE MORI",436,"RÂU DE MORI",90878,1,PROV,PRCNCT,CJ,CJ_SV,"2024-06-10 05:38:42",852,825,1,10,16,625,599,0,10,16,541,49,916,326,90,4,65,354,9,15,3,1,0
22,HUNEDOARA,"ŞCOALA GENERALĂ SĂLAŞU DE JOS",464,"SĂLAŞU DE SUS",91116,1,PROV,PRCNCT,CJ,CJ_SV,"2024-06-10 01:26:28",183,180,0,2,1,127,124,0,2,1,125,2,203,76,27,0,24,63,0,8,3,0,0
22,HUNEDOARA,"SCOALA GENERALA SIMERIA VECHE",246,"ORAŞ SIMERIA",87665,1,PROV,PRCNCT,CJ,CJ_SV,"2024-06-10 04:41:39",345,331,2,11,1,197,185,0,11,1,188,9,400,203,25,5,64,66,3,11,0,0,14
22,HUNEDOARA,"ŞCOALA GENERALĂ SULIGHETE",480,ŞOIMUŞ,91330,1,PROV,PRCNCT,CJ,CJ_SV,"2024-06-10 04:13:07",234,225,0,8,1,158,149,0,8,1,152,6,248,90,13,2,104,30,0,1,2,0,0
22,HUNEDOARA,"ȘCOALA GENERALĂ ŢĂRĂŢEL",59,"MUNICIPIUL BRAD",87291,1,PROV,PRCNCT,CJ,CJ_SV,"2024-06-10 04:11:52",575,567,1,7,0,280,273,0,7,0,272,8,650,370,62,3,62,109,3,22,0,3,8
22,HUNEDOARA,"ŞCOALA GENERALĂ VALEA BRADULUI",60,"MUNICIPIUL BRAD",87291,1,PROV,PRCNCT,CJ,CJ_SV,"2024-06-10 05:39:28",583,575,1,7,0,269,262,0,7,0,258,11,650,381,69,5,49,106,4,15,1,5,4
22,HUNEDOARA,"ŞCOALA GENERALĂ VĂLIŞOARA",265,BALŞA,87843,1,PROV,PRCNCT,CJ,CJ_SV,"2024-06-10 00:11:03",59,52,1,5,1,31,25,0,5,1,30,1,58,27,3,0,21,5,0,0,0,0,1
22,HUNEDOARA,"ŞCOALA GIMNAZIALĂ",189,"ORAŞ CĂLAN",87424,1,PROV,PRCNCT,CJ,CJ_SV,"2024-06-10 05:20:43",1084,1056,1,20,7,521,494,0,20,7,501,20,1100,579,100,17,195,134,11,27,6,1,10
22,HUNEDOARA,"ŞCOALA GIMNAZIALĂ",190,"ORAŞ CĂLAN",87424,1,PROV,PRCNCT,CJ,CJ_SV,"2024-06-10 06:54:40",1403,1371,1,18,13,643,615,0,18,10,608,35,1500,857,99,27,224,178,50,15,4,1,10
22,HUNEDOARA,"ȘCOALA GIMNAZIALĂ ”ARON DENSUȘIANU”, HAȚEG",216,"ORAŞ HAŢEG",87576,1,PROV,PRCNCT,CJ,CJ_SV,"2024-06-10 09:24:48",1601,1546,0,49,6,927,872,0,49,6,868,50,1690,772,222,19,185,310,13,90,11,3,15
22,HUNEDOARA,"ŞCOALA GIMNAZIALĂ ”AVRAM IANCU” BAIA DE CRIŞ",253,"BAIA DE CRIŞ",87745,1,PROV,PRCNCT,CJ,CJ_SV,"2024-06-10 01:56:02",584,574,3,5,2,361,353,1,5,2,338,15,638,285,45,4,179,88,3,13,0,0,6
22,HUNEDOARA,"ȘCOALA GIMNAZIALĂ AVRAM STANCA (ȘCOALA GENERALĂ NR.4)",145,"MUNICIPIUL PETROŞANI",86990,1,PROV,PRCNCT,CJ,CJ_SV,"2024-06-10 02:30:12",989,982,1,6,0,420,414,0,6,0,401,19,1200,780,90,37,57,132,4,51,4,5,21
22,HUNEDOARA,"ȘCOALA GIMNAZIALĂ AVRAM STANCA (ȘCOALA GENERALĂ NR.4)",146,"MUNICIPIUL PETROŞANI",86990,1,PROV,PRCNCT,CJ,CJ_SV,"2024-06-10 04:03:28",1583,1572,1,7,3,701,691,0,7,3,662,39,1700,999,144,27,113,250,17,69,6,3,33
22,HUNEDOARA,"ŞCOALA GIMNAZIALĂ BĂIEŞTI (CORP CLS. I-IV)",417,PUI,90538,1,PROV,PRCNCT,CJ,CJ_SV,"2024-06-10 04:05:51",141,134,0,6,1,141,134,0,6,1,134,7,210,69,24,3,55,31,0,17,2,1,1
22,HUNEDOARA,"ȘCOALA GIMNAZIALĂ BĂNIȚA",279,BĂNIŢA,87246,1,PROV,PRCNCT,CJ,CJ_SV,"2024-06-10 05:02:48",1078,1000,0,48,30,824,746,0,48,30,800,24,1094,270,87,17,302,356,2,25,2,1,8
22,HUNEDOARA,"ȘCOALA GIMNAZIALĂ BRETEA ROMÂNĂ",303,"BRETEA ROMÂNĂ",88644,1,PROV,PRCNCT,CJ,CJ_SV,"2024-06-10 01:16:49",216,206,1,9,0,134,125,0,9,0,130,4,226,92,22,3,27,71,1,1,2,1,2
22,HUNEDOARA,"ȘCOALA GIMNAZIALĂ CARMEN SYLVA (ȘCOALA GENERALĂ NR.6)",153,"MUNICIPIUL PETROŞANI",86990,1,PROV,PRCNCT,CJ,CJ_SV,"2024-06-10 04:06:50",1554,1551,0,3,0,617,614,0,3,0,577,40,1800,1183,134,41,61,206,20,59,12,5,39
22,HUNEDOARA,"ȘCOALA GIMNAZIALĂ CARMEN SYLVA (ȘCOALA GENERALĂ NR.6)",154,"MUNICIPIUL PETROŞANI",86990,1,PROV,PRCNCT,CJ,CJ_SV,"2024-06-10 04:17:07",1473,1467,0,6,0,506,500,0,6,0,474,32,1600,1094,137,20,41,216,5,14,5,6,30
22,HUNEDOARA,"ŞCOALA GIMNAZIALĂ „DOMINIC STANCA”",131,"MUNICIPIUL ORĂŞTIE",87638,1,PROV,PRCNCT,CJ,CJ_SV,"2024-06-10 05:38:27",1355,1344,1,10,0,495,485,0,10,0,494,1,1500,1005,109,14,100,199,9,42,3,3,15
22,HUNEDOARA,"ŞCOALA GIMNAZIALĂ „DR. A. VLAD”",133,"MUNICIPIUL ORĂŞTIE",87638,1,PROV,PRCNCT,CJ,CJ_SV,"2024-06-10 09:19:04",1555,1520,4,5,26,687,661,4,5,17,657,28,1704,1019,112,19,134,286,4,77,4,4,17
22,HUNEDOARA,"ŞCOALA GIMNAZIALĂ „HOREA CLOŞCA ŞI CRIŞAN”",56,"MUNICIPIUL BRAD",87291,1,PROV,PRCNCT,CJ,CJ_SV,"2024-06-10 04:11:18",1041,1036,2,3,0,416,413,0,3,0,391,25,1150,734,63,4,73,200,4,32,4,10,1
22,HUNEDOARA,"ȘCOALA GIMNAZIALĂ I.G. DUCA (ȘCOALA GENERALĂ NR. 1 - SEDIUL NOU)",142,"MUNICIPIUL PETROŞANI",86990,1,PROV,PRCNCT,CJ,CJ_SV,"2024-06-10 04:06:29",1280,1267,3,9,1,576,566,0,9,1,541,26,1400,833,110,32,96,213,8,48,8,8,18
22,HUNEDOARA,"ȘCOALA GIMNAZIALĂ ”I. G. DUCA” (ȘCOALA GENERALĂ NR.1) SEDIUL VECHI",140,"MUNICIPIUL PETROŞANI",86990,1,PROV,PRCNCT,CJ,CJ_SV,"2024-06-10 04:53:56",1557,1549,1,5,2,672,665,0,5,2,630,42,1700,1028,136,55,101,198,11,67,15,11,36
22,HUNEDOARA,"ȘCOALA GIMNAZIALĂ I.G.DUCA (ȘCOALA GENERALĂ NR. 1 - SEDIUL VECHI)",141,"MUNICIPIUL PETROŞANI",86990,1,PROV,PRCNCT,CJ,CJ_SV,"2024-06-10 06:55:07",1408,1400,1,7,0,584,577,0,7,0,546,38,1600,1016,116,36,84,206,4,54,6,12,28
22,HUNEDOARA,"ȘCOALA GIMNAZIALĂ „ION DESIDERIU SÎRBU” PETRILA",225,"ORAŞ PETRILA",87077,1,PROV,PRCNCT,CJ,CJ_SV,"2024-06-10 05:42:33",1173,1164,1,8,0,468,460,0,8,0,444,20,1200,736,90,21,35,227,7,39,7,6,12
22,HUNEDOARA,"ȘCOALA GIMNAZIALĂ „ION DESIDERIU SÎRBU” PETRILA (GRĂDINIȚA CU PROGRAM NORMAL „I.D.SÎRBU”)",224,"ORAŞ PETRILA",87077,1,PROV,PRCNCT,CJ,CJ_SV,"2024-06-10 04:29:44",1302,1289,1,10,2,512,500,0,10,2,483,29,1400,888,83,36,45,250,24,25,9,2,9
22,HUNEDOARA,"ȘCOALA GIMNAZIALĂ „ION DESIDERIU SÎRBU” PETRILA (GRĂDINIȚA CU PROGRAM NORMAL „I.D.SÎRBU”)",223,"ORAŞ PETRILA",87077,1,PROV,PRCNCT,CJ,CJ_SV,"2024-06-10 05:40:21",1337,1328,0,8,1,524,515,0,8,1,506,9,1600,1076,121,20,57,210,30,35,8,6,19
22,HUNEDOARA,"ȘCOALA GIMNAZIALĂ „ION GHEORGHE DUCA” PETROȘANI - GRĂDINIȚA CU PROGRAM NORMAL ȘI PRELUNGIT",148,"MUNICIPIUL PETROŞANI",86990,1,PROV,PRCNCT,CJ,CJ_SV,"2024-06-10 05:18:14",843,832,2,9,0,347,338,0,9,0,332,15,1000,653,49,30,58,120,4,42,6,4,19
22,HUNEDOARA,"SCOALA GIMNAZIALA ISCRONI",187,"ORAŞ ANINOASA",87219,1,PROV,PRCNCT,CJ,CJ_SV,"2024-06-10 05:22:34",1268,1262,0,3,3,541,535,0,3,3,511,30,1400,859,162,19,96,184,4,35,4,0,7
22,HUNEDOARA,"ŞCOALA GIMNAZIALĂ LUNCA CERNII DE JOS",393,"LUNCA CERNII DE JOS",90119,1,PROV,PRCNCT,CJ,CJ_SV,"2024-06-10 01:16:13",347,336,2,9,0,251,242,0,9,0,238,13,377,126,17,8,155,51,0,3,3,0,1
22,HUNEDOARA,"ŞCOALA GIMNAZIALA „MIRCEA SÂNTIMBREANU”",49,"MUNICIPIUL BRAD",87291,1,PROV,PRCNCT,CJ,CJ_SV,"2024-06-10 06:01:54",1373,1370,1,2,0,598,596,0,2,0,561,37,1600,1002,94,23,106,242,5,63,5,11,12
22,HUNEDOARA,"ŞCOALA GIMNAZIALĂ „MIRCEA SÂNTIMBREANU”",51,"MUNICIPIUL BRAD",87291,1,PROV,PRCNCT,CJ,CJ_SV,"2024-06-10 02:19:33",1187,1183,0,4,0,478,474,0,4,0,455,23,1227,749,91,11,107,200,10,26,0,10,0
22,HUNEDOARA,"ŞCOALA GIMNAZIALĂ „MIRCEA SÂNTIMBREANU”",52,"MUNICIPIUL BRAD",87291,1,PROV,PRCNCT,CJ,CJ_SV,"2024-06-10 04:40:19",1221,1202,2,2,15,480,463,0,2,15,425,55,1268,787,63,8,63,238,6,32,0,9,6
22,HUNEDOARA,"ŞCOALA GIMNAZIALĂ „MIRCEA SÂNTIMBREANU”",50,"MUNICIPIUL BRAD",87291,1,PROV,PRCNCT,CJ,CJ_SV,"2024-06-10 03:51:45",1179,1176,0,3,0,462,459,0,3,0,439,23,1250,788,73,15,115,173,7,46,3,5,2
22,HUNEDOARA,"ŞCOALA GIMNAZIALĂ NR. 1",112,"MUNICIPIUL LUPENI",87059,1,PROV,PRCNCT,CJ,CJ_SV,"2024-06-10 03:46:47",1002,995,0,7,0,377,370,0,7,0,362,15,1100,723,53,40,14,228,1,16,1,1,8
22,HUNEDOARA,"ŞCOALA GIMNAZIALĂ NR. 1",111,"MUNICIPIUL LUPENI",87059,1,PROV,PRCNCT,CJ,CJ_SV,"2024-06-10 04:45:06",1257,1235,2,2,18,509,489,0,2,18,486,23,1300,791,65,27,45,303,0,28,6,2,10
22,HUNEDOARA,"ȘCOALA GIMNAZIALĂ NR. 1 ( FOSTA ȘCOALĂ GENERALĂ NR. 12)",63,"MUNICIPIUL HUNEDOARA",86810,1,PROV,PRCNCT,CJ,CJ_SV,"2024-06-10 04:28:56",1380,1371,1,8,0,393,385,0,8,0,368,25,1600,1207,102,12,34,171,7,28,6,1,7
22,HUNEDOARA,"ȘCOALA GIMNAZIALĂ NR. 1 ( FOSTA ȘCOALĂ GENERALĂ NR. 12)",61,"MUNICIPIUL HUNEDOARA",86810,1,PROV,PRCNCT,CJ,CJ_SV,"2024-06-10 04:31:48",1403,1395,0,8,0,468,460,0,8,0,434,34,1600,1132,102,11,29,244,4,27,6,6,5
22,HUNEDOARA,"ȘCOALA GIMNAZIALĂ NR. 1 ( FOSTA ȘCOALĂ GENERALĂ NR. 12)",62,"MUNICIPIUL HUNEDOARA",86810,1,PROV,PRCNCT,CJ,CJ_SV,"2024-06-10 05:11:22",1392,1380,0,7,5,399,387,0,7,5,360,12,1600,1228,88,17,29,191,6,13,9,4,3
22,HUNEDOARA,"ŞCOALA GIMNAZIALĂ NR. 1 (FOSTA ŞCOALĂ GENERALĂ NR. 9)",68,"MUNICIPIUL HUNEDOARA",86810,1,PROV,PRCNCT,CJ,CJ_SV,"2024-06-10 01:58:22",1205,1199,1,5,0,442,437,0,5,0,412,30,1300,858,79,14,41,221,8,25,10,3,11
22,HUNEDOARA,"ŞCOALA GIMNAZIALĂ NR. 1 (FOSTA ŞCOALĂ GENERALĂ NR. 9)",66,"MUNICIPIUL HUNEDOARA",86810,1,PROV,PRCNCT,CJ,CJ_SV,"2024-06-10 02:29:20",1399,1391,1,6,1,417,410,0,6,1,383,34,1600,1183,78,17,29,217,6,23,6,1,6
22,HUNEDOARA,"ŞCOALA GIMNAZIALĂ NR. 1 (FOSTA ŞCOALĂ GENERALĂ NR. 9)",67,"MUNICIPIUL HUNEDOARA",86810,1,PROV,PRCNCT,CJ,CJ_SV,"2024-06-10 03:06:05",1390,1383,3,4,0,511,507,0,4,0,482,29,1600,1082,95,21,54,270,3,17,9,7,6
22,HUNEDOARA,"ŞCOALA GIMNAZIALĂ NR. 1 (FOSTA ŞCOALĂ GENERALĂ NR. 9)",65,"MUNICIPIUL HUNEDOARA",86810,1,PROV,PRCNCT,CJ,CJ_SV,"2024-06-10 05:48:22",1401,1394,0,7,0,468,461,0,7,0,439,29,1600,1132,122,13,35,229,4,21,7,4,4
22,HUNEDOARA,"ŞCOALA GIMNAZIALĂ NR. 1 (FOSTA ȘCOALĂ GENERALĂ NR. 9)",64,"MUNICIPIUL HUNEDOARA",86810,1,PROV,PRCNCT,CJ,CJ_SV,"2024-06-10 08:01:41",1300,1296,0,4,0,383,379,0,4,0,363,20,1400,1017,78,9,29,194,7,25,13,2,6
22,HUNEDOARA,"ȘCOALA GIMNAZIALĂ NR. 2",163,"MUNICIPIUL PETROŞANI",86990,1,PROV,PRCNCT,CJ,CJ_SV,"2024-06-10 04:05:43",1169,1160,0,8,1,427,418,0,8,1,402,25,1300,873,123,16,41,168,1,18,5,7,23
22,HUNEDOARA,"ȘCOALA GIMNAZIALĂ NR. 2 (FOSTA ȘCOALĂ GENERALĂ NR. 11)",103,"MUNICIPIUL HUNEDOARA",86810,1,PROV,PRCNCT,CJ,CJ_SV,"2024-06-10 03:50:24",1249,1242,2,5,0,503,497,1,5,0,482,21,1400,897,81,41,30,247,15,36,9,3,20
22,HUNEDOARA,"ȘCOALA GIMNAZIALĂ NR. 2 (FOSTA ȘCOALĂ GENERALĂ NR. 11)",101,"MUNICIPIUL HUNEDOARA",86810,1,PROV,PRCNCT,CJ,CJ_SV,"2024-06-10 03:38:28",1415,1408,0,7,0,576,569,0,7,0,528,23,1600,1049,102,22,46,276,10,41,12,4,15
22,HUNEDOARA,"ȘCOALA GIMNAZIALĂ NR. 2 (FOSTA ȘCOALĂ GENERALĂ NR. 11)",102,"MUNICIPIUL HUNEDOARA",86810,1,PROV,PRCNCT,CJ,CJ_SV,"2024-06-10 04:25:58",1180,1173,2,5,0,410,405,0,5,0,381,29,1300,890,59,15,24,219,10,29,10,0,15
22,HUNEDOARA,"ȘCOALA GIMNAZIALĂ NR. 2 (FOSTA ȘCOALĂ GENERALĂ NR. 11)",100,"MUNICIPIUL HUNEDOARA",86810,1,PROV,PRCNCT,CJ,CJ_SV,"2024-06-10 04:42:19",1201,1191,4,6,0,430,424,0,6,0,410,20,1350,920,68,14,52,210,4,31,13,8,10
22,HUNEDOARA,"ȘCOALA GIMNAZIALĂ NR. 2 (FOSTA ȘCOALĂ GENERALĂ NR.11)",104,"MUNICIPIUL HUNEDOARA",86810,1,PROV,PRCNCT,CJ,CJ_SV,"2024-06-10 02:11:46",665,660,1,4,0,299,295,0,4,0,282,17,800,501,44,14,34,144,3,25,6,3,9
22,HUNEDOARA,"ŞCOALA GIMNAZIALĂ NR. 2 (FOSTA ŞCOALĂ GENERALĂ NR. 2)",96,"MUNICIPIUL HUNEDOARA",86810,1,PROV,PRCNCT,CJ,CJ_SV,"2024-06-10 03:17:25",1227,1221,1,5,0,509,504,0,5,0,488,21,1300,791,87,28,51,242,11,43,12,2,12
22,HUNEDOARA,"ŞCOALA GIMNAZIALĂ NR. 2 (FOSTA ŞCOALĂ GENERALĂ NR. 2)",97,"MUNICIPIUL HUNEDOARA",86810,1,PROV,PRCNCT,CJ,CJ_SV,"2024-06-10 03:20:03",1313,1308,0,5,0,481,476,0,5,0,448,33,1600,1119,79,24,34,239,10,35,9,1,17
22,HUNEDOARA,"ŞCOALA GIMNAZIALĂ NR. 2 (FOSTA ŞCOALĂ GENERALĂ NR. 2)",95,"MUNICIPIUL HUNEDOARA",86810,1,PROV,PRCNCT,CJ,CJ_SV,"2024-06-10 06:55:31",1496,1487,0,9,0,603,594,0,9,0,571,32,1600,997,78,20,60,322,10,49,10,4,18
22,HUNEDOARA,"ŞCOALA GIMNAZIALĂ NR. 2 (FOSTA ŞCOALĂ GENERALĂ NR. 2)",94,"MUNICIPIUL HUNEDOARA",86810,1,PROV,PRCNCT,CJ,CJ_SV,"2024-06-10 02:09:43",1418,1410,1,7,0,592,585,0,7,0,572,20,1600,1008,68,47,46,343,11,33,13,2,9
22,HUNEDOARA,"ŞCOALA GIMNAZIALĂ NR. 2 LUPENI",123,"MUNICIPIUL LUPENI",87059,1,PROV,PRCNCT,CJ,CJ_SV,"2024-06-10 06:28:24",990,983,2,4,1,427,422,0,4,1,396,26,1100,678,48,14,41,253,2,19,0,1,18
22,HUNEDOARA,"ŞCOALA GIMNAZIALĂ NR. 2 LUPENI",122,"MUNICIPIUL LUPENI",87059,1,PROV,PRCNCT,CJ,CJ_SV,"2024-06-10 03:53:39",1191,1186,0,5,0,459,454,0,5,0,433,26,1300,841,82,21,44,264,4,7,2,2,7
22,HUNEDOARA,"ȘCOALA GIMNAZIALĂ NR. 2 PETROȘANI",164,"MUNICIPIUL PETROŞANI",86990,1,PROV,PRCNCT,CJ,CJ_SV,"2024-06-10 05:09:21",1089,1079,0,10,0,432,422,0,10,0,402,30,1200,768,171,20,33,126,7,21,4,5,15
22,HUNEDOARA,"ȘCOALA GIMNAZIALĂ NR. 2 URICANI",249,"ORAŞ URICANI",87139,1,PROV,PRCNCT,CJ,CJ_SV,"2024-06-10 04:46:43",1731,1721,2,4,4,597,589,0,4,4,572,25,1900,1303,93,17,52,353,9,30,5,3,10
22,HUNEDOARA,"ŞCOALA GIMNAZIALĂ NR. 3",115,"MUNICIPIUL LUPENI",87059,1,PROV,PRCNCT,CJ,CJ_SV,"2024-06-10 03:57:08",928,920,0,6,2,409,401,0,6,2,398,11,1000,591,41,34,32,249,0,22,3,7,10
22,HUNEDOARA,"ŞCOALA GIMNAZIALĂ NR. 3",116,"MUNICIPIUL LUPENI",87059,1,PROV,PRCNCT,CJ,CJ_SV,"2024-06-10 04:46:39",907,901,1,5,0,345,340,0,5,0,336,9,1000,655,49,26,29,202,4,10,3,3,10
22,HUNEDOARA,"ȘCOALA GIMNAZIALĂ NR. 3",184,"MUNICIPIUL VULCAN",87175,1,PROV,PRCNCT,CJ,CJ_SV,"2024-06-10 09:23:40",1309,1307,0,1,1,614,612,0,1,1,573,41,1536,922,122,16,167,224,5,25,2,4,8
22,HUNEDOARA,"ȘCOALA GIMNAZIALĂ NR. 4",168,"MUNICIPIUL VULCAN",87175,1,PROV,PRCNCT,CJ,CJ_SV,"2024-06-10 08:04:19",972,965,1,6,0,390,384,0,6,0,371,19,1100,691,66,18,63,174,2,31,4,4,9
22,HUNEDOARA,"ȘCOALĂ GIMNAZIALĂ NR. 4",167,"MUNICIPIUL VULCAN",87175,1,PROV,PRCNCT,CJ,CJ_SV,"2024-06-10 04:29:51",975,968,1,6,0,374,368,0,6,0,351,23,1100,726,82,22,73,143,1,15,1,5,9
22,HUNEDOARA,"ȘCOALA GIMNAZIALĂ NR. 5",172,"MUNICIPIUL VULCAN",87175,1,PROV,PRCNCT,CJ,CJ_SV,"2024-06-10 09:59:29",1254,1249,0,5,0,493,488,0,5,0,457,36,1400,907,66,24,102,209,3,23,5,5,20
22,HUNEDOARA,"ȘCOALA GIMNAZIALĂ NR. 5",173,"MUNICIPIUL VULCAN",87175,1,PROV,PRCNCT,CJ,CJ_SV,"2024-06-10 06:12:37",1407,1397,2,7,1,520,511,1,7,1,487,33,1500,980,109,25,98,184,6,30,1,8,26
22,HUNEDOARA,"ȘCOALA GIMNAZIALĂ NR. 5 PETRILA",229,"ORAŞ PETRILA",87077,1,PROV,PRCNCT,CJ,CJ_SV,"2024-06-10 03:07:11",1316,1304,1,10,1,444,433,0,10,1,421,23,1400,956,122,18,18,213,5,26,5,1,13
22,HUNEDOARA,"ȘCOALA GIMNAZIALĂ NR. 5 PETRILA",230,"ORAŞ PETRILA",87077,1,PROV,PRCNCT,CJ,CJ_SV,"2024-06-10 03:34:29",1222,1214,0,8,0,452,444,0,8,0,424,21,1400,955,97,18,25,224,21,18,1,3,17
22,HUNEDOARA,"ȘCOALA GIMNAZIALĂ NR. 6",176,"MUNICIPIUL VULCAN",87175,1,PROV,PRCNCT,CJ,CJ_SV,"2024-06-10 04:39:18",1162,1153,0,9,0,424,415,0,9,0,383,41,1300,876,103,12,104,138,1,12,6,3,4
22,HUNEDOARA,"ȘCOALA GIMNAZIALĂ NR. 6",177,"MUNICIPIUL VULCAN",87175,1,PROV,PRCNCT,CJ,CJ_SV,"2024-06-10 03:37:43",1244,1235,0,9,0,399,390,0,9,0,380,19,1300,901,84,12,90,162,4,14,5,3,6
22,HUNEDOARA,"ȘCOALA GIMNAZIALĂ NR. 6,",178,"MUNICIPIUL VULCAN",87175,1,PROV,PRCNCT,CJ,CJ_SV,"2024-06-10 03:27:45",1340,1330,1,9,0,433,424,0,9,0,412,21,1500,1067,99,8,110,148,7,22,4,6,8
22,HUNEDOARA,"ŞCOALA GIMNAZIALĂ NR.6 (FOSTA ȘCOALĂ GENERALĂ NR. 6)",80,"MUNICIPIUL HUNEDOARA",86810,1,PROV,PRCNCT,CJ,CJ_SV,"2024-06-10 09:21:54",1445,1438,2,5,0,556,549,2,5,0,523,26,1600,1051,60,32,51,281,13,40,17,0,29
22,HUNEDOARA,"ŞCOALA GIMNAZIALĂ NR.6 (FOSTA ȘCOALĂ GENERALĂ NR. 6)",79,"MUNICIPIUL HUNEDOARA",86810,1,PROV,PRCNCT,CJ,CJ_SV,"2024-06-10 04:54:42",1403,1393,2,6,2,568,560,0,6,2,543,19,1600,1030,85,39,63,270,6,41,15,3,21
22,HUNEDOARA,"ȘCOALA GIMNAZIALĂ NR. 6 PETRILA",227,"ORAŞ PETRILA",87077,1,PROV,PRCNCT,CJ,CJ_SV,"2024-06-10 11:20:20",1175,1169,1,5,0,446,440,1,5,0,425,21,1200,754,101,9,36,209,10,43,0,3,14
22,HUNEDOARA,"ȘCOALA GIMNAZIALĂ NR. 6 PETRILA",228,"ORAŞ PETRILA",87077,1,PROV,PRCNCT,CJ,CJ_SV,"2024-06-10 04:24:39",871,865,2,4,0,324,320,0,4,0,310,14,1000,676,69,11,27,154,14,24,4,1,6
22,HUNEDOARA,"ȘCOALA GIMNAZIALĂ NR.7",159,"MUNICIPIUL PETROŞANI",86990,1,PROV,PRCNCT,CJ,CJ_SV,"2024-06-10 03:22:24",1692,1684,1,7,0,577,570,0,7,0,549,28,1800,1223,182,14,31,259,8,17,5,8,25
22,HUNEDOARA,"ȘCOALA GIMNAZIALĂ NR.7",158,"MUNICIPIUL PETROŞANI",86990,1,PROV,PRCNCT,CJ,CJ_SV,"2024-06-10 05:58:27",1580,1573,0,7,0,506,499,0,7,0,471,35,1700,1194,132,12,45,235,2,25,5,6,9
22,HUNEDOARA,"ŞCOALA GIMNAZIALĂ NR. 7 (FOSTA ȘCOALĂ GENERALĂ NR. 7)",87,"MUNICIPIUL HUNEDOARA",86810,1,PROV,PRCNCT,CJ,CJ_SV,"2024-06-10 05:18:37",1051,1046,2,3,0,447,444,0,3,0,422,25,1200,753,64,29,52,223,6,25,10,1,12
22,HUNEDOARA,"ŞCOALA GIMNAZIALĂ NR. 7 (FOSTA ȘCOALĂ GENERALĂ NR. 7)",89,"MUNICIPIUL HUNEDOARA",86810,1,PROV,PRCNCT,CJ,CJ_SV,"2024-06-10 04:41:53",1103,1089,5,8,1,436,427,0,8,1,405,31,1200,764,60,22,48,196,10,41,17,3,8
22,HUNEDOARA,"ŞCOALA GIMNAZIALĂ NR. 7 (FOSTA ȘCOALĂ GENERALĂ NR. 7)",88,"MUNICIPIUL HUNEDOARA",86810,1,PROV,PRCNCT,CJ,CJ_SV,"2024-06-10 01:27:53",1099,1091,0,8,0,387,379,0,8,0,367,20,1200,813,50,13,45,182,11,38,7,3,18
22,HUNEDOARA,"ȘCOALA GIMNAZIALĂ NR. 7 PETROȘANI - SALA DE EDUCAȚIE FIZICĂ ȘCOLARĂ",160,"MUNICIPIUL PETROŞANI",86990,1,PROV,PRCNCT,CJ,CJ_SV,"2024-06-10 02:21:26",617,610,0,7,0,271,264,0,7,0,261,10,800,529,76,8,14,137,4,13,2,1,6
22,HUNEDOARA,"ȘCOALA GIMNAZIALĂ ”OVID DENSUȘIANU”, HAȚEG",215,"ORAŞ HAŢEG",87576,1,PROV,PRCNCT,CJ,CJ_SV,"2024-06-10 10:51:45",1517,1485,2,19,11,878,848,0,19,11,836,42,1600,722,191,30,193,312,6,78,12,2,12
22,HUNEDOARA,"ŞCOALA GIMNAZIALĂ PUI",416,PUI,90538,1,PROV,PRCNCT,CJ,CJ_SV,"2024-06-10 10:48:59",650,627,0,16,7,434,411,0,16,7,403,31,739,305,69,9,119,161,5,27,6,0,7
22,HUNEDOARA,"ȘCOALA GIMNAZIALĂ ROMOS (CORP CLĂDIRE ȘCOALA PRIMARĂ ROMOS)",447,ROMOS,90994,1,PROV,PRCNCT,CJ,CJ_SV,"2024-06-10 11:40:21",977,958,5,5,9,650,633,3,5,9,617,33,1087,437,42,16,401,113,5,30,4,2,4
22,HUNEDOARA,"SCOALA GIMNAZIALA ”SF. VARVARA” ANINOASA",185,"ORAŞ ANINOASA",87219,1,PROV,PRCNCT,CJ,CJ_SV,"2024-06-10 07:59:57",1434,1423,0,7,4,645,634,0,7,4,597,48,1488,843,75,29,116,331,1,35,5,2,3
22,HUNEDOARA,"SCOALA GIMNAZIALA ”SIGISMUND TODUTA ” SIMERIA",239,"ORAŞ SIMERIA",87665,1,PROV,PRCNCT,CJ,CJ_SV,"2024-06-10 06:00:40",1438,1422,2,10,4,775,761,0,10,4,731,44,1580,805,105,25,254,236,6,58,10,7,30
22,HUNEDOARA,"SCOALA GIMNAZIALA ”SIGISMUND TODUTA ” SIMERIA",238,"ORAŞ SIMERIA",87665,1,PROV,PRCNCT,CJ,CJ_SV,"2024-06-10 05:53:18",1413,1393,2,9,9,787,769,0,9,9,763,24,1600,813,122,20,254,248,8,60,12,4,35
22,HUNEDOARA,"ȘCOALA GIMNAZIALĂ TEODORA LUCACIU",181,"MUNICIPIUL VULCAN",87175,1,PROV,PRCNCT,CJ,CJ_SV,"2024-06-10 02:46:22",941,935,0,6,0,397,391,0,6,0,373,24,1000,603,56,11,82,175,2,29,2,1,15
22,HUNEDOARA,"ȘCOALA GIMNAZIALĂ TEODORA LUCACIU",180,"MUNICIPIUL VULCAN",87175,1,PROV,PRCNCT,CJ,CJ_SV,"2024-06-10 03:58:58",1118,1111,1,6,0,411,405,0,6,0,391,20,1200,789,87,21,69,179,5,17,5,3,5
22,HUNEDOARA,"ȘCOALA GIMNAZIALĂ VAȚA DE JOS",500,"VAŢA DE JOS",91795,1,PROV,PRCNCT,CJ,CJ_SV,"2024-06-10 05:08:17",805,788,0,7,10,504,487,0,7,10,488,16,850,346,88,7,164,212,0,15,1,0,1
22,HUNEDOARA,"ȘCOALA NR. 2",183,"MUNICIPIUL VULCAN",87175,1,PROV,PRCNCT,CJ,CJ_SV,"2024-06-10 06:23:19",795,789,0,6,0,368,362,0,6,0,342,26,900,532,81,11,89,137,2,7,6,3,6
22,HUNEDOARA,"ŞCOALA PRIMARĂ",194,"ORAŞ CĂLAN",87424,1,PROV,PRCNCT,CJ,CJ_SV,"2024-06-10 03:45:03",483,476,0,5,2,215,208,0,5,2,208,7,500,285,33,7,82,67,4,7,4,1,3
22,HUNEDOARA,"ŞCOALA PRIMARĂ",195,"ORAŞ CĂLAN",87424,1,PROV,PRCNCT,CJ,CJ_SV,"2024-06-10 02:36:30",202,192,0,8,2,148,138,0,8,2,136,12,250,102,8,3,67,50,1,4,2,0,1
22,HUNEDOARA,"ŞCOALA PRIMARĂ BĂRĂŞTII-HAŢEGULUI",468,SÂNTĂMĂRIA-ORLEA,91232,1,PROV,PRCNCT,CJ,CJ_SV,"2024-06-10 04:49:00",285,272,1,3,9,182,169,1,3,9,171,11,310,128,39,7,47,68,1,8,0,1,0
22,HUNEDOARA,"SCOALA PRIMARĂ BARU",267,BARU,87996,1,PROV,PRCNCT,CJ,CJ_SV,"2024-06-10 06:05:37",1641,1581,3,16,41,1047,989,1,16,41,984,63,1708,661,142,62,490,255,4,19,4,1,7
22,HUNEDOARA,"ȘCOALA PRIMARĂ BĂȚĂLAR",304,"BRETEA ROMÂNĂ",88644,1,PROV,PRCNCT,CJ,CJ_SV,"2024-06-10 04:44:41",210,198,0,7,5,146,134,0,7,5,133,12,223,78,21,2,17,82,1,6,3,0,1
22,HUNEDOARA,"ȘCOALA PRIMARĂ BIRTIN",501,"VAŢA DE JOS",91795,1,PROV,PRCNCT,CJ,CJ_SV,"2024-06-10 05:22:09",244,234,0,8,2,159,149,0,8,2,150,9,250,91,35,1,26,82,0,5,1,0,0
22,HUNEDOARA,"ȘCOALA PRIMARĂ BLĂJENI-VULCAN",288,BLĂJENI,88350,1,PROV,PRCNCT,CJ,CJ_SV,"2024-06-09 23:22:20",82,62,0,16,4,77,57,0,16,4,72,5,80,3,8,4,26,29,0,2,1,1,1
22,HUNEDOARA,"ŞCOALA PRIMARĂ BRĂDĂŢEL",331,BURJUC,89080,1,PROV,PRCNCT,CJ,CJ_SV,"2024-06-10 02:34:57",112,103,0,9,0,75,66,0,9,0,69,6,108,33,6,2,12,40,0,8,0,0,1
22,HUNEDOARA,"SCOALA PRIMARA BREAZOVA",452,SARMIZEGETUSA,91054,1,PROV,PRCNCT,CJ,CJ_SV,"2024-06-10 05:58:17",146,142,0,3,1,118,114,0,3,1,113,5,140,22,11,13,38,44,0,5,1,0,1
22,HUNEDOARA,"ȘCOALA PRIMARĂ BUCEȘ-VULCAN",315,BUCEŞ,88788,1,PROV,PRCNCT,CJ,CJ_SV,"2024-06-10 01:38:50",162,155,0,2,5,128,121,0,2,5,124,4,180,52,22,4,61,34,1,1,1,0,0
22,HUNEDOARA,"ŞCOALA PRIMARĂ CÂMPU LUI NEAG",252,"ORAŞ URICANI",87139,1,PROV,PRCNCT,CJ,CJ_SV,"2024-06-10 01:33:23",423,408,0,8,7,227,212,0,8,7,211,16,500,273,39,11,42,103,5,10,0,0,1
22,HUNEDOARA,"ȘCOALA PRIMARĂ CĂZĂNEȘTI",502,"VAŢA DE JOS",91795,1,PROV,PRCNCT,CJ,CJ_SV,"2024-06-10 02:03:00",169,162,0,7,0,115,108,0,7,0,108,7,175,60,19,3,47,34,0,2,2,1,0
22,HUNEDOARA,"ŞCOALA PRIMARĂ CIGMAU",208,"ORAŞ GEOAGIU",89561,1,PROV,PRCNCT,CJ,CJ_SV,"2024-06-10 01:19:51",89,75,3,10,1,56,45,0,10,1,54,2,100,44,10,0,22,21,0,0,0,1,0
22,HUNEDOARA,"ŞCOALA PRIMARĂ CIOPEIA",470,SÂNTĂMĂRIA-ORLEA,91232,1,PROV,PRCNCT,CJ,CJ_SV,"2024-06-10 04:08:24",350,337,0,7,6,214,201,0,7,6,193,21,380,166,27,3,34,116,0,10,1,0,2
22,HUNEDOARA,"ŞCOALA PRIMARĂ CIUNGANI",503,"VAŢA DE JOS",91795,1,PROV,PRCNCT,CJ,CJ_SV,"2024-06-10 01:23:57",186,175,1,8,2,141,130,1,8,2,130,10,185,45,36,5,37,47,0,4,1,0,0
22,HUNEDOARA,"ȘCOALA PRIMARĂ CLOPOTIVA",437,"RÂU DE MORI",90878,1,PROV,PRCNCT,CJ,CJ_SV,"2024-06-10 03:32:43",690,671,3,7,9,502,486,0,7,9,490,12,750,248,48,3,104,281,5,40,4,0,5
22,HUNEDOARA,"ȘCOALA PRIMARĂ CRIȘ",289,BLĂJENI,88350,1,PROV,PRCNCT,CJ,CJ_SV,"2024-06-10 00:51:59",253,222,1,24,6,205,175,0,24,6,194,11,250,45,28,1,57,101,0,4,2,0,1
22,HUNEDOARA,"ȘCOALA PRIMARĂ CRISTUR",45,"MUNICIPIUL DEVA",86687,1,PROV,PRCNCT,CJ,CJ_SV,"2024-06-10 05:44:22",1413,1403,0,8,2,673,663,0,8,2,646,17,1500,837,82,274,96,140,6,24,5,7,12
22,HUNEDOARA,"ȘCOALA PRIMARĂ CUCUIȘ",283,BERIU,88261,1,PROV,PRCNCT,CJ,CJ_SV,"2024-06-10 02:56:14",117,108,0,7,2,72,63,0,7,2,67,5,120,48,5,1,43,12,1,3,1,1,0
22,HUNEDOARA,"ŞCOALA PRIMARĂ DUMBRAVA DE SUS",445,RIBIŢA,90805,1,PROV,PRCNCT,CJ,CJ_SV,"2024-06-10 00:11:26",66,50,1,11,4,42,26,1,11,4,41,1,58,16,8,0,8,24,0,1,0,0,0
22,HUNEDOARA,"ȘCOALA PRIMARĂ DUPĂPIATRĂ",316,BUCEŞ,88788,1,PROV,PRCNCT,CJ,CJ_SV,"2024-06-10 01:55:33",372,356,3,6,7,258,243,2,6,7,238,20,400,142,34,3,126,57,4,7,0,2,5
22,HUNEDOARA,"ŞCOALA PRIMARĂ FEDERI",418,PUI,90538,1,PROV,PRCNCT,CJ,CJ_SV,"2024-06-10 02:33:04",195,184,0,6,5,134,123,0,6,5,126,6,210,75,15,5,45,54,0,3,3,0,1
22,HUNEDOARA,"ŞCOALA PRIMARĂ FEREGI",341,CERBĂL,89151,1,PROV,PRCNCT,CJ,CJ_SV,"2024-06-10 00:30:09",104,96,0,8,0,78,70,0,8,0,75,3,99,21,7,0,4,62,0,1,0,0,1
22,HUNEDOARA,"ŞCOALA PRIMARĂ GALAŢI",420,PUI,90538,1,PROV,PRCNCT,CJ,CJ_SV,"2024-06-10 04:45:03",398,382,0,4,12,246,230,0,4,12,234,12,420,174,23,8,81,112,1,5,1,0,3
22,HUNEDOARA,"ȘCOALA PRIMARĂ GÂNȚAGA",307,"BRETEA ROMÂNĂ",88644,1,PROV,PRCNCT,CJ,CJ_SV,"2024-06-10 00:59:38",228,223,0,5,0,156,151,0,5,0,149,7,243,87,45,3,10,82,0,6,1,0,2
22,HUNEDOARA,"ŞCOALA PRIMARĂ GELMAR",209,"ORAŞ GEOAGIU",89561,1,PROV,PRCNCT,CJ,CJ_SV,"2024-06-10 02:36:24",389,370,2,8,9,269,250,2,8,9,257,11,400,11,23,7,78,133,3,9,1,0,3
22,HUNEDOARA,"SCOALA PRIMARA GEOAGIU BAI",210,"ORAŞ GEOAGIU",89561,1,PROV,PRCNCT,CJ,CJ_SV,"2024-06-10 03:03:27",375,356,1,11,7,243,225,0,11,7,235,8,400,157,33,5,110,70,2,10,2,0,3
22,HUNEDOARA,"ŞCOALA PRIMARĂ GLODGHILEŞTI",332,BURJUC,89080,1,PROV,PRCNCT,CJ,CJ_SV,"2024-06-10 03:47:46",181,171,0,7,3,122,112,0,7,3,116,6,189,67,12,0,11,81,0,11,0,0,1
22,HUNEDOARA,"ȘCOALA PRIMARĂ GROHOȚELE",317,BUCEŞ,88788,1,PROV,PRCNCT,CJ,CJ_SV,"2024-06-10 02:50:15",169,157,2,8,2,137,125,2,8,2,128,8,180,43,10,3,78,32,0,0,2,1,2
22,HUNEDOARA,"ȘCOALA PRIMARĂ HĂȘDĂU",491,TOPLIŢA,91535,1,PROV,PRCNCT,CJ,CJ_SV,"2024-06-10 04:54:14",329,279,0,45,5,284,234,0,45,5,270,14,341,57,43,7,68,135,0,15,1,0,1
22,HUNEDOARA,"ŞCOALA PRIMARĂ HOBIŢA",421,PUI,90538,1,PROV,PRCNCT,CJ,CJ_SV,"2024-06-10 03:11:24",160,151,0,6,3,123,114,0,6,3,118,5,170,47,17,4,57,35,0,4,0,0,1
22,HUNEDOARA,"SCOALA PRIMARA HOBITA-GRADISTE",453,SARMIZEGETUSA,91054,1,PROV,PRCNCT,CJ,CJ_SV,"2024-06-10 02:49:09",108,98,1,6,3,80,71,0,6,3,73,7,90,10,4,1,42,21,1,3,0,0,1
22,HUNEDOARA,"ȘCOALA PRIMARĂ JOSANI",412,"PESTIŞU MIC",90431,1,PROV,PRCNCT,CJ,CJ_SV,"2024-06-10 01:34:35",203,179,0,23,1,168,144,0,23,1,166,2,190,22,38,1,62,55,0,8,1,1,0
22,HUNEDOARA,"SCOALA PRIMARĂ LIVADIA",268,BARU,87996,1,PROV,PRCNCT,CJ,CJ_SV,"2024-06-10 03:34:17",527,491,1,5,30,351,316,1,5,29,336,15,600,249,60,29,180,55,0,10,1,1,0
22,HUNEDOARA,"ȘCOALA PRIMARĂ MĂCEU",308,"BRETEA ROMÂNĂ",88644,1,PROV,PRCNCT,CJ,CJ_SV,"2024-06-10 02:01:24",267,263,0,4,0,169,165,0,4,0,155,14,283,114,24,2,20,98,0,6,3,1,1
22,HUNEDOARA,"ȘCOALA PRIMARĂ MĂNERĂU",413,"PESTIŞU MIC",90431,1,PROV,PRCNCT,CJ,CJ_SV,"2024-06-10 02:50:35",242,234,0,3,5,138,130,0,3,5,132,6,240,102,16,1,45,56,2,4,4,3,1
22,HUNEDOARA,"ȘCOALA PRIMARĂ MĂRTINEŞTI",398,MĂRTINEŞTI,90262,1,PROV,PRCNCT,CJ,CJ_SV,"2024-06-10 01:10:03",228,211,0,11,6,151,134,0,11,6,138,13,229,78,29,5,24,61,1,14,1,2,1
22,HUNEDOARA,"ŞCOALA PRIMARĂ MUNCELU MIC",515,VEŢEL,91982,1,PROV,PRCNCT,CJ,CJ_SV,"2024-06-10 00:14:39",96,88,0,8,0,65,57,0,8,0,58,7,100,35,9,4,16,25,1,1,1,0,1
22,HUNEDOARA,"ŞCOALA PRIMARĂ NĂLAŢVAD",219,"ORAŞ HAŢEG",87576,1,PROV,PRCNCT,CJ,CJ_SV,"2024-06-10 05:25:22",352,336,0,11,5,231,215,0,11,5,222,9,393,162,44,3,73,80,3,14,2,0,3
22,HUNEDOARA,"ȘCOALA PRIMARĂ NANDRU",414,"PESTIŞU MIC",90431,1,PROV,PRCNCT,CJ,CJ_SV,"2024-06-10 00:49:13",151,134,0,14,3,111,94,0,14,3,105,6,151,40,10,1,51,32,1,6,2,0,2
22,HUNEDOARA,"ŞCOALA PRIMARĂ NR. 1 FIZEŞTI",419,PUI,90538,1,PROV,PRCNCT,CJ,CJ_SV,"2024-06-10 02:10:06",255,239,0,8,8,171,155,0,8,8,157,14,260,89,20,2,50,77,2,5,0,0,1
22,HUNEDOARA,"ȘCOALA PRIMARĂ NR. 3 PETRILA",236,"ORAŞ PETRILA",87077,1,PROV,PRCNCT,CJ,CJ_SV,"2024-06-10 05:18:18",1335,1322,1,12,0,806,794,0,12,0,759,47,1400,594,135,15,40,530,12,14,7,0,6
22,HUNEDOARA,"ȘCOALA PRIMARĂ NR. 4 PETRILA",237,"ORAŞ PETRILA",87077,1,PROV,PRCNCT,CJ,CJ_SV,"2024-06-10 02:45:48",552,545,0,7,0,342,335,0,7,0,333,9,800,458,47,2,25,231,4,13,6,1,4
22,HUNEDOARA,"ŞCOALA PRIMARĂ OCIU",504,"VAŢA DE JOS",91795,1,PROV,PRCNCT,CJ,CJ_SV,"2024-06-10 02:38:24",373,365,0,8,0,196,188,0,8,0,190,6,420,224,36,2,57,83,1,7,0,0,4
22,HUNEDOARA,"ŞCOALA PRIMARĂ OHABA PONOR",422,PUI,90538,1,PROV,PRCNCT,CJ,CJ_SV,"2024-06-10 01:24:18",201,194,0,4,3,141,134,0,4,3,130,11,210,69,22,5,32,53,1,17,0,0,0
22,HUNEDOARA,"ȘCOALA PRIMARĂ ORĂȘTIOARA DE JOS",284,BERIU,88261,1,PROV,PRCNCT,CJ,CJ_SV,"2024-06-10 01:54:44",290,280,0,4,6,181,171,0,4,6,176,5,320,139,34,4,71,60,2,5,0,0,0
22,HUNEDOARA,"ȘCOALA PRIMARĂ PĂCLIȘA",495,TOTEŞTI,91624,1,PROV,PRCNCT,CJ,CJ_SV,"2024-06-10 03:44:43",545,491,0,33,21,383,329,0,33,21,366,15,525,144,35,14,24,275,0,13,2,1,2
22,HUNEDOARA,"ŞCOALA PRIMARĂ PEŞTIŞUL MARE",108,"MUNICIPIUL HUNEDOARA",86810,1,PROV,PRCNCT,CJ,CJ_SV,"2024-06-10 02:55:54",1007,1002,1,3,1,475,471,0,3,1,459,11,1100,630,76,44,45,236,8,33,9,1,7
22,HUNEDOARA,"ȘCOALA PRIMARĂ PIȘCHINȚI",448,ROMOS,90994,1,PROV,PRCNCT,CJ,CJ_SV,"2024-06-10 01:41:18",180,171,2,7,0,117,110,0,7,0,111,6,190,73,14,3,53,32,1,7,1,0,0
22,HUNEDOARA,"ȘCOALA PRIMARĂ PLOPI",310,"BRETEA ROMÂNĂ",88644,1,PROV,PRCNCT,CJ,CJ_SV,"2024-06-10 00:08:41",218,213,0,1,4,151,146,0,1,4,146,5,237,86,23,5,17,81,16,3,0,0,1
22,HUNEDOARA,"ŞCOALA PRIMARĂ POIANA RĂCHIŢELII",342,CERBĂL,89151,1,PROV,PRCNCT,CJ,CJ_SV,"2024-06-10 00:04:36",121,88,0,33,0,108,75,0,33,0,101,7,125,17,7,3,4,85,1,1,0,0,0
22,HUNEDOARA,"ŞCOALA PRIMARĂ PONOR",423,PUI,90538,1,PROV,PRCNCT,CJ,CJ_SV,"2024-06-10 03:19:39",390,360,0,8,22,266,236,0,8,22,255,11,360,94,42,2,103,98,0,4,2,0,4
22,HUNEDOARA,"ŞCOALA PRIMARĂ PRĂVĂLENI",505,"VAŢA DE JOS",91795,1,PROV,PRCNCT,CJ,CJ_SV,"2024-06-10 01:00:10",232,221,1,8,2,171,161,0,8,2,167,4,245,74,27,2,45,90,0,2,1,0,0
22,HUNEDOARA,"ŞCOALA PRIMARĂ PRIHODIȘTE",506,"VAŢA DE JOS",91795,1,PROV,PRCNCT,CJ,CJ_SV,"2024-06-10 02:30:27",287,277,0,10,0,203,193,0,10,0,186,17,320,117,30,3,57,84,0,8,2,1,1
22,HUNEDOARA,"ŞCOALA PRIMARĂ RĂCĂŞTIA",109,"MUNICIPIUL HUNEDOARA",86810,1,PROV,PRCNCT,CJ,CJ_SV,"2024-06-10 15:00:10",528,521,1,5,1,233,227,0,5,1,210,9,600,381,35,57,21,75,2,3,11,1,5
22,HUNEDOARA,"ȘCOALA PRIMARĂ REEA",496,TOTEŞTI,91624,1,PROV,PRCNCT,CJ,CJ_SV,"2024-06-10 02:22:32",368,353,0,8,7,245,230,0,8,7,240,5,400,155,54,8,125,53,0,0,0,0,0
22,HUNEDOARA,"ȘCOALA PRIMARĂ REȚ",290,BLĂJENI,88350,1,PROV,PRCNCT,CJ,CJ_SV,"2024-06-10 00:38:09",85,69,1,12,3,75,60,0,12,3,72,3,80,5,8,2,20,35,1,4,0,0,2
22,HUNEDOARA,"ȘCOALA PRIMARĂ RIȘCULIȚA",257,"BAIA DE CRIŞ",87745,1,PROV,PRCNCT,CJ,CJ_SV,"2024-06-10 02:38:20",378,347,3,9,19,248,221,0,8,19,228,20,405,157,23,9,71,118,0,7,0,0,0
22,HUNEDOARA,"ȘCOALA PRIMARĂ ROMOȘEL",449,ROMOS,90994,1,PROV,PRCNCT,CJ,CJ_SV,"2024-06-10 02:00:05",596,572,9,9,6,396,379,2,9,6,368,28,647,251,57,8,174,101,6,18,3,0,1
22,HUNEDOARA,"ŞCOALA PRIMARĂ RUŞOR",425,PUI,90538,1,PROV,PRCNCT,CJ,CJ_SV,"2024-06-10 02:15:14",262,255,0,4,3,200,193,0,4,3,189,11,300,100,26,2,76,82,0,2,1,0,0
22,HUNEDOARA,"ŞCOALA PRIMARĂ ŞEREL",426,PUI,90538,1,PROV,PRCNCT,CJ,CJ_SV,"2024-06-10 03:36:03",348,344,0,1,3,238,234,0,1,3,227,11,390,152,47,3,64,100,0,11,1,0,1
22,HUNEDOARA,"ȘCOALA PRIMARĂ SIBIȘEL",286,BERIU,88261,1,PROV,PRCNCT,CJ,CJ_SV,"2024-06-10 02:39:05",608,592,0,6,10,370,354,0,6,10,357,13,622,252,69,14,184,44,2,30,5,2,7
22,HUNEDOARA,"ȘCOALA PRIMARĂ SIBIȘEL",439,"RÂU DE MORI",90878,1,PROV,PRCNCT,CJ,CJ_SV,"2024-06-10 02:20:30",324,313,0,5,6,243,232,0,5,6,232,11,350,107,37,1,43,130,4,4,12,1,0
22,HUNEDOARA,"ŞCOALA PRIMARĂ SÎNCRAI",198,"ORAŞ CĂLAN",87424,1,PROV,PRCNCT,CJ,CJ_SV,"2024-06-10 04:14:39",255,247,0,5,3,142,134,0,5,3,135,7,300,157,16,5,59,47,1,5,0,1,1
22,HUNEDOARA,"ŞCOALA PRIMARĂ SPINI",499,TURDAŞ,91688,1,PROV,PRCNCT,CJ,CJ_SV,"2024-06-10 02:56:15",251,237,0,9,5,143,129,0,9,5,130,13,246,103,19,4,46,54,1,3,0,0,3
22,HUNEDOARA,"ȘCOALA PRIMARĂ STĂNIJA",319,BUCEŞ,88788,1,PROV,PRCNCT,CJ,CJ_SV,"2024-06-10 02:03:48",328,308,2,9,9,233,215,0,9,9,228,5,339,106,25,3,152,32,0,11,2,0,3
22,HUNEDOARA,"ŞCOALA PRIMARĂ SUBCETATE",473,SÂNTĂMĂRIA-ORLEA,91232,1,PROV,PRCNCT,CJ,CJ_SV,"2024-06-10 06:15:42",478,458,1,10,9,349,329,1,10,9,335,14,511,162,108,4,33,135,2,50,0,0,3
22,HUNEDOARA,"ŞCOALA PRIMARĂ TÂMPA",271,BĂCIA,88047,1,PROV,PRCNCT,CJ,CJ_SV,"2024-06-10 02:44:52",659,652,0,7,0,432,425,0,7,0,416,16,715,283,80,14,46,233,3,16,5,5,14
22,HUNEDOARA,"ŞCOALA PRIMARĂ TÂRNAVA DE CRIȘ",507,"VAŢA DE JOS",91795,1,PROV,PRCNCT,CJ,CJ_SV,"2024-06-10 05:12:35",675,655,1,11,8,459,440,0,11,8,441,17,736,278,58,3,102,261,2,12,1,2,0
22,HUNEDOARA,"ȘCOALA PRIMARĂ ȚEBEA",258,"BAIA DE CRIŞ",87745,1,PROV,PRCNCT,CJ,CJ_SV,"2024-06-10 02:52:14",554,535,0,8,11,335,316,0,8,11,322,13,588,253,28,34,161,87,0,6,1,3,2
22,HUNEDOARA,"ŞCOALA PRIMARĂ TOTIA",272,BĂCIA,88047,1,PROV,PRCNCT,CJ,CJ_SV,"2024-06-10 00:38:36",96,89,0,7,0,55,48,0,7,0,50,4,100,46,11,4,3,27,1,4,0,0,0
22,HUNEDOARA,"ȘCOALA PRIMARĂ TUȘTEA",366,"GENERAL BERTHELOT",91731,1,PROV,PRCNCT,CJ,CJ_SV,"2024-06-10 03:32:42",208,202,0,5,1,160,154,0,5,1,147,13,230,70,27,10,76,30,0,4,0,0,0
22,HUNEDOARA,"ȘCOALA PRIMARĂ UNCIUC",440,"RÂU DE MORI",90878,1,PROV,PRCNCT,CJ,CJ_SV,"2024-06-10 01:09:09",177,167,0,4,6,142,132,0,4,6,136,6,200,58,13,0,22,98,0,1,1,0,1
22,HUNEDOARA,"ŞCOALA PRIMARĂ URIC",427,PUI,90538,1,PROV,PRCNCT,CJ,CJ_SV,"2024-06-10 04:09:01",261,242,0,4,15,193,174,0,4,15,185,8,260,67,20,6,75,76,0,7,0,1,0
22,HUNEDOARA,"ȘCOALA PRIMARĂ VAIDEI",450,ROMOS,90994,1,PROV,PRCNCT,CJ,CJ_SV,"2024-06-10 03:10:29",555,535,4,11,5,317,301,0,11,5,296,21,592,275,72,9,116,53,5,34,2,3,2
22,HUNEDOARA,"ȘCOALA PRIMARĂ VÂLCELE",312,"BRETEA ROMÂNĂ",88644,1,PROV,PRCNCT,CJ,CJ_SV,"2024-06-10 04:03:50",220,202,0,8,10,177,159,0,8,10,171,6,234,57,29,2,10,130,0,0,0,0,0
22,HUNEDOARA,"ȘCOALA PRIMARĂ VÂLCELELE BUNE",313,"BRETEA ROMÂNĂ",88644,1,PROV,PRCNCT,CJ,CJ_SV,"2024-06-10 00:59:24",313,296,3,6,8,239,223,2,6,8,232,7,345,106,42,3,49,125,0,7,2,3,1
22,HUNEDOARA,"SCOALA PRIMARĂ VALEA LUPULUI",269,BARU,87996,1,PROV,PRCNCT,CJ,CJ_SV,"2024-06-10 02:17:33",174,158,0,11,5,121,105,0,11,5,114,7,180,59,12,10,78,11,0,3,0,0,0
22,HUNEDOARA,"ȘCOALA PRIMARĂ VALEA NANDRULUI",415,"PESTIŞU MIC",90431,1,PROV,PRCNCT,CJ,CJ_SV,"2024-06-10 00:43:37",152,122,0,22,8,125,95,0,22,8,121,4,150,25,12,4,63,36,0,5,0,0,1
22,HUNEDOARA,"ŞCOALA PRIMARĂ VĂLENI",213,"ORAŞ GEOAGIU",89561,1,PROV,PRCNCT,CJ,CJ_SV,"2024-06-10 00:09:46",51,40,0,8,3,33,22,0,8,3,32,1,73,40,5,1,9,16,0,1,0,0,0
22,HUNEDOARA,"SCOALA PRIMARA VĂLIOARA",435,RĂCHITOVA,90725,1,PROV,PRCNCT,CJ,CJ_SV,"2024-06-10 02:04:05",147,136,0,7,4,147,136,0,7,4,143,2,215,70,69,2,26,39,1,6,0,0,0
22,HUNEDOARA,"ŞCOALĂ PRIMARĂ VIILE NOI",20,"MUNICIPIUL DEVA",86687,1,PROV,PRCNCT,CJ,CJ_SV,"2024-06-10 04:17:27",817,806,2,9,0,372,363,0,9,0,361,11,1000,628,64,19,85,131,9,38,3,3,9
22,HUNEDOARA,"ŞCOALĂ PRIMARĂ VIILE NOI",19,"MUNICIPIUL DEVA",86687,1,PROV,PRCNCT,CJ,CJ_SV,"2024-06-10 07:00:01",860,844,6,10,0,386,376,0,10,0,330,56,1000,614,63,12,94,114,7,22,5,2,11
22,HUNEDOARA,"ŞCOALA SĂCEL",471,SÂNTĂMĂRIA-ORLEA,91232,1,PROV,PRCNCT,CJ,CJ_SV,"2024-06-10 05:58:21",242,234,0,1,7,163,155,0,1,7,154,9,260,97,22,1,33,84,2,10,0,1,1
22,HUNEDOARA,"SC UNIVERSAL EDIL SA",127,"MUNICIPIUL LUPENI",87059,1,PROV,PRCNCT,CJ,CJ_SV,"2024-06-10 03:45:31",817,806,0,11,0,311,300,0,11,0,298,13,900,589,48,9,41,181,1,8,0,2,8
22,HUNEDOARA,"SEDIUL PRIMARIEI GEOAGIU",204,"ORAŞ GEOAGIU",89561,1,PROV,PRCNCT,CJ,CJ_SV,"2024-06-10 04:32:19",1234,1185,5,12,32,780,736,0,12,32,753,27,1300,520,74,13,285,340,5,18,7,3,8
22,HUNEDOARA,"SEDIUL PRIMĂRIEI MUNICIPIULUI HUNEDOARA (FOSTA B.R.D.)",105,"MUNICIPIUL HUNEDOARA",86810,1,PROV,PRCNCT,CJ,CJ_SV,"2024-06-10 05:26:34",1565,1549,6,10,0,628,617,1,10,0,593,35,1700,1072,72,57,87,269,3,49,18,13,25
22,HUNEDOARA,"SERVICIUL PUBLIC DE ASISTENŢĂ SOCIALĂ",139,"MUNICIPIUL ORĂŞTIE",87638,1,PROV,PRCNCT,CJ,CJ_SV,"2024-06-10 08:20:44",1579,1566,3,9,1,575,565,0,9,1,559,16,1750,1175,98,11,114,228,10,68,9,3,18
22,HUNEDOARA,"SPAȚIU ADMINISTRATIV BANPOTOC",377,HĂRĂU,89801,1,PROV,PRCNCT,CJ,CJ_SV,"2024-06-10 02:17:26",396,376,2,5,13,273,255,0,5,13,257,16,408,135,44,7,20,167,6,7,2,1,3
22,HUNEDOARA,"SPAȚIU ADMINISTRATIV BOCȘA MICĂ",344,"CERTEJU DE SUS",89240,1,PROV,PRCNCT,CJ,CJ_SV,"2024-06-10 00:36:28",92,85,0,7,0,74,67,0,7,0,70,4,100,26,11,0,34,16,0,4,3,2,0
22,HUNEDOARA,"SPAŢIUL ADMINISTRATIV AL PRIMĂRIEI MUNICIPIULUI DEVA",23,"MUNICIPIUL DEVA",86687,1,PROV,PRCNCT,CJ,CJ_SV,"2024-06-10 11:17:43",1265,1254,0,11,0,548,537,0,11,0,537,11,1401,850,60,26,140,182,12,88,7,7,15
22,HUNEDOARA,"SPCLEP LUPENI",114,"MUNICIPIUL LUPENI",87059,1,PROV,PRCNCT,CJ,CJ_SV,"2024-06-10 03:56:40",1533,1524,1,8,0,606,598,0,8,0,563,43,1798,1192,83,35,69,307,6,33,8,7,15
22,HUNEDOARA,"STADIONUL CENTRAL",174,"MUNICIPIUL VULCAN",87175,1,PROV,PRCNCT,CJ,CJ_SV,"2024-06-10 04:10:00",1198,1187,2,6,3,497,488,0,6,3,474,23,1300,803,91,18,110,198,2,21,5,15,14
22,HUNEDOARA,"STADIONUL ”MINERUL ANINOASA”",186,"ORAŞ ANINOASA",87219,1,PROV,PRCNCT,CJ,CJ_SV,"2024-06-10 05:37:19",844,840,1,2,1,405,401,1,2,1,371,34,1000,595,69,10,61,180,3,38,3,4,3
