precinct_county_nce,precinct_county_name,precinct_name,precinct_nr,uat_name,uat_siruta,report_version,report_stage_code,report_type_scope_code,report_type_category_code,report_type_code,created_at,a,a1,a2,a3,a4,b,b1,b2,b3,b4,c,d,e,f,"FORUMUL DEMOCRAT AL GERMANILOR DIN ROMÂNIA-voturi","ALIANȚA PENTRU UNIREA ROMÂNILOR-voturi","PARTIDUL NAȚIONAL LIBERAL-voturi","UNIUNEA DEMOCRATĂ MAGHIARĂ DIN ROMÂNIA-voturi","PARTIDUL SOCIAL DEMOCRAT-voturi","PARTIDUL ALTERNATIVA DREAPTĂ-voturi","PARTIDUL PATRIOȚILOR-voturi","PARTIDUL S.O.S. ROMÂNIA-voturi","ALIANȚA DREAPTA UNITĂ USR - PMP - FORȚA DREPTEI-voturi","PARTIDUL ECOLOGIST ROMÂN-voturi","ALIANȚA PUSL + PRO ROMÂNIA-voturi"
34,SIBIU,"AUTOGARA MEDIAŞ",126,"MUNICIPIUL MEDIAŞ",143619,1,PROV,PRCNCT,CJ,CJ_SV,"2024-06-10 06:37:09",1170,1154,3,9,4,459,446,0,9,4,439,20,1250,791,29,37,89,12,66,13,111,4,60,14,4
34,SIBIU,"CAMIN CULTURAL",198,"ORAŞ MIERCUREA SIBIULUI",144928,1,PROV,PRCNCT,CJ,CJ_SV,"2024-06-10 07:38:59",667,652,6,8,1,297,287,1,8,1,256,39,720,425,7,102,99,1,36,0,1,6,3,1,0
34,SIBIU,"CAMIN CULTURAL",197,"ORAŞ MIERCUREA SIBIULUI",144928,1,PROV,PRCNCT,CJ,CJ_SV,"2024-06-10 03:51:55",1517,1464,5,37,11,490,442,0,37,11,441,40,1610,1120,42,66,212,0,91,0,3,12,6,9,0
34,SIBIU,"CĂMIN CULTURAL",248,BLĂJEL,144303,1,PROV,PRCNCT,CJ,CJ_SV,"2024-06-10 05:59:15",1442,1409,6,6,21,859,832,0,6,21,774,85,1580,721,18,67,356,36,235,4,12,9,20,10,7
34,SIBIU,"CĂMIN CULTURAL",234,"AXENTE SEVER",144116,1,PROV,PRCNCT,CJ,CJ_SV,"2024-06-10 04:02:07",1167,1148,2,8,9,519,502,0,8,9,502,17,1290,771,27,78,207,1,122,3,5,16,33,9,1
34,SIBIU,"CĂMIN CULTURAL",368,"ŞURA MARE",145765,1,PROV,PRCNCT,CJ,CJ_SV,"2024-06-10 04:08:34",775,764,4,5,2,441,433,1,5,2,410,31,840,399,21,34,182,0,101,3,3,8,28,27,3
34,SIBIU,"CĂMIN CULTURAL",235,"AXENTE SEVER",144116,1,PROV,PRCNCT,CJ,CJ_SV,"2024-06-10 04:45:26",137,123,2,12,0,137,123,2,12,0,134,3,310,173,3,7,95,0,25,0,2,2,0,0,0
34,SIBIU,"CĂMIN CULTURAL ACILIU",205,"ORAŞ SĂLIŞTE",145499,1,PROV,PRCNCT,CJ,CJ_SV,"2024-06-10 00:46:59",195,178,0,17,0,112,95,0,17,0,100,12,190,78,7,16,45,0,26,0,1,4,0,1,0
34,SIBIU,"CĂMIN CULTURAL ALĂMOR",291,LOAMNEŞ,144795,1,PROV,PRCNCT,CJ,CJ_SV,"2024-06-10 02:54:36",611,595,0,7,9,379,363,0,7,9,349,30,650,271,8,29,69,2,218,1,0,1,17,3,1
34,SIBIU,"CĂMIN CULTURAL ARPAȘU DE JOS",227,"ARPAŞU DE JOS",143959,1,PROV,PRCNCT,CJ,CJ_SV,"2024-06-10 05:15:45",921,911,2,8,0,595,587,0,8,0,534,61,1000,405,12,57,64,0,311,3,31,12,12,31,1
34,SIBIU,"CĂMIN CULTURAL BUNGRAD",363,ŞELIMBĂR,143557,1,PROV,PRCNCT,CJ,CJ_SV,"2024-06-10 03:05:37",510,499,1,10,0,313,303,0,10,0,279,34,550,237,24,48,63,1,74,6,4,6,30,20,3
34,SIBIU,"CĂMIN CULTURAL FÂNTÂNELE",207,"ORAŞ SĂLIŞTE",145499,1,PROV,PRCNCT,CJ,CJ_SV,"2024-06-10 00:03:48",182,167,4,9,2,83,71,1,9,2,80,3,180,97,3,10,27,4,21,0,1,4,7,2,1
34,SIBIU,"CĂMIN CULTURAL FLOREŞTI",286,LASLEA,144731,1,PROV,PRCNCT,CJ,CJ_SV,"2024-06-10 03:48:21",126,112,0,12,2,83,69,0,12,2,77,6,200,117,1,9,10,0,51,0,0,0,6,0,0
34,SIBIU,"CĂMIN CULTURAL IGHIŞU VECHI",241,BÂRGHIŞ,144232,1,PROV,PRCNCT,CJ,CJ_SV,"2024-06-10 03:34:53",107,99,2,6,0,107,99,2,6,0,99,8,200,93,3,37,29,2,18,0,0,2,7,1,0
34,SIBIU,"CĂMIN CULTURAL LASLEA",285,LASLEA,144731,1,PROV,PRCNCT,CJ,CJ_SV,"2024-06-10 08:06:51",1388,1340,3,32,13,760,718,0,32,10,714,46,1600,840,15,80,106,1,455,2,1,10,41,3,0
34,SIBIU,"CĂMIN CULTURAL LOAMNEŞ",290,LOAMNEŞ,144795,1,PROV,PRCNCT,CJ,CJ_SV,"2024-06-10 03:23:49",526,494,1,16,15,356,325,0,16,15,341,15,540,184,16,22,24,1,232,2,5,8,27,2,2
34,SIBIU,"CĂMIN CULTURAL MĂLÎNCRAV",287,LASLEA,144731,1,PROV,PRCNCT,CJ,CJ_SV,"2024-06-10 04:59:55",1062,1038,3,10,11,581,558,2,10,11,493,88,1400,819,51,74,194,1,150,1,1,6,13,1,1
34,SIBIU,"CĂMIN CULTURAL MÎNDRA",294,LOAMNEŞ,144795,1,PROV,PRCNCT,CJ,CJ_SV,"2024-06-10 04:39:09",293,279,0,11,3,293,279,0,11,3,197,12,300,91,3,23,15,0,130,1,2,2,21,0,0
34,SIBIU,"CĂMIN CULTURAL MOHU",364,ŞELIMBĂR,143557,1,PROV,PRCNCT,CJ,CJ_SV,"2024-06-10 09:29:14",613,601,0,7,5,335,323,0,7,5,306,29,660,325,49,35,85,1,53,6,2,15,36,20,4
34,SIBIU,"CĂMIN CULTURAL VALEA LUNGĂ",272,DÂRLOS,144553,1,PROV,PRCNCT,CJ,CJ_SV,"2024-06-10 02:15:07",213,209,0,3,1,118,114,0,3,1,112,6,300,182,4,16,57,1,10,2,12,4,5,1,0
34,SIBIU,"CĂMIN CULTURAL VEȘTEM",365,ŞELIMBĂR,143557,1,PROV,PRCNCT,CJ,CJ_SV,"2024-06-10 06:51:44",1468,1437,3,25,3,941,913,0,25,3,875,66,1580,639,60,126,241,8,235,9,7,26,119,40,4
34,SIBIU,"CĂMIN MOTIȘ",379,"VALEA VIILOR",145961,1,PROV,PRCNCT,CJ,CJ_SV,"2024-06-10 05:18:47",541,534,1,4,2,229,223,0,4,2,208,21,590,361,5,45,23,2,97,0,4,16,10,2,4
34,SIBIU,"CĂMINUL CULTURAL",377,"TURNU ROŞU",145934,1,PROV,PRCNCT,CJ,CJ_SV,"2024-06-10 05:47:58",462,447,3,11,1,298,286,0,11,1,270,28,490,192,10,16,49,2,93,4,2,5,78,9,2
34,SIBIU,"CĂMINUL CULTURAL AL COMUNEI MOȘNA",307,MOŞNA,145104,1,PROV,PRCNCT,CJ,CJ_SV,"2024-06-10 05:26:19",1002,991,4,7,0,548,540,1,7,0,512,36,1085,537,11,78,203,2,122,7,18,30,27,8,6
34,SIBIU,"CĂMINUL CULTURAL AL COMUNEI MOȘNA",306,MOŞNA,145104,1,PROV,PRCNCT,CJ,CJ_SV,"2024-06-10 04:35:53",1081,1079,2,0,0,477,477,0,0,0,411,66,1190,713,15,162,87,4,81,4,15,11,22,5,5
34,SIBIU,"CĂMINUL CULTURAL AL COMUNEI SADU",340,SADU,145471,1,PROV,PRCNCT,CJ,CJ_SV,"2024-06-10 05:02:38",908,888,1,3,16,635,616,0,3,16,595,40,1000,365,22,84,363,3,69,2,1,9,31,10,1
34,SIBIU,"CĂMINUL CULTURAL AL COMUNEI SADU",341,SADU,145471,1,PROV,PRCNCT,CJ,CJ_SV,"2024-06-10 05:23:38",1336,1311,10,13,2,881,864,2,13,2,838,43,1400,519,56,140,442,5,107,1,8,10,58,9,2
34,SIBIU,"CĂMINUL CULTURAL ALMA",219,ALMA,146012,1,PROV,PRCNCT,CJ,CJ_SV,"2024-06-10 02:23:51",665,637,4,9,15,475,448,3,9,15,447,28,700,225,3,71,57,77,147,0,9,3,75,1,4
34,SIBIU,"CĂMINUL CULTURAL BRATEIU",252,BRATEIU,144349,1,PROV,PRCNCT,CJ,CJ_SV,"2024-06-10 10:14:01",1177,1168,6,0,3,632,628,1,0,3,575,57,1260,628,10,93,313,3,52,2,3,8,80,8,3
34,SIBIU,"CĂMINUL CULTURAL COLUN",325,"PORUMBACU DE JOS",145293,1,PROV,PRCNCT,CJ,CJ_SV,"2024-06-10 02:28:49",158,144,0,14,0,108,94,0,14,0,98,10,160,52,3,8,26,0,52,1,0,0,6,0,2
34,SIBIU,"CĂMINUL CULTURAL DÂRLOS",269,DÂRLOS,144553,1,PROV,PRCNCT,CJ,CJ_SV,"2024-06-10 02:53:46",882,876,1,4,1,391,386,0,4,1,375,16,1150,759,22,97,135,4,47,2,29,7,22,7,3
34,SIBIU,"CĂMINUL CULTURAL ERNEA",193,"ORAŞ DUMBRĂVENI",143806,1,PROV,PRCNCT,CJ,CJ_SV,"2024-06-10 04:51:01",414,406,0,7,1,226,218,0,7,1,201,25,450,224,12,20,89,3,62,1,2,3,4,4,1
34,SIBIU,"CĂMINUL CULTURAL GIACĂŞ",220,ALMA,146012,1,PROV,PRCNCT,CJ,CJ_SV,"2024-06-10 00:45:00",188,176,0,8,4,149,137,0,8,4,125,12,190,53,5,19,47,0,49,0,0,0,4,0,1
34,SIBIU,"CAMINUL CULTURAL NOCRICH",310,NOCRICH,145140,1,PROV,PRCNCT,CJ,CJ_SV,"2024-06-10 06:32:44",1189,1164,12,6,7,747,733,1,6,7,664,83,1300,553,41,185,95,1,236,0,4,18,21,62,1
34,SIBIU,"CĂMINUL CULTURAL NOU ROMÂN",229,"ARPAŞU DE JOS",143959,1,PROV,PRCNCT,CJ,CJ_SV,"2024-06-10 05:32:52",310,280,3,18,9,199,172,0,18,9,182,17,320,121,8,11,70,4,77,0,0,3,6,2,1
34,SIBIU,"CĂMINUL CULTURAL POPLACA",323,POPLACA,143502,1,PROV,PRCNCT,CJ,CJ_SV,"2024-06-10 03:37:02",1502,1492,2,8,0,939,930,1,8,0,894,45,1600,661,65,164,176,3,402,4,12,12,29,25,2
34,SIBIU,"CĂMINUL CULTURAL PORUMBACU DE SUS",326,"PORUMBACU DE JOS",145293,1,PROV,PRCNCT,CJ,CJ_SV,"2024-06-10 06:04:20",763,717,8,27,11,516,474,5,27,10,475,0,760,232,22,50,135,2,216,2,2,3,28,7,8
34,SIBIU,"CĂMINUL CULTURAL RACOVIŢA",329,RACOVIŢA,145355,1,PROV,PRCNCT,CJ,CJ_SV,"2024-06-10 06:06:31",1798,1766,1,15,16,1214,1182,1,15,16,1120,77,1950,753,65,104,618,1,243,5,2,18,50,13,1
34,SIBIU,"CĂMINUL CULTURAL RĂȘINARI",333,RĂŞINARI,143520,1,PROV,PRCNCT,CJ,CJ_SV,"2024-06-10 10:26:57",1405,1389,3,9,4,845,832,0,9,4,807,38,1500,655,79,94,294,2,217,3,6,10,68,30,4
34,SIBIU,"CĂMINUL CULTURAL ”REGELE MIHAI I”",376,"TURNU ROŞU",145934,1,PROV,PRCNCT,CJ,CJ_SV,"2024-06-10 08:32:49",1584,1531,3,49,1,1063,1012,1,49,1,998,65,1610,547,62,119,143,2,306,16,14,17,298,14,7
34,SIBIU,"CĂMINUL CULTURAL SÂNGĂTIN",226,"APOLDU DE JOS",143922,1,PROV,PRCNCT,CJ,CJ_SV,"2024-06-10 00:49:16",231,217,4,10,0,156,146,0,10,0,149,7,240,84,5,18,45,0,69,1,0,5,2,0,4
34,SIBIU,"CĂMINUL CULTURAL SARATA",327,"PORUMBACU DE JOS",145293,1,PROV,PRCNCT,CJ,CJ_SV,"2024-06-10 03:55:21",294,271,3,10,10,173,151,3,10,9,159,14,300,127,4,31,53,0,55,0,1,4,4,3,4
34,SIBIU,"CĂMINUL CULTURAL SĂSĂUŞ",263,CHIRPĂR,144456,1,PROV,PRCNCT,CJ,CJ_SV,"2024-06-10 01:41:47",112,105,1,5,1,65,59,0,5,1,62,3,120,55,1,15,7,1,21,0,1,3,12,1,0
34,SIBIU,"CĂMINUL CULTURAL SCOREIU",328,"PORUMBACU DE JOS",145293,1,PROV,PRCNCT,CJ,CJ_SV,"2024-06-10 01:47:40",566,536,0,23,7,346,316,0,23,7,326,20,580,234,7,32,129,1,139,1,0,2,12,1,2
34,SIBIU,"CĂMINUL CULTURAL SEBEȘU DE SUS",330,RACOVIŢA,145355,1,PROV,PRCNCT,CJ,CJ_SV,"2024-06-10 03:30:32",598,591,1,4,2,385,378,1,4,2,355,30,650,265,26,34,209,2,53,1,2,4,18,4,2
34,SIBIU,"CĂMINUL CULTURAL ŞMIG",221,ALMA,146012,1,PROV,PRCNCT,CJ,CJ_SV,"2024-06-10 05:30:51",738,715,0,4,19,590,567,0,4,19,562,28,790,200,14,38,380,46,44,3,6,7,11,3,10
34,SIBIU,"CĂMINUL CULTURAL VĂRD",264,CHIRPĂR,144456,1,PROV,PRCNCT,CJ,CJ_SV,"2024-06-10 01:23:58",289,288,0,1,0,164,163,0,1,0,154,10,310,146,4,25,55,2,55,1,0,3,6,3,0
34,SIBIU,"CĂMIN VALEA VIILOR",378,"VALEA VIILOR",145961,1,PROV,PRCNCT,CJ,CJ_SV,"2024-06-10 04:22:01",1304,1241,3,5,55,645,584,1,5,55,582,63,1310,665,31,119,114,9,241,4,3,14,29,11,7
34,SIBIU,"CASA CORPULUI DIDACTIC",48,"MUNICIPIUL SIBIU",143450,1,PROV,PRCNCT,CJ,CJ_SV,"2024-06-10 06:24:56",1416,1389,16,11,0,658,647,0,11,0,644,14,1542,884,194,38,96,8,78,6,15,15,164,23,7
34,SIBIU,"CASA DE CULTURĂ CISNĂDIE",183,"ORAŞ CISNĂDIE",143735,1,PROV,PRCNCT,CJ,CJ_SV,"2024-06-10 05:40:12",1380,1363,1,16,0,740,723,1,16,0,712,11,1460,53,103,52,93,2,61,8,11,14,333,27,8
34,SIBIU,"CASA DE CULTURĂ CISNĂDIE",182,"ORAŞ CISNĂDIE",143735,1,PROV,PRCNCT,CJ,CJ_SV,"2024-06-10 07:48:24",1703,1674,19,10,0,706,696,0,10,0,678,28,1840,1134,76,90,199,6,92,9,6,24,126,39,11
34,SIBIU,"CASA DE CULTURĂ ”ILARION COCIȘIU”",155,"ORAŞ AGNITA",143682,1,PROV,PRCNCT,CJ,CJ_SV,"2024-06-10 04:04:35",1173,1162,4,6,1,427,420,0,6,1,400,27,1300,873,41,71,188,2,36,5,0,18,32,6,1
34,SIBIU,"CASA DE OASPETI",137,"MUNICIPIUL MEDIAŞ",143619,1,PROV,PRCNCT,CJ,CJ_SV,"2024-06-10 02:35:06",760,747,5,7,1,327,319,0,7,1,313,14,900,573,30,18,94,7,44,1,78,0,27,13,1
34,SIBIU,"CASA PAROHIALA CULT ORTODOX",351,"ŞEICA MARE",145667,1,PROV,PRCNCT,CJ,CJ_SV,"2024-06-10 01:21:53",56,47,1,8,0,30,22,0,8,0,27,3,50,20,1,3,7,0,9,0,0,1,5,1,0
34,SIBIU,"CASA SENIORILOR",153,"ORAŞ AGNITA",143682,1,PROV,PRCNCT,CJ,CJ_SV,"2024-06-10 07:29:42",1370,1363,0,5,2,500,493,0,5,2,461,39,1500,1000,39,50,255,4,65,1,3,19,20,3,2
34,SIBIU,"CENTRU DE DOCUMENTARE ȘI INFORMARE SIBIEL",211,"ORAŞ SĂLIŞTE",145499,1,PROV,PRCNCT,CJ,CJ_SV,"2024-06-10 03:55:57",381,368,0,10,3,227,214,0,10,3,214,13,400,173,17,20,98,1,43,0,2,3,28,2,0
34,SIBIU,"CENTRUL ŞCOLAR PENTRU EDUCAŢIE INCLUZIVĂ DUMBRĂVENI",192,"ORAŞ DUMBRĂVENI",143806,1,PROV,PRCNCT,CJ,CJ_SV,"2024-06-10 04:57:19",1207,1186,3,8,10,507,489,0,8,10,464,43,1300,793,12,30,204,25,151,0,3,16,17,5,1
34,SIBIU,"CENTRU ŞCOLAR DE EDUCAŢIE INCLUZIVĂ MEDIAŞ",116,"MUNICIPIUL MEDIAŞ",143619,1,PROV,PRCNCT,CJ,CJ_SV,"2024-06-10 03:57:55",1106,1095,2,7,2,527,518,0,7,2,514,13,1200,673,29,51,147,16,64,7,128,5,52,13,2
34,SIBIU,"CLĂDIREA FOSTEI PRIMĂRII",212,"ORAŞ SĂLIŞTE",145499,1,PROV,PRCNCT,CJ,CJ_SV,"2024-06-10 02:35:33",326,302,4,12,8,213,193,0,12,8,195,18,350,137,8,24,79,1,59,3,0,7,10,3,1
34,SIBIU,"CLĂDIREA PAROHIALĂ ORTODOXĂ NR.1 OCNA SIBIULUI",201,"ORAŞ OCNA SIBIULUI",143851,1,PROV,PRCNCT,CJ,CJ_SV,"2024-06-10 06:53:30",1446,1430,3,10,3,811,798,0,10,3,752,59,1570,759,50,180,236,16,176,6,2,16,57,9,4
34,SIBIU,"CLADIREA PRIMARIEI (FOSTA SCOALA), DUPUS NR. 107.",231,AŢEL,143995,1,PROV,PRCNCT,CJ,CJ_SV,"2024-06-10 02:01:54",202,189,4,7,2,80,71,0,7,2,74,6,210,130,1,11,25,0,27,0,2,1,4,3,0
34,SIBIU,"CLĂDIREA ȘCOLII GIMNAZIALE AUREL POPA- ARPAȘU DE SUS",228,"ARPAŞU DE JOS",143959,1,PROV,PRCNCT,CJ,CJ_SV,"2024-06-10 06:57:19",1080,1044,2,13,21,709,675,0,13,21,671,38,1150,441,10,131,273,0,199,9,6,21,12,10,0
34,SIBIU,"CLADIRE (FOST SEDIU PRIMARIE),TOPÎRCEA",202,"ORAŞ OCNA SIBIULUI",143851,1,PROV,PRCNCT,CJ,CJ_SV,"2024-06-10 02:12:32",126,113,0,13,0,72,59,0,13,0,69,3,130,58,6,12,22,1,19,0,0,0,7,2,0
34,SIBIU,"CLĂDIRE PUBLICĂ A ADMINISTRAȚIEI LOCALE ORAȘ DUMBRĂVENI",194,"ORAŞ DUMBRĂVENI",143806,1,PROV,PRCNCT,CJ,CJ_SV,"2024-06-10 08:02:01",1412,1397,2,5,8,693,680,0,5,8,608,85,1550,857,10,69,89,2,398,4,5,18,9,4,0
34,SIBIU,"CLUBUL COPIILOR",115,"MUNICIPIUL MEDIAŞ",143619,1,PROV,PRCNCT,CJ,CJ_SV,"2024-06-10 08:49:26",1006,992,3,8,3,459,448,0,8,3,441,18,1000,540,38,41,124,25,61,4,91,5,33,14,5
34,SIBIU,"COLEGIU ECONOMIC GEORGE BARIŢIU",66,"MUNICIPIUL SIBIU",143450,1,PROV,PRCNCT,CJ,CJ_SV,"2024-06-10 03:56:56",1127,1119,3,5,0,447,442,0,5,0,431,16,1240,793,114,32,89,6,76,3,10,9,66,17,9
34,SIBIU,"COLEGIU ECONOMIC GEORGE BARIŢIU",67,"MUNICIPIUL SIBIU",143450,1,PROV,PRCNCT,CJ,CJ_SV,"2024-06-10 03:07:39",1239,1227,3,9,0,492,483,0,9,0,480,12,1357,865,126,53,91,1,72,4,12,8,83,25,5
34,SIBIU,"COLEGIUL AGRICOL DANIIL POPOVICI BARCIANU SIBIU",47,"MUNICIPIUL SIBIU",143450,1,PROV,PRCNCT,CJ,CJ_SV,"2024-06-10 06:59:39",1112,985,56,24,47,478,407,0,24,47,462,16,1143,665,119,53,80,9,51,5,8,21,85,26,5
34,SIBIU,"COLEGIUL ECONOMIC GEORGE BARIŢIU, SIBIU",68,"MUNICIPIUL SIBIU",143450,1,PROV,PRCNCT,CJ,CJ_SV,"2024-06-10 05:24:27",1222,1203,12,7,0,585,578,0,7,0,568,17,1330,745,155,54,111,2,73,4,6,8,119,30,6
34,SIBIU,"COLEGIUL NAŢIONAL GHEORGHE LAZĂR SIBIU",39,"MUNICIPIUL SIBIU",143450,1,PROV,PRCNCT,CJ,CJ_SV,"2024-06-10 03:44:46",1123,1084,27,12,0,420,408,0,12,0,411,9,1213,793,105,50,66,7,60,1,8,12,72,20,10
34,SIBIU,"COLEGIUL NAŢIONAL OCTAVIAN GOGA CU STRUCTURĂ ŞCOALA CU CLASELE I-VIII NR. 15",44,"MUNICIPIUL SIBIU",143450,1,PROV,PRCNCT,CJ,CJ_SV,"2024-06-10 02:33:27",1088,1075,11,2,0,418,414,2,2,0,412,6,1204,786,110,35,63,7,65,6,10,12,84,14,6
34,SIBIU,"COLEGIUL NAŢIONAL OCTAVIAN GOGA SIBIU",43,"MUNICIPIUL SIBIU",143450,1,PROV,PRCNCT,CJ,CJ_SV,"2024-06-10 03:39:42",878,860,10,8,0,339,331,0,8,0,333,6,879,540,84,32,62,2,56,4,5,6,63,17,2
34,SIBIU,"COLEGIUL NAŢIONAL PEDAGOGIC ANDREI ŞAGUNA",100,"MUNICIPIUL SIBIU",143450,1,PROV,PRCNCT,CJ,CJ_SV,"2024-06-10 11:26:18",1218,1207,3,8,0,501,493,0,8,0,491,10,1324,823,108,38,79,3,100,6,9,10,107,24,7
34,SIBIU,"COLEGIUL NAŢIONAL PEDAGOGIC ANDREI ŞAGUNA",101,"MUNICIPIUL SIBIU",143450,1,PROV,PRCNCT,CJ,CJ_SV,"2024-06-10 05:24:25",1115,1104,4,7,0,497,490,0,7,0,486,11,1210,713,133,39,74,3,102,6,12,9,87,12,9
34,SIBIU,"COLEGIUL ”ŞCOALA NAŢIONALĂ DE GAZ”",136,"MUNICIPIUL MEDIAŞ",143619,1,PROV,PRCNCT,CJ,CJ_SV,"2024-06-10 04:43:40",1071,1062,3,6,0,431,425,0,6,0,417,14,1150,719,27,43,118,17,56,6,94,7,40,9,0
34,SIBIU,"COLEGIUL TEHNIC A.T. LAUREAN",154,"ORAŞ AGNITA",143682,1,PROV,PRCNCT,CJ,CJ_SV,"2024-06-10 05:04:59",1028,1024,1,3,0,394,391,0,3,0,372,22,1130,736,21,56,206,0,51,1,1,14,18,4,0
34,SIBIU,"COLEGIUL TEHNIC DE INDUSTRIE ALIMENTARĂ TEREZIANUM SIBIU",20,"MUNICIPIUL SIBIU",143450,1,PROV,PRCNCT,CJ,CJ_SV,"2024-06-10 04:55:45",1368,1355,2,11,0,607,596,0,11,0,595,12,1484,865,196,69,98,6,75,11,4,15,89,28,4
34,SIBIU,"COLEGIUL TEHNIC DE INDUSTRIE ALIMENTARĂ TEREZIANUM SIBIU",19,"MUNICIPIUL SIBIU",143450,1,PROV,PRCNCT,CJ,CJ_SV,"2024-06-10 03:56:58",1436,1428,2,6,0,637,631,0,6,0,624,13,1570,933,183,66,96,12,77,8,16,17,109,32,8
34,SIBIU,"COLEGIUL TEHNIC ENERGETIC",73,"MUNICIPIUL SIBIU",143450,1,PROV,PRCNCT,CJ,CJ_SV,"2024-06-10 07:54:01",1459,1452,0,7,0,639,632,0,7,0,624,15,1610,971,194,54,97,9,85,7,12,17,115,24,10
34,SIBIU,"COLEGIUL TEHNIC ENERGETIC",74,"MUNICIPIUL SIBIU",143450,1,PROV,PRCNCT,CJ,CJ_SV,"2024-06-10 02:38:44",1174,1162,1,11,0,410,399,0,11,0,390,9,1315,916,103,44,63,3,70,5,8,7,67,16,4
34,SIBIU,"COLEGIUL TEHNIC ENERGETIC",76,"MUNICIPIUL SIBIU",143450,1,PROV,PRCNCT,CJ,CJ_SV,"2024-06-10 09:24:20",1355,1351,0,4,0,468,464,0,4,0,463,5,1480,1012,127,41,75,1,99,6,4,16,66,23,5
34,SIBIU,"COLEGIUL TEHNIC ENERGETIC",75,"MUNICIPIUL SIBIU",143450,1,PROV,PRCNCT,CJ,CJ_SV,"2024-06-10 03:37:32",1420,1414,1,5,0,538,533,0,5,0,516,22,1553,1015,136,72,92,3,85,4,9,15,76,19,5
34,SIBIU,"COLEGIUL TEHNIC INDEPENDENŢA",18,"MUNICIPIUL SIBIU",143450,1,PROV,PRCNCT,CJ,CJ_SV,"2024-06-10 04:19:45",1211,1203,0,8,0,483,475,0,8,0,471,12,1330,847,123,66,73,2,64,5,16,11,68,30,13
34,SIBIU,"COLEGIUL TEHNIC INDEPENDENŢA SIBIU",42,"MUNICIPIUL SIBIU",143450,1,PROV,PRCNCT,CJ,CJ_SV,"2024-06-10 03:27:11",1054,1037,11,6,0,373,367,0,6,0,365,8,1156,783,97,46,54,3,58,7,7,8,55,21,9
34,SIBIU,"COMPLEX COMERCIAL",134,"MUNICIPIUL MEDIAŞ",143619,1,PROV,PRCNCT,CJ,CJ_SV,"2024-06-10 07:09:29",1251,1243,0,8,0,573,565,0,8,0,550,23,1300,727,38,45,140,40,62,3,123,14,66,17,2
34,SIBIU,"CREŞA NR.3",129,"MUNICIPIUL MEDIAŞ",143619,1,PROV,PRCNCT,CJ,CJ_SV,"2024-06-10 06:12:45",1149,1140,3,6,0,497,491,0,6,0,467,30,1250,753,51,45,141,17,67,2,79,5,44,15,1
34,SIBIU,"DISPENSARUL MEDICAL CHESLER",301,MICĂSASA,144991,1,PROV,PRCNCT,CJ,CJ_SV,"2024-06-10 08:00:13",57,41,0,12,4,47,31,0,12,4,45,2,50,3,1,2,19,2,19,0,0,0,2,0,0
34,SIBIU,"DISPENSAR UMAN VECERD",243,BÂRGHIŞ,144232,1,PROV,PRCNCT,CJ,CJ_SV,"2024-06-09 23:55:29",91,86,0,5,0,46,41,0,5,0,46,0,100,54,1,16,10,2,11,0,0,1,2,2,1
34,SIBIU,"FACULTATEA DE INGINERIE",65,"MUNICIPIUL SIBIU",143450,1,PROV,PRCNCT,CJ,CJ_SV,"2024-06-10 06:55:02",1120,1100,9,11,0,490,479,0,11,0,473,17,1937,1447,139,27,74,5,75,1,2,12,106,25,7
34,SIBIU,"FOSTA PRIMĂRIE VALCHID",277,HOGHILAG,144615,1,PROV,PRCNCT,CJ,CJ_SV,"2024-06-10 03:29:31",680,664,3,6,7,348,334,1,6,7,330,18,730,382,5,20,33,6,263,0,0,0,3,0,0
34,SIBIU,"FOSTA ŞCOALĂ GENERALĂ",250,BLĂJEL,144303,1,PROV,PRCNCT,CJ,CJ_SV,"2024-06-09 23:57:27",68,57,1,7,3,47,37,0,7,3,40,7,70,23,0,2,12,0,21,0,1,0,2,2,0
34,SIBIU,"FOSTĂ ŞCOALĂ GENERALĂ ILIMBAV",297,MARPOD,144893,1,PROV,PRCNCT,CJ,CJ_SV,"2024-06-10 01:05:23",179,165,1,11,2,118,105,0,11,2,112,6,180,62,7,5,32,0,60,0,3,3,0,1,1
34,SIBIU,"FOSTA SCOALA GHIJASA DE JOS",312,NOCRICH,145140,1,PROV,PRCNCT,CJ,CJ_SV,"2024-06-10 01:12:54",50,45,0,4,1,50,45,0,4,1,48,2,90,40,2,13,7,0,21,0,1,1,1,1,1
34,SIBIU,"FOSTA ŞCOALĂ ŢELINE",257,BRĂDENI,144376,1,PROV,PRCNCT,CJ,CJ_SV,"2024-06-10 00:39:05",94,68,1,25,0,87,62,0,25,0,74,13,100,12,2,2,51,0,19,0,0,0,0,0,0
34,SIBIU,"FOST SEDIU CAP",223,ALŢINA,143888,1,PROV,PRCNCT,CJ,CJ_SV,"2024-06-10 04:18:47",249,238,0,9,2,144,133,0,9,2,117,27,270,126,2,32,17,0,62,0,2,0,1,0,1
34,SIBIU,"FOST SEDIU CAP",224,ALŢINA,143888,1,PROV,PRCNCT,CJ,CJ_SV,"2024-06-10 01:53:54",118,108,0,6,4,77,67,0,6,4,71,6,130,53,5,6,12,0,47,0,0,1,0,0,0
34,SIBIU,"FOSTUL SEDIU CAP SOROŞTIN",354,"ŞEICA MICĂ",145738,1,PROV,PRCNCT,CJ,CJ_SV,"2024-06-10 06:01:02",450,428,0,10,12,338,316,0,10,12,311,27,480,142,9,10,234,2,46,1,1,0,6,2,0
34,SIBIU,"GRĂDINIŢA CU ORAR NORMAL TÎRNAVA",373,TÂRNAVA,143646,1,PROV,PRCNCT,CJ,CJ_SV,"2024-06-10 11:05:30",1224,1191,1,16,16,707,676,0,16,15,606,72,1290,557,34,0,206,4,211,0,10,18,114,9,0
34,SIBIU,"GRĂDINIŢA CU ORAR NORMAL TÎRNAVA",372,TÂRNAVA,143646,1,PROV,PRCNCT,CJ,CJ_SV,"2024-06-10 09:49:34",1310,1299,0,1,10,706,695,0,1,10,606,100,1360,643,25,103,221,2,193,3,5,12,36,5,1
34,SIBIU,"GRĂDINIȚA CU PROGRAM NORMAL BÎRGHIȘ",239,BÂRGHIŞ,144232,1,PROV,PRCNCT,CJ,CJ_SV,"2024-06-10 05:22:05",615,602,0,0,13,391,378,0,0,13,344,46,660,270,13,81,183,13,18,3,2,2,12,7,10
34,SIBIU,"GRĂDINIŢA CU PROGRAM NORMAL CISNĂDIOARA",184,"ORAŞ CISNĂDIE",143735,1,PROV,PRCNCT,CJ,CJ_SV,"2024-06-10 02:48:29",842,777,49,16,0,296,274,6,16,0,290,6,850,554,79,18,62,1,36,3,5,7,73,5,1
34,SIBIU,"GRĂDINIŢA CU PROGRAM NORMAL NR.1",179,"ORAŞ CISNĂDIE",143735,1,PROV,PRCNCT,CJ,CJ_SV,"2024-06-10 11:23:45",1618,1583,22,13,0,734,720,1,13,0,725,9,1730,996,91,74,90,4,76,6,10,9,323,31,11
34,SIBIU,"GRĂDINIŢA CU PROGRAM NORMAL NR.1",180,"ORAŞ CISNĂDIE",143735,1,PROV,PRCNCT,CJ,CJ_SV,"2024-06-10 09:32:29",1674,1630,20,23,1,792,768,0,23,1,784,8,1800,1008,102,66,85,10,86,10,9,19,363,24,10
34,SIBIU,"GRĂDINIȚA CU PROGRAM NORMAL NR. 1",181,"ORAŞ CISNĂDIE",143735,1,PROV,PRCNCT,CJ,CJ_SV,"2024-06-10 11:17:09",1426,1402,11,13,0,640,627,0,13,0,634,6,1550,910,67,53,77,11,50,2,6,26,300,32,10
34,SIBIU,"GRĂDINIŢA CU PROGRAM NORMAL NR.2 GURA RÂULUI",274,"GURA RÂULUI",144599,1,PROV,PRCNCT,CJ,CJ_SV,"2024-06-10 08:30:26",1541,1508,0,10,23,1143,1110,0,10,23,1013,130,1690,547,59,300,319,4,179,4,9,75,41,18,5
34,SIBIU,"GRĂDINIŢA CU PROGRAM NORMAL ORLAT",316,ORLAT,145202,1,PROV,PRCNCT,CJ,CJ_SV,"2024-06-10 06:51:30",1386,1373,2,3,8,887,874,2,3,8,844,43,1510,623,61,252,214,2,98,3,6,15,171,17,5
34,SIBIU,"GRĂDINIŢA CU PROGRAM NORMAL ORLAT",315,ORLAT,145202,1,PROV,PRCNCT,CJ,CJ_SV,"2024-06-10 06:20:42",1290,1273,4,5,8,775,762,0,5,8,725,50,1420,645,45,216,170,4,95,3,3,23,148,14,4
34,SIBIU,"GRĂDINIȚA CU PROGRAM NORMAL POIANA SIBIULUI",321,"POIANA SIBIULUI",145275,1,PROV,PRCNCT,CJ,CJ_SV,"2024-06-10 02:21:33",836,808,0,5,23,449,421,0,5,23,371,78,920,471,12,38,75,0,224,3,1,9,9,0,0
34,SIBIU,"GRĂDINIŢA CU PROGRAM PRELUNGIT",152,"ORAŞ AGNITA",143682,1,PROV,PRCNCT,CJ,CJ_SV,"2024-06-10 04:44:21",1010,997,6,7,0,392,385,0,7,0,369,23,1100,708,32,45,192,4,54,1,2,9,23,4,3
34,SIBIU,"GRĂDINIȚA CU PROGRAM PRELUNGIT",357,ŞELIMBĂR,143557,1,PROV,PRCNCT,CJ,CJ_SV,"2024-06-10 07:55:54",1782,1748,13,21,0,1769,1748,0,21,0,885,20,1910,1000,148,67,226,7,89,9,9,16,274,33,7
34,SIBIU,"GRĂDINIŢA CU PROGRAM PRELUNGIT BUCURIA COPIILOR",111,"MUNICIPIUL MEDIAŞ",143619,1,PROV,PRCNCT,CJ,CJ_SV,"2024-06-10 05:18:53",1099,1089,6,4,0,489,485,0,4,0,473,16,1200,711,40,48,117,30,77,6,86,10,47,9,3
34,SIBIU,"GRĂDINITA CU PROGRAM PRELUNGIT”DOAMNA STANCA” ȘELIMBĂR",360,ŞELIMBĂR,143557,1,PROV,PRCNCT,CJ,CJ_SV,"2024-06-10 04:18:08",736,712,7,17,0,302,285,0,17,0,300,2,780,478,43,15,108,0,34,4,4,6,74,10,2
34,SIBIU,"GRĂDINIȚA CU PROGRAM PRELUNGIT ”DOAMNA STANCA”ȘELIMBĂR",361,ŞELIMBĂR,143557,1,PROV,PRCNCT,CJ,CJ_SV,"2024-06-10 09:32:53",1933,1884,32,17,0,963,946,0,17,0,936,27,2080,1117,122,95,272,2,100,17,10,23,237,53,5
34,SIBIU,"GRĂDINIȚA CU PROGRAM PRELUNGIT ”DOAMNA STANCA”ȘELIMBĂR",362,ŞELIMBĂR,143557,1,PROV,PRCNCT,CJ,CJ_SV,"2024-06-10 03:31:36",709,685,11,13,0,283,269,1,13,0,278,5,750,467,42,24,83,3,27,2,1,8,73,9,6
34,SIBIU,"GRĂDINIŢA CU PROGRAM PRELUNGIT ELEFĂNŢELUL CURIOS",99,"MUNICIPIUL SIBIU",143450,1,PROV,PRCNCT,CJ,CJ_SV,"2024-06-10 02:48:06",1296,1288,0,8,0,498,490,0,8,0,476,22,1408,910,142,48,63,3,75,6,12,10,82,27,8
34,SIBIU,"GRĂDINIŢA CU PROGRAM PRELUNGIT NR.12",109,"MUNICIPIUL MEDIAŞ",143619,1,PROV,PRCNCT,CJ,CJ_SV,"2024-06-10 05:08:30",1015,1003,1,7,4,386,375,0,7,4,364,22,1100,714,37,36,72,15,53,2,92,10,34,11,2
34,SIBIU,"GRĂDINIŢA CU PROGRAM PRELUNGIT NR. 17",34,"MUNICIPIUL SIBIU",143450,1,PROV,PRCNCT,CJ,CJ_SV,"2024-06-10 03:27:33",941,936,0,4,1,326,321,0,4,1,319,7,1032,706,87,47,46,6,55,3,8,9,44,12,2
34,SIBIU,"GRĂDINIŢA CU PROGRAM PRELUNGIT NR.2",156,"ORAŞ AGNITA",143682,1,PROV,PRCNCT,CJ,CJ_SV,"2024-06-10 04:16:48",1131,1123,0,8,0,484,476,0,8,0,465,19,1240,756,52,50,219,7,75,2,2,10,43,4,1
34,SIBIU,"GRĂDINIŢA CU PROGRAM PRELUNGIT NR. 22",54,"MUNICIPIUL SIBIU",143450,1,PROV,PRCNCT,CJ,CJ_SV,"2024-06-10 04:12:50",1507,1466,36,5,0,737,732,0,5,0,715,22,1644,907,195,48,163,12,77,5,6,11,164,27,7
34,SIBIU,"GRĂDINIŢA CU PROGRAM PRELUNGIT NR. 22",57,"MUNICIPIUL SIBIU",143450,1,PROV,PRCNCT,CJ,CJ_SV,"2024-06-10 02:36:53",988,982,0,6,0,438,432,0,6,0,428,10,1091,653,125,43,61,1,72,1,11,12,66,26,10
34,SIBIU,"GRĂDINIŢA CU PROGRAM PRELUNGIT NR. 22",55,"MUNICIPIUL SIBIU",143450,1,PROV,PRCNCT,CJ,CJ_SV,"2024-06-10 08:04:38",1405,1389,12,4,0,709,703,2,4,0,694,15,1538,829,229,54,116,3,121,6,12,7,109,23,14
34,SIBIU,"GRĂDINIŢA CU PROGRAM PRELUNGIT NR. 22",56,"MUNICIPIUL SIBIU",143450,1,PROV,PRCNCT,CJ,CJ_SV,"2024-06-10 05:59:18",1732,1705,16,10,1,848,836,1,10,1,829,19,1920,1072,217,57,183,4,100,3,17,19,181,43,5
34,SIBIU,"GRĂDINIŢA CU PROGRAM PRELUNGIT NR.29",84,"MUNICIPIUL SIBIU",143450,1,PROV,PRCNCT,CJ,CJ_SV,"2024-06-10 05:34:05",1070,1066,0,4,0,448,444,0,4,0,431,17,1180,732,112,49,63,1,87,5,14,12,66,20,2
34,SIBIU,"GRĂDINIŢA CU PROGRAM PRELUNGIT NR.33",87,"MUNICIPIUL SIBIU",143450,1,PROV,PRCNCT,CJ,CJ_SV,"2024-06-10 02:26:41",1114,1105,6,3,0,436,433,0,3,0,423,13,1215,779,112,52,60,8,72,1,9,15,73,17,4
34,SIBIU,"GRĂDINIŢA CU PROGRAM PRELUNGIT NR. 37",35,"MUNICIPIUL SIBIU",143450,1,PROV,PRCNCT,CJ,CJ_SV,"2024-06-10 01:56:30",1228,1204,16,8,0,454,446,0,8,0,432,22,1335,881,125,53,60,5,74,4,10,10,72,16,3
34,SIBIU,"GRĂDINIŢA CU PROGRAM PRELUNGIT NR. 42",102,"MUNICIPIUL SIBIU",143450,1,PROV,PRCNCT,CJ,CJ_SV,"2024-06-10 03:38:28",1238,1230,4,4,0,549,545,0,4,0,536,13,1354,805,157,39,93,0,95,0,10,11,105,18,8
34,SIBIU,"GRĂDINIŢA CU PROGRAM PRELUNGIT NR. 43",104,"MUNICIPIUL SIBIU",143450,1,PROV,PRCNCT,CJ,CJ_SV,"2024-06-10 08:00:41",1353,1344,3,6,0,497,491,0,6,0,488,9,1484,987,140,49,67,3,77,1,13,24,76,28,10
34,SIBIU,"GRĂDINIŢA CU PROGRAM PRELUNGIT NR. 43",103,"MUNICIPIUL SIBIU",143450,1,PROV,PRCNCT,CJ,CJ_SV,"2024-06-10 09:49:36",1540,1522,4,14,0,672,658,0,14,0,645,27,1674,1002,163,65,97,6,98,8,13,16,135,36,8
34,SIBIU,"GRĂDINIŢA CU PROGRAM PRELUNGIT NR. 5",105,"MUNICIPIUL SIBIU",143450,1,PROV,PRCNCT,CJ,CJ_SV,"2024-06-10 06:27:46",1582,1566,4,12,0,628,616,0,12,0,618,10,1707,1079,133,73,127,3,76,9,14,27,120,29,7
34,SIBIU,"GRĂDINIŢA CU PROGRAM PRELUNGIT NR. 5",106,"MUNICIPIUL SIBIU",143450,1,PROV,PRCNCT,CJ,CJ_SV,"2024-06-10 03:44:06",1545,1535,6,4,0,634,630,0,4,0,624,10,1701,1067,161,65,94,5,106,5,7,13,121,32,15
34,SIBIU,"GRĂDINIŢA CU PROGRAM PRELUNGIT NR.6",172,"ORAŞ CISNĂDIE",143735,1,PROV,PRCNCT,CJ,CJ_SV,"2024-06-10 07:03:35",1336,1331,0,5,0,549,544,0,5,0,535,14,1420,80,59,86,138,0,90,10,5,21,64,41,21
34,SIBIU,"GRĂDINIŢA CU PROGRAM PRELUNGIT NR.7",170,"ORAŞ CISNĂDIE",143735,1,PROV,PRCNCT,CJ,CJ_SV,"2024-06-10 10:02:50",1635,1628,1,6,0,684,678,0,6,0,649,35,1700,1016,81,75,198,4,86,6,7,26,115,45,6
34,SIBIU,"GRĂDINIŢA CU PROGRAM PRELUNGIT PINOCCHIO",140,"MUNICIPIUL MEDIAŞ",143619,1,PROV,PRCNCT,CJ,CJ_SV,"2024-06-10 02:59:55",1177,1166,2,5,4,463,454,0,5,4,450,13,1350,887,33,35,112,25,53,5,128,6,43,8,2
34,SIBIU,"GRĂDINIŢA CU PROGRAM PRELUNGIT PITICOT",125,"MUNICIPIUL MEDIAŞ",143619,1,PROV,PRCNCT,CJ,CJ_SV,"2024-06-10 09:07:32",1298,1282,0,8,8,627,611,0,8,8,567,60,1350,723,20,42,245,16,58,2,145,11,21,7,0
34,SIBIU,"GRĂDINIŢA CU PROGRAM PRELUNGIT RAZĂ DE SOARE",121,"MUNICIPIUL MEDIAŞ",143619,1,PROV,PRCNCT,CJ,CJ_SV,"2024-06-10 07:13:10",1161,1139,10,8,4,479,467,0,8,4,468,11,1250,771,27,33,130,29,74,5,104,13,36,16,1
34,SIBIU,"GRĂDINIȚA CU PROGRAM PRELUNGIT ȘELIMBĂR, CORP NOU, PARTER",358,ŞELIMBĂR,143557,1,PROV,PRCNCT,CJ,CJ_SV,"2024-06-10 10:55:29",2000,1958,18,23,1,1040,1015,1,23,1,1015,25,2140,1100,135,158,210,7,150,11,2,18,274,44,6
34,SIBIU,"GRADINITA NR,1 PROGRAM NORMAL",162,"ORAŞ AVRIG",144054,1,PROV,PRCNCT,CJ,CJ_SV,"2024-06-10 07:50:10",1573,1560,1,7,5,844,832,0,7,5,803,41,1770,926,38,102,312,2,208,6,8,16,98,9,4
34,SIBIU,"GRADINITA NR.3 PROGRAM PRELUNGIT",159,"ORAŞ AVRIG",144054,1,PROV,PRCNCT,CJ,CJ_SV,"2024-06-10 06:26:55",1413,1405,0,8,0,654,646,0,8,0,619,35,1560,906,24,138,179,0,175,4,11,28,46,11,3
34,SIBIU,"IMOBIL APARȚINÂND PRIMĂRIEI ORAȘULUI TĂLMACIU (FOSTA ȘCOALĂ COLONIA TĂLMACIU II)",217,"ORAŞ TĂLMACIU",145827,1,PROV,PRCNCT,CJ,CJ_SV,"2024-06-10 01:22:37",216,205,0,9,2,116,105,0,9,2,108,8,240,124,3,10,55,0,20,2,2,2,12,2,0
34,SIBIU,"LICEUL DE ARTĂ SIBIU",40,"MUNICIPIUL SIBIU",143450,1,PROV,PRCNCT,CJ,CJ_SV,"2024-06-10 07:18:46",752,698,20,5,29,274,238,2,5,29,269,5,785,511,64,30,45,10,56,0,5,7,33,14,5
34,SIBIU,"LICEUL DE ARTĂ SIBIU",41,"MUNICIPIUL SIBIU",143450,1,PROV,PRCNCT,CJ,CJ_SV,"2024-06-10 06:15:51",862,831,9,15,7,295,269,4,15,7,285,9,932,637,78,30,46,0,42,1,8,12,46,15,7
34,SIBIU,"LICEUL ”GHEORGHE LAZĂR”, AVRIG",163,"ORAŞ AVRIG",144054,1,PROV,PRCNCT,CJ,CJ_SV,"2024-06-10 04:58:31",1240,1230,0,9,1,569,559,0,9,1,552,17,1320,751,24,83,220,2,118,5,7,12,63,17,1
34,SIBIU,"LICEUL ”GHEORGHE LAZĂR”, AVRIG",164,"ORAŞ AVRIG",144054,1,PROV,PRCNCT,CJ,CJ_SV,"2024-06-10 10:41:04",1344,1335,3,6,0,685,679,0,6,0,669,15,1430,746,29,72,281,181,10,76,17,3,0,0,0
34,SIBIU,"LICEUL TEHNOLOGIC",175,"ORAŞ CISNĂDIE",143735,1,PROV,PRCNCT,CJ,CJ_SV,"2024-06-10 06:30:21",1568,1545,13,10,0,667,656,1,10,0,637,30,1700,1033,99,125,127,5,101,3,9,29,93,40,6
34,SIBIU,"LICEUL TEHNOLOGIC CISNĂDIE",177,"ORAŞ CISNĂDIE",143735,1,PROV,PRCNCT,CJ,CJ_SV,"2024-06-10 07:14:21",1114,1103,2,9,0,496,487,0,9,0,474,22,1200,704,58,65,131,3,67,8,8,19,78,28,9
34,SIBIU,"LICEUL TEHNOLOGIC CISNĂDIE",178,"ORAŞ CISNĂDIE",143735,1,PROV,PRCNCT,CJ,CJ_SV,"2024-06-10 07:21:17",1098,1081,9,8,0,470,461,1,8,0,440,30,1200,730,19,74,159,1,55,6,9,27,52,30,8
34,SIBIU,"LICEUL TEHNOLOGIC CONSTRUCȚII ŞI ARHITECTURĂ CAROL I SIBIU",10,"MUNICIPIUL SIBIU",143450,1,PROV,PRCNCT,CJ,CJ_SV,"2024-06-10 07:16:23",1029,919,38,30,42,506,436,0,28,42,429,7,1046,610,147,34,69,6,59,4,10,13,69,12,6
34,SIBIU,"LICEUL TEHNOLOGIC CONSTRUCȚII ȘI ARHITECTURĂ CAROL I SIBIU",11,"MUNICIPIUL SIBIU",143450,1,PROV,PRCNCT,CJ,CJ_SV,"2024-06-10 04:08:34",1608,1594,9,5,0,600,595,0,5,0,592,8,1756,1156,136,70,134,8,65,3,17,20,118,18,3
34,SIBIU,"LICEUL TEHNOLOGIC HENRI COANDĂ",28,"MUNICIPIUL SIBIU",143450,1,PROV,PRCNCT,CJ,CJ_SV,"2024-06-10 02:32:09",963,952,3,6,2,429,421,0,6,2,415,13,1040,611,101,66,83,7,36,3,7,14,64,30,4
34,SIBIU,"LICEUL TEHNOLOGIC HENRI COANDĂ",29,"MUNICIPIUL SIBIU",143450,1,PROV,PRCNCT,CJ,CJ_SV,"2024-06-10 05:58:00",1595,1584,3,8,0,532,524,0,8,0,513,19,1738,1206,134,74,82,3,81,0,13,21,69,25,11
34,SIBIU,"LICEUL TEHNOLOGIC HENRI COANDĂ",27,"MUNICIPIUL SIBIU",143450,1,PROV,PRCNCT,CJ,CJ_SV,"2024-06-10 05:58:41",1009,1000,3,6,0,372,366,0,6,0,368,4,1098,726,89,49,54,3,53,4,11,19,56,25,5
34,SIBIU,"LICEUL TEHNOLOGIC IACOBENI",278,IACOBENI,144651,1,PROV,PRCNCT,CJ,CJ_SV,"2024-06-10 09:56:58",912,911,0,0,1,541,540,0,0,1,455,86,1131,590,8,39,180,2,190,1,1,14,3,11,6
34,SIBIU,"LICEUL TEHNOLOGIC ”IOAN LUPAȘ”",204,"ORAŞ SĂLIŞTE",145499,1,PROV,PRCNCT,CJ,CJ_SV,"2024-06-10 06:48:16",1248,1171,2,18,57,824,749,0,18,57,788,36,1290,466,43,84,390,0,209,2,4,4,41,9,2
34,SIBIU,"LICEUL TEHNOLOGIC ”IOAN LUPAȘ”",203,"ORAŞ SĂLIŞTE",145499,1,PROV,PRCNCT,CJ,CJ_SV,"2024-06-10 05:29:31",1260,1234,3,19,4,749,723,3,19,4,725,24,1350,601,50,109,274,0,211,3,7,21,31,16,3
34,SIBIU,"LICEUL TEHNOLOGIC ”JOHANNES LEBEL” TĂLMACIU CORP A",215,"ORAŞ TĂLMACIU",145827,1,PROV,PRCNCT,CJ,CJ_SV,"2024-06-10 06:32:44",1156,1148,0,6,2,622,614,0,6,2,595,27,1210,588,55,55,275,4,121,1,1,8,68,6,1
34,SIBIU,"LICEUL TEHNOLOGIC ”JOHANNES LEBEL” TĂLMACIU CORP B",216,"ORAŞ TĂLMACIU",145827,1,PROV,PRCNCT,CJ,CJ_SV,"2024-06-10 16:08:10",1608,1601,0,3,4,860,853,0,3,4,817,43,1760,900,57,92,346,3,157,4,10,14,116,15,3
34,SIBIU,"LICEUL TEHNOLOGIC ”JOHANNES LEBEL” TĂLMACIU/ȘCOALA GIMNAZIALĂ TĂLMĂCEL",218,"ORAŞ TĂLMACIU",145827,1,PROV,PRCNCT,CJ,CJ_SV,"2024-06-10 07:39:25",957,951,0,5,1,656,650,0,5,1,567,88,1050,395,26,66,205,2,227,2,5,5,21,5,3
34,SIBIU,"LICEUL TEHNOLOGIC ”JOHANNES LEBEL” TĂLMACIU/ȘCOALA GIMNAZIALĂ TĂLMACIU",214,"ORAŞ TĂLMACIU",145827,1,PROV,PRCNCT,CJ,CJ_SV,"2024-06-10 08:09:53",1117,1104,0,10,3,625,612,0,10,3,592,33,1200,575,45,63,275,3,122,5,5,14,40,15,5
34,SIBIU,"LICEUL ”TEHNOLOGIC MÂRŞA",167,"ORAŞ AVRIG",144054,1,PROV,PRCNCT,CJ,CJ_SV,"2024-06-10 03:58:12",1254,1248,3,3,0,580,577,0,3,0,550,30,1330,750,15,88,238,1,95,8,11,28,47,14,5
34,SIBIU,"LICEUL ”TEHNOLOGIC MÂRŞA",168,"ORAŞ AVRIG",144054,1,PROV,PRCNCT,CJ,CJ_SV,"2024-06-10 06:07:40",1281,1277,0,4,0,573,569,0,4,0,552,21,1350,777,21,60,266,1,98,9,4,25,53,13,2
34,SIBIU,"LICEUL TEHNOLOGIC ”MEDIENSIS”",138,"MUNICIPIUL MEDIAŞ",143619,1,PROV,PRCNCT,CJ,CJ_SV,"2024-06-10 08:31:43",1337,1322,1,11,3,623,609,0,11,3,600,23,1450,827,28,38,185,19,87,9,151,9,60,12,2
34,SIBIU,"LICEUL TEHNOLOGIC ”NICOLAE TECLU” COPŞA MICĂ, STRADA ŞOSEAUA SIBIULUI, NR.61",186,"ORAŞ COPŞA MICĂ",143771,1,PROV,PRCNCT,CJ,CJ_SV,"2024-06-10 07:06:28",1424,1407,0,12,5,622,605,0,12,5,597,25,1570,948,14,84,327,8,113,4,9,17,12,8,1
34,SIBIU,"LICEUL TEHOLOGIC ” JOHANNES LEBEL” TĂLMACIU/ȘCOALA GIMNAZIALĂ TĂLMACIU",213,"ORAŞ TĂLMACIU",145827,1,PROV,PRCNCT,CJ,CJ_SV,"2024-06-10 06:58:28",1552,1546,2,2,2,731,727,0,2,2,677,54,1740,1009,46,68,353,1,152,4,1,8,33,9,2
34,SIBIU,"LICEUL TEORECTIC ”AXENTE SEVER”",135,"MUNICIPIUL MEDIAŞ",143619,1,PROV,PRCNCT,CJ,CJ_SV,"2024-06-10 03:50:45",1162,1147,4,11,0,534,523,0,11,0,516,18,1250,716,51,60,118,26,53,6,107,14,62,15,4
34,SIBIU,"LICEUL TEORETIC CONSTANTIN NOICA",97,"MUNICIPIUL SIBIU",143450,1,PROV,PRCNCT,CJ,CJ_SV,"2024-06-10 02:58:12",1223,1219,1,3,0,480,477,0,3,0,457,23,1344,864,113,44,64,7,79,3,11,11,98,22,5
34,SIBIU,"LICEUL TEORETIC CONSTANTIN NOICA",96,"MUNICIPIUL SIBIU",143450,1,PROV,PRCNCT,CJ,CJ_SV,"2024-06-10 03:35:18",1177,1170,1,6,0,459,453,0,6,0,447,12,1280,821,112,37,73,12,85,5,6,12,85,17,3
34,SIBIU,"LICEUL TEORETIC CONSTANTIN NOICA",98,"MUNICIPIUL SIBIU",143450,1,PROV,PRCNCT,CJ,CJ_SV,"2024-06-10 03:45:14",1292,1284,5,3,0,517,514,0,3,0,503,14,1433,916,157,35,83,5,76,3,15,18,86,21,4
34,SIBIU,"LICEUL TEORETIC ”GUSTAV GUNDISCH” CISNĂDIE",174,"ORAŞ CISNĂDIE",143735,1,PROV,PRCNCT,CJ,CJ_SV,"2024-06-10 06:45:14",1811,1801,3,6,1,761,753,1,6,1,708,32,1950,1185,99,113,216,4,97,7,16,30,73,38,15
34,SIBIU,"LICEUL TEORETIC ONISIFOR GHIBU",49,"MUNICIPIUL SIBIU",143450,1,PROV,PRCNCT,CJ,CJ_SV,"2024-06-10 06:40:24",1152,1137,9,6,0,507,500,1,6,0,489,18,1266,759,136,41,89,5,69,5,12,12,87,24,9
34,SIBIU,"LICEUL TEORETIC ”ROTH - OBERTH”",108,"MUNICIPIUL MEDIAŞ",143619,1,PROV,PRCNCT,CJ,CJ_SV,"2024-06-10 09:06:03",1045,1022,11,8,4,383,369,2,8,4,363,20,1150,767,37,17,75,18,53,1,103,8,39,11,1
34,SIBIU,"LICEUL ”TIMOTEI CIPARIU” DUMBRĂVENI",191,"ORAŞ DUMBRĂVENI",143806,1,PROV,PRCNCT,CJ,CJ_SV,"2024-06-10 07:19:39",1177,1154,0,8,15,513,490,0,8,15,457,56,1200,687,14,46,196,14,147,2,3,10,2,7,16
34,SIBIU,"LICEUL ”TIMOTEI CIPARIU” DUMBRĂVENI",190,"ORAŞ DUMBRĂVENI",143806,1,PROV,PRCNCT,CJ,CJ_SV,"2024-06-10 07:52:14",1097,1076,1,7,13,593,573,0,7,13,556,37,1200,607,18,49,236,28,173,2,9,10,25,3,3
34,SIBIU,"MUZEUL ETNOGRAFIC ”MARIA COSTACHESCU",208,"ORAŞ SĂLIŞTE",145499,1,PROV,PRCNCT,CJ,CJ_SV,"2024-06-10 01:57:06",174,169,0,3,2,174,169,0,3,2,162,12,300,126,7,30,61,0,39,1,1,5,15,2,1
34,SIBIU,PĂLTINIŞ,107,"MUNICIPIUL SIBIU",143450,1,PROV,PRCNCT,CJ,CJ_SV,"2024-06-09 23:47:43",33,19,0,14,0,15,1,0,14,0,14,1,24,9,3,3,3,0,3,0,0,0,1,0,1
34,SIBIU,PRIMARIA,353,"ŞEICA MICĂ",145738,1,PROV,PRCNCT,CJ,CJ_SV,"2024-06-10 02:42:10",1012,971,14,2,25,480,452,1,2,25,457,23,1100,620,24,53,219,2,124,4,10,7,12,2,0
34,SIBIU,PRIMĂRIA,334,"RÂU SADULUI",145382,1,PROV,PRCNCT,CJ,CJ_SV,"2024-06-10 03:14:57",475,453,0,11,11,396,374,0,11,11,341,55,510,114,6,35,140,0,112,0,1,13,19,14,1
34,SIBIU,"PRIMARIA ATEL",230,AŢEL,143995,1,PROV,PRCNCT,CJ,CJ_SV,"2024-06-10 07:25:54",1183,1149,1,3,30,622,589,0,3,30,584,38,1280,658,19,59,295,1,159,1,8,7,18,9,8
34,SIBIU,"PRIMARIA BAZNA",236,BAZNA,144152,1,PROV,PRCNCT,CJ,CJ_SV,"2024-06-10 07:44:47",1411,1382,2,8,19,608,580,1,8,19,547,61,1540,932,28,65,118,9,255,2,9,14,38,8,1
34,SIBIU,"PRIMĂRIA BRUIU",258,BRUIU,144410,1,PROV,PRCNCT,CJ,CJ_SV,"2024-06-10 03:25:16",455,411,4,30,10,289,249,0,30,10,245,33,541,263,14,25,114,2,24,0,1,6,55,3,1
34,SIBIU,"PRIMARIA CIRTA",260,CÂRŢA,144508,1,PROV,PRCNCT,CJ,CJ_SV,"2024-06-10 04:04:53",1041,975,9,37,20,646,583,6,37,20,566,80,1050,404,64,89,189,4,175,4,5,7,22,7,0
34,SIBIU,"PRIMARIA COMUNEI BIERTAN",245,BIERTAN,144198,1,PROV,PRCNCT,CJ,CJ_SV,"2024-06-10 05:48:36",1357,1323,0,15,19,615,581,0,15,19,558,57,1480,865,24,94,271,3,143,0,4,3,11,2,3
34,SIBIU,"PRIMĂRIA COMUNEI BOIŢA",251,BOIŢA,146021,1,PROV,PRCNCT,CJ,CJ_SV,"2024-06-10 06:31:38",1223,1205,0,4,14,811,793,0,4,14,741,70,1350,539,15,103,424,2,132,4,3,8,45,4,1
34,SIBIU,"PRIMĂRIA COMUNEI CÎRȚIȘOARA",261,CÂRŢIŞOARA,144535,1,PROV,PRCNCT,CJ,CJ_SV,"2024-06-10 04:26:58",1195,1130,1,50,14,796,731,1,50,14,741,55,1240,444,18,84,111,0,372,5,4,9,125,10,3
34,SIBIU,"PRIMARIA COMUNEI CRISTIAN",266,CRISTIAN,143487,1,PROV,PRCNCT,CJ,CJ_SV,"2024-06-10 09:18:21",1319,1284,2,24,9,834,802,0,24,8,748,86,1610,776,35,90,91,4,58,8,2,18,26,414,2
34,SIBIU,"PRIMĂRIA COMUNEI JINA",283,JINA,144713,1,PROV,PRCNCT,CJ,CJ_SV,"2024-06-10 06:15:36",1488,1447,0,8,33,944,903,0,8,33,891,53,1600,656,8,120,320,3,367,2,8,45,13,4,1
34,SIBIU,"PRIMĂRIA COMUNEI LUDOȘ",295,LUDOŞ,144866,1,PROV,PRCNCT,CJ,CJ_SV,"2024-06-10 02:06:34",592,533,7,37,15,265,213,0,37,15,229,36,581,316,22,39,127,0,27,0,3,6,3,0,2
34,SIBIU,"PRIMĂRIA COMUNEI MIHĂILENI",303,MIHĂILENI,145042,1,PROV,PRCNCT,CJ,CJ_SV,"2024-06-10 01:45:41",241,231,0,4,6,171,161,0,4,6,151,20,260,89,3,25,11,1,69,1,0,1,35,5,0
34,SIBIU,"PRIMARIA COMUNEI PĂUCA",317,PĂUCA,145220,1,PROV,PRCNCT,CJ,CJ_SV,"2024-06-10 03:29:37",636,624,1,1,10,229,218,0,1,10,214,4,680,462,12,28,105,2,20,0,0,6,15,9,17
34,SIBIU,"PRIMĂRIA HOGHILAG",275,HOGHILAG,144615,1,PROV,PRCNCT,CJ,CJ_SV,"2024-06-10 04:36:45",1061,1042,2,5,12,546,527,2,5,12,489,57,1150,604,7,81,19,2,319,2,4,24,27,1,3
34,SIBIU,"PRIMĂRIA MARPOD",296,MARPOD,144893,1,PROV,PRCNCT,CJ,CJ_SV,"2024-06-10 03:14:01",616,582,11,19,4,391,367,1,19,4,358,33,650,259,9,24,51,2,241,2,3,5,4,9,8
34,SIBIU,"PRIMĂRIA ORAȘULUI DUMBRĂVENI",189,"ORAŞ DUMBRĂVENI",143806,1,PROV,PRCNCT,CJ,CJ_SV,"2024-06-10 06:32:39",1190,1160,7,8,15,571,547,1,8,15,551,20,1300,729,32,51,175,38,197,1,8,8,24,16,1
34,SIBIU,"PRIMĂRIA ORAŞULUI MIERCUREA SIBIULUI",196,"ORAŞ MIERCUREA SIBIULUI",144928,1,PROV,PRCNCT,CJ,CJ_SV,"2024-06-10 04:59:37",966,931,3,25,7,528,495,1,25,7,475,20,1000,505,16,147,180,1,80,1,6,9,30,4,1
34,SIBIU,"PRIMĂRIA ORAŞULUI MIERCUREA SIBIULUI",195,"ORAŞ MIERCUREA SIBIULUI",144928,1,PROV,PRCNCT,CJ,CJ_SV,"2024-06-10 03:51:24",813,790,3,15,5,465,442,3,15,5,443,22,870,405,26,119,178,1,68,0,9,10,25,5,2
34,SIBIU,"PRIMARIA ROSIA",335,ROŞIA,145408,1,PROV,PRCNCT,CJ,CJ_SV,"2024-06-10 09:37:53",1279,1266,5,1,7,711,703,0,1,7,590,115,1400,695,36,131,74,1,249,37,28,15,8,8,3
34,SIBIU,"PRIMĂRIA TILIŞCA",374,TILIŞCA,145907,1,PROV,PRCNCT,CJ,CJ_SV,"2024-06-10 05:50:25",836,786,3,27,20,630,582,1,27,20,600,30,860,230,20,55,240,0,198,2,7,10,31,27,10
34,SIBIU,"PUNCT DE LUCRU PRIMĂRIE (FOSTA GRĂDINIȚĂ CU PROGRAM NORMAL ALMA VII)",308,MOŞNA,145104,1,PROV,PRCNCT,CJ,CJ_SV,"2024-06-10 03:09:08",333,320,7,6,0,152,141,5,6,0,139,13,350,198,3,28,77,1,14,1,3,1,6,3,2
34,SIBIU,"SALA DE FESTIVITĂȚI",233,"AXENTE SEVER",144116,1,PROV,PRCNCT,CJ,CJ_SV,"2024-06-10 05:44:22",1036,1027,0,8,1,489,480,0,8,1,478,10,1100,611,12,45,272,1,106,1,3,19,16,1,2
34,SIBIU,"SALA DE SPORT A ȘCOLII GIMNAZIALE PORUMBACU DE JOS",324,"PORUMBACU DE JOS",145293,1,PROV,PRCNCT,CJ,CJ_SV,"2024-06-10 08:02:55",937,894,0,21,22,640,597,0,21,22,594,46,950,310,15,83,221,0,207,4,4,7,33,9,11
34,SIBIU,"SALA MARE FOSTĂ PRIMĂRIE",256,BRĂDENI,144376,1,PROV,PRCNCT,CJ,CJ_SV,"2024-06-10 03:56:15",416,389,0,23,4,249,222,0,23,4,218,24,430,188,6,46,74,0,66,1,1,11,12,1,0
34,SIBIU,"SALA MARE-PRIMĂRIE",255,BRĂDENI,144376,1,PROV,PRCNCT,CJ,CJ_SV,"2024-06-10 12:58:43",825,776,2,45,2,498,450,1,45,2,434,64,850,352,8,28,181,1,189,0,3,8,9,6,1
34,SIBIU,"SALA SPORT",380,VURPĂR,145998,1,PROV,PRCNCT,CJ,CJ_SV,"2024-06-10 06:36:35",1300,1296,1,3,0,667,664,0,3,0,593,74,1420,753,13,121,164,1,244,0,2,9,4,32,3
34,SIBIU,"SALĂ SPORT",367,"ŞURA MARE",145765,1,PROV,PRCNCT,CJ,CJ_SV,"2024-06-10 08:43:33",1751,1734,3,7,7,1031,1016,1,7,7,976,55,1900,869,66,84,480,2,197,7,8,22,57,45,8
34,SIBIU,"SALĂ SPORT",366,"ŞURA MARE",145765,1,PROV,PRCNCT,CJ,CJ_SV,"2024-06-10 12:08:32",1804,1764,15,17,8,1083,1055,3,17,8,1058,25,1860,777,132,174,383,6,231,6,13,23,6,77,7
34,SIBIU,"SC AUTOMECANICA SA",130,"MUNICIPIUL MEDIAŞ",143619,1,PROV,PRCNCT,CJ,CJ_SV,"2024-06-10 05:58:49",559,552,0,7,0,269,262,0,7,0,254,15,650,375,9,21,96,15,25,5,49,5,23,6,0
34,SIBIU,"SC HULA VECHE SRL",114,"MUNICIPIUL MEDIAŞ",143619,1,PROV,PRCNCT,CJ,CJ_SV,"2024-06-10 14:28:05",1223,1213,1,5,4,580,571,0,5,4,551,29,1300,720,37,56,122,45,75,6,132,8,43,25,2
34,SIBIU,"ȘCOALA GENERALĂ”MIHAI VITEAZU”ȘELIMBĂR, CORP B",355,ŞELIMBĂR,143557,1,PROV,PRCNCT,CJ,CJ_SV,"2024-06-10 10:47:22",1911,1865,25,21,0,976,955,0,21,0,951,25,2040,1064,119,86,237,8,149,13,7,30,215,77,10
34,SIBIU,"ŞCOALA GENERALĂ SĂCEL",210,"ORAŞ SĂLIŞTE",145499,1,PROV,PRCNCT,CJ,CJ_SV,"2024-06-10 04:10:04",459,455,1,3,0,263,260,0,3,0,239,24,500,237,20,64,102,2,30,1,0,2,12,4,2
34,SIBIU,"SCOALA GIMAZIALA DAIA",338,ROŞIA,145408,1,PROV,PRCNCT,CJ,CJ_SV,"2024-06-10 05:21:54",843,819,8,12,4,509,493,0,12,4,485,24,910,401,45,77,83,0,209,7,19,5,15,21,4
34,SIBIU,"ŞCOALA GIMNAZIALĂ",381,VURPĂR,145998,1,PROV,PRCNCT,CJ,CJ_SV,"2024-06-10 07:39:30",893,893,0,0,0,404,404,0,0,0,373,31,983,579,13,95,126,0,106,0,1,3,8,21,0
34,SIBIU,"ŞCOALA GIMNAZIALĂ",249,BLĂJEL,144303,1,PROV,PRCNCT,CJ,CJ_SV,"2024-06-10 03:28:51",356,343,1,4,8,246,233,1,4,8,232,14,380,134,4,9,0,9,34,2,5,5,162,2,0
34,SIBIU,"ŞCOALA GIMNAZIALĂ",149,"MUNICIPIUL MEDIAŞ",143619,1,PROV,PRCNCT,CJ,CJ_SV,"2024-06-10 04:34:15",1335,1325,1,7,2,525,517,0,7,1,490,35,1450,925,16,55,209,1,30,4,144,9,14,6,2
34,SIBIU,"ȘCOALA GIMNAZIALĂ APOLDU DE JOS",225,"APOLDU DE JOS",143922,1,PROV,PRCNCT,CJ,CJ_SV,"2024-06-10 06:30:51",830,806,2,15,7,531,509,0,15,7,502,29,890,359,17,62,129,0,245,4,3,9,22,10,1
34,SIBIU,"ŞCOALA GIMNAZIALĂ ”AUREL DECEI” GURA RÂULUI",273,"GURA RÂULUI",144599,1,PROV,PRCNCT,CJ,CJ_SV,"2024-06-10 07:38:42",1454,1398,1,10,45,1117,1062,0,10,45,1054,63,1580,463,59,253,318,3,231,18,13,85,52,16,6
34,SIBIU,"SCOALA GIMNAZIALA AVRIG",160,"ORAŞ AVRIG",144054,1,PROV,PRCNCT,CJ,CJ_SV,"2024-06-10 07:51:11",1478,1471,5,2,0,750,748,0,2,0,712,38,1600,850,40,125,233,2,185,10,5,11,84,13,4
34,SIBIU,"ŞCOALA GIMNAZIALA AVRIG",161,"ORAŞ AVRIG",144054,1,PROV,PRCNCT,CJ,CJ_SV,"2024-06-10 09:52:49",1182,1155,3,18,6,673,665,0,2,6,638,35,1300,627,28,113,240,2,152,3,3,11,67,14,5
34,SIBIU,"ȘCOALA GIMNAZIALĂ AXENTE SEVER",232,"AXENTE SEVER",144116,1,PROV,PRCNCT,CJ,CJ_SV,"2024-06-10 03:01:23",1034,1013,1,7,13,430,410,0,7,13,403,27,1100,670,14,40,189,3,98,1,9,10,31,5,3
34,SIBIU,"ŞCOALA GIMNAZIALA BOGATU-ROMÂN",318,PĂUCA,145220,1,PROV,PRCNCT,CJ,CJ_SV,"2024-06-10 01:01:29",360,353,0,4,3,191,184,0,4,3,188,3,390,199,6,13,124,0,34,2,0,4,5,0,0
34,SIBIU,"SCOALA GIMNAZIALA BOIAN",237,BAZNA,144152,1,PROV,PRCNCT,CJ,CJ_SV,"2024-06-10 07:13:25",1158,1134,1,6,17,596,573,0,6,17,523,73,1230,561,8,71,311,2,95,3,8,6,16,3,0
34,SIBIU,"ŞCOALA GIMNAZIALĂ BRATEIU",253,BRATEIU,144349,1,PROV,PRCNCT,CJ,CJ_SV,"2024-06-10 04:39:39",869,858,2,2,7,421,412,0,2,7,351,70,950,529,7,72,159,3,60,1,10,9,24,1,5
34,SIBIU,"ŞCOALA GIMNAZIALĂ BUZD",254,BRATEIU,144349,1,PROV,PRCNCT,CJ,CJ_SV,"2024-06-10 06:27:46",1017,1014,0,3,0,512,509,0,3,0,445,67,1090,578,7,87,242,2,56,1,8,6,27,7,2
34,SIBIU,"SCOALA GIMNAZIALA CAŞOLŢ",336,ROŞIA,145408,1,PROV,PRCNCT,CJ,CJ_SV,"2024-06-10 07:10:38",757,739,9,7,2,415,406,0,7,2,388,27,820,381,23,44,29,3,177,5,53,8,27,18,1
34,SIBIU,"ŞCOALA GIMNAZIALĂ CHIRPĂR",262,CHIRPĂR,144456,1,PROV,PRCNCT,CJ,CJ_SV,"2024-06-10 03:49:25",999,983,0,15,1,415,399,0,15,1,385,30,1080,665,13,65,115,2,109,1,2,18,56,4,0
34,SIBIU,"ŞCOALA GIMNAZIALĂ CIREŞARII",139,"MUNICIPIUL MEDIAŞ",143619,1,PROV,PRCNCT,CJ,CJ_SV,"2024-06-10 06:30:24",1284,1271,2,11,0,541,529,1,11,0,529,12,1400,859,37,48,159,25,76,3,106,7,50,14,4
34,SIBIU,"ȘCOALA GIMNAZIALĂ CLASELE I-IV ȘURA MICĂ",370,"ŞURA MICĂ",145792,1,PROV,PRCNCT,CJ,CJ_SV,"2024-06-10 04:28:52",968,949,7,5,7,590,578,1,5,6,568,22,1040,450,57,63,246,1,95,3,4,11,69,15,4
34,SIBIU,"ŞCOALA GIMNAZIALĂ CONSTANTIN IOAN MOTAŞ",142,"MUNICIPIUL MEDIAŞ",143619,1,PROV,PRCNCT,CJ,CJ_SV,"2024-06-10 07:23:04",1284,1277,0,2,5,481,474,0,2,5,463,11,1450,976,16,26,157,16,88,3,111,7,32,6,1
34,SIBIU,"ŞCOALA GIMNAZIALĂ CONSTANTIN IOAN MOTAŞ",144,"MUNICIPIUL MEDIAŞ",143619,1,PROV,PRCNCT,CJ,CJ_SV,"2024-06-10 07:28:04",1130,1116,3,10,1,463,452,0,10,1,450,13,1250,787,18,43,125,23,69,3,120,6,35,8,0
34,SIBIU,"ŞCOALA GIMNAZIALĂ CONSTANTIN IOAN MOTAŞ",141,"MUNICIPIUL MEDIAŞ",143619,1,PROV,PRCNCT,CJ,CJ_SV,"2024-06-10 08:37:46",1161,1155,0,5,1,438,432,0,5,1,426,12,1350,912,30,43,133,15,53,1,90,7,37,14,3
34,SIBIU,"ŞCOALA GIMNAZIALĂ CONSTANTIN IOAN MOTAŞ",143,"MUNICIPIUL MEDIAŞ",143619,1,PROV,PRCNCT,CJ,CJ_SV,"2024-06-10 08:09:21",1287,1281,2,3,1,482,478,0,3,1,456,26,1450,968,22,41,146,16,72,6,93,9,35,14,2
34,SIBIU,"ŞCOALA GIMNAZIALĂ CONSTANTIN IOAN MOTAŞ",146,"MUNICIPIUL MEDIAŞ",143619,1,PROV,PRCNCT,CJ,CJ_SV,"2024-06-10 07:08:48",1037,1032,0,5,0,444,439,0,5,0,424,20,1200,0,21,30,142,21,65,4,98,8,25,9,1
34,SIBIU,"ŞCOALA GIMNAZIALĂ CONSTANTIN IOAN MOTAŞ",145,"MUNICIPIUL MEDIAŞ",143619,1,PROV,PRCNCT,CJ,CJ_SV,"2024-06-10 06:43:16",1260,1254,1,5,0,505,500,0,5,0,487,18,1400,895,13,40,158,19,82,5,102,4,53,10,1
34,SIBIU,"ŞCOALA GIMNAZIALĂ COPŞA MICĂ, STRADA COLONIA LABORATOR, NR.45",185,"ORAŞ COPŞA MICĂ",143771,1,PROV,PRCNCT,CJ,CJ_SV,"2024-06-10 06:59:48",1443,1434,0,7,2,624,615,0,7,2,576,24,1590,31,14,126,281,5,123,0,1,16,5,4,1
34,SIBIU,"ȘCOALA GIMNAZIALĂ ”CORNELIU PĂCURARIU” MICĂSASA",300,MICĂSASA,144991,1,PROV,PRCNCT,CJ,CJ_SV,"2024-06-10 11:12:20",1147,1067,0,39,41,820,740,0,39,41,765,48,1180,367,21,57,282,5,327,3,5,15,40,6,4
34,SIBIU,"ŞCOALA GIMNAZIALĂ COVEŞ",157,"ORAŞ AGNITA",143682,1,PROV,PRCNCT,CJ,CJ_SV,"2024-06-10 04:46:36",521,517,1,3,0,241,237,1,3,0,222,19,570,329,12,42,127,0,29,1,0,3,5,1,2
34,SIBIU,"SCOALA GIMNAZIALA , CRISTIAN",268,CRISTIAN,143487,1,PROV,PRCNCT,CJ,CJ_SV,"2024-06-10 07:28:57",1279,1250,9,18,2,828,808,0,18,2,794,33,1350,523,99,113,138,5,193,7,3,8,91,128,9
34,SIBIU,"ȘCOALA GIMNAZIALĂ CRISTIAN-CORP IV, ȘCOALA ROMÂNEASCĂ",267,CRISTIAN,143487,1,PROV,PRCNCT,CJ,CJ_SV,"2024-06-10 09:24:38",1241,1218,8,13,2,747,732,0,13,2,692,53,1340,593,67,89,182,3,90,9,9,13,135,87,8
34,SIBIU,"ŞCOALA GIMNAZIALĂ CURCIU",271,DÂRLOS,144553,1,PROV,PRCNCT,CJ,CJ_SV,"2024-06-10 05:37:22",790,766,0,22,2,402,378,0,22,2,378,24,950,548,11,55,249,1,27,4,8,6,6,6,5
34,SIBIU,"ŞCOALA GIMNAZIALĂ G.D.TEUTSCH",150,"ORAŞ AGNITA",143682,1,PROV,PRCNCT,CJ,CJ_SV,"2024-06-10 07:24:42",1183,1172,2,9,0,397,388,0,9,0,381,16,1250,853,29,40,191,5,64,2,2,11,23,12,2
34,SIBIU,"ŞCOALA GIMNAZIALĂ G.D.TEUTSCH",151,"ORAŞ AGNITA",143682,1,PROV,PRCNCT,CJ,CJ_SV,"2024-06-10 04:51:15",1052,1043,3,6,0,467,459,2,6,0,446,21,1140,673,45,39,225,10,70,2,4,15,29,7,0
34,SIBIU,"ŞCOALA GIMNAZIALĂ GEORGE POPA",133,"MUNICIPIUL MEDIAŞ",143619,1,PROV,PRCNCT,CJ,CJ_SV,"2024-06-10 09:56:14",1377,1368,2,7,0,633,626,0,7,0,596,37,1450,817,26,57,210,27,52,10,143,10,48,9,4
34,SIBIU,"ŞCOALA GIMNAZIALĂ GEORGE POPA",132,"MUNICIPIUL MEDIAŞ",143619,1,PROV,PRCNCT,CJ,CJ_SV,"2024-06-10 16:25:54",937,932,1,4,0,428,424,0,4,0,402,26,1000,572,36,50,90,18,59,1,70,13,46,19,0
34,SIBIU,"ŞCOALA GIMNAZIALĂ GEORGE POPA",131,"MUNICIPIUL MEDIAŞ",143619,1,PROV,PRCNCT,CJ,CJ_SV,"2024-06-10 12:38:22",1257,1247,6,2,2,606,604,0,2,0,571,33,1350,746,39,47,136,29,76,7,151,5,64,14,3
34,SIBIU,"SCOALA GIMNAZIALA HOSMAN",313,NOCRICH,145140,1,PROV,PRCNCT,CJ,CJ_SV,"2024-06-10 07:55:42",752,732,6,11,3,390,372,4,11,3,329,43,820,448,13,51,38,5,179,0,2,11,7,23,0
34,SIBIU,"ȘCOALA GIMNAZIALĂ ”IOAN BAN - DASCĂLU”, POIANA SIBIULUI, NR. 1332",322,"POIANA SIBIULUI",145275,1,PROV,PRCNCT,CJ,CJ_SV,"2024-06-10 04:10:59",967,947,0,8,12,482,462,0,8,12,424,58,1040,558,10,41,125,0,207,1,0,19,19,2,0
34,SIBIU,"ŞCOALA GIMNAZIALĂ ”IOAN MORARU” DÎRLOS",270,DÂRLOS,144553,1,PROV,PRCNCT,CJ,CJ_SV,"2024-06-10 07:21:29",1069,1053,1,15,0,492,477,0,15,0,463,29,1431,939,14,143,175,3,86,2,15,8,11,5,1
34,SIBIU,"ŞCOALA GIMNAZIALĂ IOAN SLAVICI",25,"MUNICIPIUL SIBIU",143450,1,PROV,PRCNCT,CJ,CJ_SV,"2024-06-10 05:32:14",1655,1643,4,8,0,799,791,0,8,0,776,23,1809,1010,205,75,130,19,115,21,7,29,139,24,12
34,SIBIU,"ŞCOALA GIMNAZIALĂ IOAN SLAVICI",26,"MUNICIPIUL SIBIU",143450,1,PROV,PRCNCT,CJ,CJ_SV,"2024-06-10 04:58:20",1492,1480,6,6,0,728,722,0,6,0,705,22,1628,895,166,72,116,12,107,13,22,20,104,49,24
34,SIBIU,"ŞCOALA GIMNAZIALĂ IOAN SLAVICI CU STRUCTURA ŞCOALA GIMNAZIALĂ NR. 11",23,"MUNICIPIUL SIBIU",143450,1,PROV,PRCNCT,CJ,CJ_SV,"2024-06-10 04:46:21",1577,1564,9,4,0,540,535,1,4,0,515,25,1728,1188,156,65,84,2,66,8,16,16,70,24,8
34,SIBIU,"ŞCOALA GIMNAZIALĂ IOAN SLAVICI CU STRUCTURA ŞCOALA GIMNAZIALĂ NR. 11",24,"MUNICIPIUL SIBIU",143450,1,PROV,PRCNCT,CJ,CJ_SV,"2024-06-10 03:53:38",1738,1718,15,5,0,668,659,4,5,0,646,22,1897,1229,182,78,116,2,89,8,19,20,90,27,15
34,SIBIU,"ŞCOALA GIMNAZIALĂ ION LUCA CARAGIALE",62,"MUNICIPIUL SIBIU",143450,1,PROV,PRCNCT,CJ,CJ_SV,"2024-06-10 04:43:49",1422,1377,33,12,0,724,710,2,12,0,701,23,1549,825,194,65,138,3,68,10,14,9,171,23,6
34,SIBIU,"ŞCOALA GIMNAZIALĂ ION LUCA CARAGIALE",63,"MUNICIPIUL SIBIU",143450,1,PROV,PRCNCT,CJ,CJ_SV,"2024-06-10 04:46:07",1195,1170,15,9,1,566,553,3,9,1,550,16,1300,734,152,30,130,2,64,8,8,11,123,18,4
34,SIBIU,"ŞCOALA GIMNAZIALĂ ION LUCA CARAGIALE",64,"MUNICIPIUL SIBIU",143450,1,PROV,PRCNCT,CJ,CJ_SV,"2024-06-10 09:41:48",1190,1141,43,6,0,602,594,2,6,0,585,13,1299,701,171,39,122,2,63,3,7,6,160,2,10
34,SIBIU,"ŞCOALA GIMNAZIALĂ JINA BĂIEŞI",284,JINA,144713,1,PROV,PRCNCT,CJ,CJ_SV,"2024-06-10 04:56:38",1200,1198,0,0,2,641,639,0,0,2,453,188,1300,659,16,70,44,4,179,1,3,128,3,3,2
34,SIBIU,"ŞCOALA GIMNAZIALĂ MIHAI EMINESCU",110,"MUNICIPIUL MEDIAŞ",143619,1,PROV,PRCNCT,CJ,CJ_SV,"2024-06-10 04:28:01",1243,1227,2,10,4,513,498,1,10,4,455,58,1300,787,39,37,93,45,71,3,89,16,50,9,3
34,SIBIU,"ŞCOALA GIMNAZIALĂ `MIHAI VITEAZU~ ŞELIMBĂR",356,ŞELIMBĂR,143557,1,PROV,PRCNCT,CJ,CJ_SV,"2024-06-10 08:25:55",1905,1858,24,22,1,1047,1024,0,22,1,1031,16,2020,973,134,129,266,8,186,17,11,21,203,44,12
34,SIBIU,"ȘCOALA GIMNAZIALĂ ”MIHAI VITEAZU” ȘELIMBĂR",359,ŞELIMBĂR,143557,1,PROV,PRCNCT,CJ,CJ_SV,"2024-06-10 06:14:20",1114,1073,9,32,0,596,564,0,32,0,591,5,1160,564,87,38,146,5,55,6,8,12,210,16,8
34,SIBIU,"ȘCOALA GIMNAZIALĂ NEMȘA",309,MOŞNA,145104,1,PROV,PRCNCT,CJ,CJ_SV,"2024-06-10 05:05:34",496,489,2,5,0,261,256,0,5,0,251,10,540,279,5,89,88,2,37,5,4,14,7,0,0
34,SIBIU,"ŞCOALA GIMNAZIALĂ NICOLAE IORGA",95,"MUNICIPIUL SIBIU",143450,1,PROV,PRCNCT,CJ,CJ_SV,"2024-06-10 04:11:31",963,951,5,7,0,367,360,0,7,0,360,7,1050,683,89,26,69,2,74,1,7,11,62,17,2
34,SIBIU,"ŞCOALA GIMNAZIALĂ NICOLAE IORGA",94,"MUNICIPIUL SIBIU",143450,1,PROV,PRCNCT,CJ,CJ_SV,"2024-06-10 05:01:20",1231,1221,5,5,0,521,516,0,5,0,505,16,1340,819,162,38,86,4,73,1,3,10,84,35,9
34,SIBIU,"ŞCOALA GIMNAZIALĂ NICOLAE IORGA",93,"MUNICIPIUL SIBIU",143450,1,PROV,PRCNCT,CJ,CJ_SV,"2024-06-10 03:29:32",1286,1282,0,4,0,541,537,0,4,0,526,15,1410,869,154,56,79,4,104,2,9,10,79,20,9
34,SIBIU,"ŞCOALA GIMNAZIALĂ NICOLAE IORGA",92,"MUNICIPIUL SIBIU",143450,1,PROV,PRCNCT,CJ,CJ_SV,"2024-06-10 05:34:44",1274,1263,2,9,0,522,513,0,9,0,512,10,1400,878,142,49,80,5,94,5,5,14,91,19,8
34,SIBIU,"ȘCOALA GIMNAZIALĂ NOIȘTAT",281,IACOBENI,144651,1,PROV,PRCNCT,CJ,CJ_SV,"2024-06-10 03:16:26",458,457,0,1,0,202,201,0,1,0,187,15,540,338,0,14,40,0,121,2,2,1,0,6,1
34,SIBIU,"SCOALA GIMNAZIALA NOU",339,ROŞIA,145408,1,PROV,PRCNCT,CJ,CJ_SV,"2024-06-10 12:36:01",1411,1403,1,0,7,859,851,1,0,7,766,90,1540,681,31,140,190,0,354,5,16,12,8,9,1
34,SIBIU,"ŞCOALA GIMNAZIALĂ NR. 1",52,"MUNICIPIUL SIBIU",143450,1,PROV,PRCNCT,CJ,CJ_SV,"2024-06-10 07:28:06",1475,1464,4,7,0,624,616,1,7,0,600,20,1610,990,157,51,106,4,99,5,12,8,118,36,4
34,SIBIU,"ŞCOALA GIMNAZIALĂ NR. 1",53,"MUNICIPIUL SIBIU",143450,1,PROV,PRCNCT,CJ,CJ_SV,"2024-06-10 06:15:02",1668,1641,14,13,0,834,820,1,13,0,813,21,1825,991,217,72,153,1,108,10,13,12,180,38,9
34,SIBIU,"ŞCOALA GIMNAZIALĂ NR. 1",51,"MUNICIPIUL SIBIU",143450,1,PROV,PRCNCT,CJ,CJ_SV,"2024-06-10 06:19:07",1400,1395,1,4,0,633,629,0,4,0,618,15,1535,902,179,44,100,7,109,8,11,7,120,20,13
34,SIBIU,"ŞCOALA GIMNAZIALĂ NR. 1",50,"MUNICIPIUL SIBIU",143450,1,PROV,PRCNCT,CJ,CJ_SV,"2024-06-10 09:00:02",1379,1366,10,3,0,629,626,0,3,0,614,15,1526,897,175,48,120,2,81,1,11,13,132,24,7
34,SIBIU,"ŞCOALA GIMNAZIALĂ NR.10",4,"MUNICIPIUL SIBIU",143450,1,PROV,PRCNCT,CJ,CJ_SV,"2024-06-10 04:22:45",1525,1514,5,6,0,637,631,0,6,0,619,18,1658,1021,150,58,100,8,81,12,16,15,142,31,6
34,SIBIU,"ŞCOALA GIMNAZIALĂ NR.10",5,"MUNICIPIUL SIBIU",143450,1,PROV,PRCNCT,CJ,CJ_SV,"2024-06-10 05:47:52",1718,1697,10,11,0,726,715,0,11,0,696,30,1892,1166,197,62,131,7,98,7,19,18,121,24,12
34,SIBIU,"ŞCOALA GIMNAZIALĂ NR.10",3,"MUNICIPIUL SIBIU",143450,1,PROV,PRCNCT,CJ,CJ_SV,"2024-06-10 06:42:29",1762,1722,30,10,0,744,733,1,10,0,728,16,1937,1193,205,51,134,2,99,7,18,14,145,43,10
34,SIBIU,"ȘCOALA GIMNAZIALĂ NR.10",6,"MUNICIPIUL SIBIU",143450,1,PROV,PRCNCT,CJ,CJ_SV,"2024-06-10 04:31:52",1268,1255,9,4,0,533,528,1,4,0,529,4,1387,854,158,31,94,2,42,5,9,11,143,24,10
34,SIBIU,"ŞCOALA GIMNAZIALĂ NR. 10 CU STRUCTURA GRADINIŢA CU PROGRAM PRELUNGIT NR. 20",2,"MUNICIPIUL SIBIU",143450,1,PROV,PRCNCT,CJ,CJ_SV,"2024-06-10 03:48:27",1854,1824,17,13,0,713,698,2,13,0,687,26,2017,1304,209,59,136,5,101,5,22,8,95,41,6
34,SIBIU,"ŞCOALA GIMNAZIALĂ NR. 10 CU STRUCTURA GRADINIŢA CU PROGRAM PRELUNGIT NR. 20",1,"MUNICIPIUL SIBIU",143450,1,PROV,PRCNCT,CJ,CJ_SV,"2024-06-10 05:39:55",1937,1916,17,4,0,656,652,0,4,0,630,26,2103,1447,176,72,114,2,69,10,18,20,116,27,6
34,SIBIU,"ŞCOALA GIMNAZIALĂ NR.13",13,"MUNICIPIUL SIBIU",143450,1,PROV,PRCNCT,CJ,CJ_SV,"2024-06-10 05:58:38",1173,1166,0,7,0,459,452,0,7,0,441,18,1279,820,122,43,83,0,75,3,10,3,71,25,6
34,SIBIU,"ŞCOALA GIMNAZIALĂ NR.13",14,"MUNICIPIUL SIBIU",143450,1,PROV,PRCNCT,CJ,CJ_SV,"2024-06-10 05:07:16",1196,1185,1,9,1,542,532,0,9,1,521,21,1297,755,179,43,92,2,84,6,9,16,66,23,1
34,SIBIU,"ŞCOALA GIMNAZIALĂ NR.13",12,"MUNICIPIUL SIBIU",143450,1,PROV,PRCNCT,CJ,CJ_SV,"2024-06-10 04:00:47",1023,1016,4,3,0,454,451,0,3,0,435,15,1128,674,137,35,97,4,53,4,8,8,72,13,4
34,SIBIU,"ŞCOALA GIMNAZIALĂ NR. 13 CU STRUCTURA ŞCOALA GIMNAZIALĂ NR. 12",8,"MUNICIPIUL SIBIU",143450,1,PROV,PRCNCT,CJ,CJ_SV,"2024-06-10 06:39:28",1623,1613,8,2,0,705,703,0,2,0,684,21,1794,1089,193,67,102,8,96,8,12,18,141,32,7
34,SIBIU,"ŞCOALA GIMNAZIALĂ NR. 13 CU STRUCTURA ŞCOALA GIMNAZIALĂ NR. 12",9,"MUNICIPIUL SIBIU",143450,1,PROV,PRCNCT,CJ,CJ_SV,"2024-06-10 04:09:06",1475,1469,5,1,0,659,658,0,1,0,639,20,1612,953,185,69,120,6,89,7,12,10,104,22,15
34,SIBIU,"ŞCOALA GIMNAZIALĂ NR. 13 CU STRUCTURA ŞCOALA GIMNAZIALĂ NR. 12",7,"MUNICIPIUL SIBIU",143450,1,PROV,PRCNCT,CJ,CJ_SV,"2024-06-10 05:46:25",1629,1604,15,10,0,719,709,0,10,0,700,19,1785,1066,219,59,105,7,91,6,13,12,158,26,4
34,SIBIU,"ŞCOALA GIMNAZIALĂ NR.18",21,"MUNICIPIUL SIBIU",143450,1,PROV,PRCNCT,CJ,CJ_SV,"2024-06-10 06:23:58",1758,1753,0,5,0,750,745,0,5,0,735,15,1959,1209,233,73,146,5,82,12,18,17,115,26,8
34,SIBIU,"ŞCOALA GIMNAZIALĂ NR.18",22,"MUNICIPIUL SIBIU",143450,1,PROV,PRCNCT,CJ,CJ_SV,"2024-06-10 04:07:07",1678,1636,5,2,35,728,693,0,2,33,707,21,1820,1092,211,76,131,6,90,9,15,21,115,23,10
34,SIBIU,"ŞCOALA GIMNAZIALĂ NR.1 COPŞA MICĂ,STRADA ŞOSEAUA MEDIAŞULUI, NR.93",187,"ORAŞ COPŞA MICĂ",143771,1,PROV,PRCNCT,CJ,CJ_SV,"2024-06-10 04:55:50",1257,1232,3,15,7,495,473,0,15,7,451,36,1360,865,10,65,196,60,73,2,13,15,13,4,0
34,SIBIU,"ŞCOALA GIMNAZIALĂ NR.2",38,"MUNICIPIUL SIBIU",143450,1,PROV,PRCNCT,CJ,CJ_SV,"2024-06-10 03:34:49",999,979,8,12,0,350,338,0,12,0,336,14,1099,749,90,44,54,3,49,3,7,8,57,18,3
34,SIBIU,"ŞCOALA GIMNAZIALĂ NR. 21",88,"MUNICIPIUL SIBIU",143450,1,PROV,PRCNCT,CJ,CJ_SV,"2024-06-10 09:41:46",1208,1192,6,10,0,517,507,0,10,0,502,14,1340,729,167,32,91,6,78,1,7,9,78,27,6
34,SIBIU,"ŞCOALA GIMNAZIALĂ NR. 21",90,"MUNICIPIUL SIBIU",143450,1,PROV,PRCNCT,CJ,CJ_SV,"2024-06-10 04:00:32",916,913,1,2,0,390,388,0,2,0,377,13,1000,610,114,33,64,2,57,4,3,7,76,14,3
34,SIBIU,"ŞCOALA GIMNAZIALĂ NR. 21",91,"MUNICIPIUL SIBIU",143450,1,PROV,PRCNCT,CJ,CJ_SV,"2024-06-10 02:51:43",1082,1068,0,14,0,415,401,0,14,0,407,8,1184,769,108,44,58,7,67,3,7,11,69,26,7
34,SIBIU,"ŞCOALA GIMNAZIALĂ NR. 21",89,"MUNICIPIUL SIBIU",143450,1,PROV,PRCNCT,CJ,CJ_SV,"2024-06-10 05:40:35",883,873,3,6,1,376,370,0,5,1,365,11,950,574,99,39,59,0,59,2,17,9,61,16,4
34,SIBIU,"ŞCOALA GIMNAZIALĂ NR.23",15,"MUNICIPIUL SIBIU",143450,1,PROV,PRCNCT,CJ,CJ_SV,"2024-06-10 06:12:05",1855,1855,0,0,0,886,886,0,0,0,859,27,2038,1152,248,94,157,2,79,5,26,14,172,45,17
34,SIBIU,"ŞCOALA GIMNAZIALĂ NR.23",17,"MUNICIPIUL SIBIU",143450,1,PROV,PRCNCT,CJ,CJ_SV,"2024-06-10 07:02:05",556,537,12,7,0,544,537,0,7,0,529,15,1728,1184,137,62,100,6,69,3,16,21,76,25,14
34,SIBIU,"ŞCOALA GIMNAZIALĂ NR.23",16,"MUNICIPIUL SIBIU",143450,1,PROV,PRCNCT,CJ,CJ_SV,"2024-06-10 06:22:35",1769,1750,13,6,0,673,667,0,6,0,633,18,1940,1268,177,100,94,1,72,9,21,19,108,19,13
34,SIBIU,"ŞCOALA GIMNAZIALĂ NR. 25",58,"MUNICIPIUL SIBIU",143450,1,PROV,PRCNCT,CJ,CJ_SV,"2024-06-10 07:06:40",1213,1205,3,5,0,502,497,0,5,0,485,14,1323,819,168,41,59,4,65,3,18,11,84,23,9
34,SIBIU,"ŞCOALA GIMNAZIALĂ NR. 25",61,"MUNICIPIUL SIBIU",143450,1,PROV,PRCNCT,CJ,CJ_SV,"2024-06-10 03:17:50",1577,1569,3,5,0,674,669,0,5,0,654,20,1751,1077,182,75,107,1,85,4,16,10,126,27,21
34,SIBIU,"ŞCOALA GIMNAZIALĂ NR. 25",60,"MUNICIPIUL SIBIU",143450,1,PROV,PRCNCT,CJ,CJ_SV,"2024-06-10 02:51:43",1186,1171,9,6,0,537,529,2,6,0,523,14,1302,765,146,61,112,2,67,2,14,5,83,20,11
34,SIBIU,"ŞCOALA GIMNAZIALĂ NR. 25",59,"MUNICIPIUL SIBIU",143450,1,PROV,PRCNCT,CJ,CJ_SV,"2024-06-10 07:23:08",1213,1203,2,8,0,524,516,0,8,0,506,18,1342,818,161,40,92,3,82,5,18,12,67,21,5
34,SIBIU,"ŞCOALA GIMNAZIALĂ NR. 2 CISNĂDIE",176,"ORAŞ CISNĂDIE",143735,1,PROV,PRCNCT,CJ,CJ_SV,"2024-06-10 09:08:51",1825,1802,9,13,1,860,846,0,13,1,809,44,1900,1047,103,111,226,5,105,13,10,47,126,52,11
34,SIBIU,"ȘCOALA GIMNAZIALĂ NR.2 SIBIU",36,"MUNICIPIUL SIBIU",143450,1,PROV,PRCNCT,CJ,CJ_SV,"2024-06-10 03:48:23",1229,1212,6,10,1,473,460,2,10,1,453,20,1336,863,146,32,81,6,59,2,17,13,69,17,11
34,SIBIU,"ȘCOALA GIMNAZIALĂ NR.2 SIBIU",37,"MUNICIPIUL SIBIU",143450,1,PROV,PRCNCT,CJ,CJ_SV,"2024-06-10 05:50:46",994,942,29,8,15,448,425,0,8,15,433,15,1059,611,119,45,78,4,68,4,10,12,70,19,4
34,SIBIU,"ȘCOALA GIMNAZIALĂ NR. 3",171,"ORAŞ CISNĂDIE",143735,1,PROV,PRCNCT,CJ,CJ_SV,"2024-06-10 05:11:30",1409,1399,0,10,0,609,599,0,10,0,581,28,1500,891,63,168,81,4,85,10,7,20,90,40,13
34,SIBIU,"ŞCOALA GIMNAZIALĂ NR.3 CISNĂDIE",173,"ORAŞ CISNĂDIE",143735,1,PROV,PRCNCT,CJ,CJ_SV,"2024-06-10 05:15:05",1577,1546,7,18,6,715,691,0,18,6,683,32,1700,985,110,65,204,3,99,11,3,24,124,27,13
34,SIBIU,"ŞCOALA GIMNAZIALĂ NR.4",128,"MUNICIPIUL MEDIAŞ",143619,1,PROV,PRCNCT,CJ,CJ_SV,"2024-06-10 06:18:13",1027,1011,7,8,1,460,450,1,8,1,451,9,1100,640,29,29,128,26,81,4,91,3,45,14,1
34,SIBIU,"ŞCOALA GIMNAZIALĂ NR.4",71,"MUNICIPIUL SIBIU",143450,1,PROV,PRCNCT,CJ,CJ_SV,"2024-06-10 06:06:08",1130,1122,5,3,0,507,503,1,3,0,491,16,1247,740,127,40,72,4,85,1,0,7,114,27,14
34,SIBIU,"ŞCOALA GIMNAZIALĂ NR.4",72,"MUNICIPIUL SIBIU",143450,1,PROV,PRCNCT,CJ,CJ_SV,"2024-06-10 04:07:17",1411,1385,21,4,1,651,644,2,4,1,640,11,1538,887,196,42,127,10,84,6,8,11,121,27,8
34,SIBIU,"ŞCOALA GIMNAZIALĂ NR.4",127,"MUNICIPIUL MEDIAŞ",143619,1,PROV,PRCNCT,CJ,CJ_SV,"2024-06-10 05:30:05",1006,994,1,7,4,479,468,0,7,4,465,14,1050,571,37,40,109,20,78,7,81,11,51,27,4
34,SIBIU,"ŞCOALA GIMNAZIALĂ NR.4",70,"MUNICIPIUL SIBIU",143450,1,PROV,PRCNCT,CJ,CJ_SV,"2024-06-10 05:38:31",1294,1280,6,8,0,584,573,3,8,0,575,9,1424,840,157,46,103,10,60,3,7,25,126,26,12
34,SIBIU,"ȘCOALA GIMNAZIALĂ NR.4 SIBIU",69,"MUNICIPIUL SIBIU",143450,1,PROV,PRCNCT,CJ,CJ_SV,"2024-06-10 06:00:54",1311,1281,19,6,5,584,572,1,6,5,572,10,1425,841,154,50,84,10,98,4,5,11,118,26,12
34,SIBIU,"ŞCOALA GIMNAZIALĂ NR.7",118,"MUNICIPIUL MEDIAŞ",143619,1,PROV,PRCNCT,CJ,CJ_SV,"2024-06-10 04:14:31",900,890,0,8,2,346,336,0,8,2,332,14,1000,654,15,25,93,21,44,2,91,7,23,10,1
34,SIBIU,"ŞCOALA GIMNAZIALĂ NR.7",117,"MUNICIPIUL MEDIAŞ",143619,1,PROV,PRCNCT,CJ,CJ_SV,"2024-06-10 04:05:14",1236,1225,1,6,4,541,531,0,6,4,523,18,1300,759,26,33,185,20,67,3,129,12,39,7,2
34,SIBIU,"ŞCOALA GIMNAZIALĂ NR.7",119,"MUNICIPIUL MEDIAŞ",143619,1,PROV,PRCNCT,CJ,CJ_SV,"2024-06-10 06:12:51",1073,1065,3,2,3,476,472,0,2,2,465,11,1150,673,28,30,121,26,74,5,113,9,41,15,3
34,SIBIU,"ŞCOALA GIMNAZIALĂ NR.7",120,"MUNICIPIUL MEDIAŞ",143619,1,PROV,PRCNCT,CJ,CJ_SV,"2024-06-10 06:08:37",925,913,2,6,4,339,329,0,6,4,330,9,1000,661,15,28,79,21,59,8,98,3,13,5,1
34,SIBIU,"ŞCOALA GIMNAZIALĂ NR.7 CORP A",122,"MUNICIPIUL MEDIAŞ",143619,1,PROV,PRCNCT,CJ,CJ_SV,"2024-06-10 05:21:37",918,901,1,7,9,411,396,0,7,8,399,12,1000,589,20,35,114,22,53,1,103,10,27,11,3
34,SIBIU,"ŞCOALA GIMNAZIALĂ NR.7 CORP A",123,"MUNICIPIUL MEDIAŞ",143619,1,PROV,PRCNCT,CJ,CJ_SV,"2024-06-10 07:05:12",1067,1060,0,5,2,365,358,0,5,2,351,14,1150,785,15,31,59,17,44,4,142,1,30,7,1
34,SIBIU,"ŞCOALA GIMNAZIALĂ NR.7 CORP A",124,"MUNICIPIUL MEDIAŞ",143619,1,PROV,PRCNCT,CJ,CJ_SV,"2024-06-10 07:07:48",1047,1046,0,0,1,391,390,0,0,1,369,22,1150,759,19,41,87,8,65,2,99,8,30,9,1
34,SIBIU,"ŞCOALA GIMNAZIALĂ NR. 8",31,"MUNICIPIUL SIBIU",143450,1,PROV,PRCNCT,CJ,CJ_SV,"2024-06-10 03:50:08",1381,1372,6,3,0,635,631,1,3,0,620,15,1510,875,156,51,108,12,98,6,27,22,95,29,16
34,SIBIU,"ŞCOALA GIMNAZIALĂ NR. 8",32,"MUNICIPIUL SIBIU",143450,1,PROV,PRCNCT,CJ,CJ_SV,"2024-06-10 03:54:58",1245,1245,0,0,0,586,586,0,0,0,563,23,1368,782,197,53,89,0,100,6,8,17,69,20,4
34,SIBIU,"ŞCOALA GIMNAZIALĂ NR. 8",30,"MUNICIPIUL SIBIU",143450,1,PROV,PRCNCT,CJ,CJ_SV,"2024-06-10 03:01:14",1153,1148,0,5,0,520,515,0,5,0,506,14,1279,759,173,38,80,2,69,5,11,8,92,22,6
34,SIBIU,"ŞCOALA GIMNAZIALĂ NR. 8",33,"MUNICIPIUL SIBIU",143450,1,PROV,PRCNCT,CJ,CJ_SV,"2024-06-10 04:50:26",1778,1756,15,6,1,772,765,0,6,1,750,22,1938,1166,196,72,149,12,94,5,24,22,146,25,5
34,SIBIU,"ŞCOALA GIMNAZIALA OCNA SIBIULUI",199,"ORAŞ OCNA SIBIULUI",143851,1,PROV,PRCNCT,CJ,CJ_SV,"2024-06-10 07:03:02",980,968,3,7,2,532,522,1,7,2,505,27,1070,538,34,66,146,33,142,2,6,9,53,11,3
34,SIBIU,"ŞCOALA GIMNAZIALĂ OCNA SIBIULUI",200,"ORAŞ OCNA SIBIULUI",143851,1,PROV,PRCNCT,CJ,CJ_SV,"2024-06-10 06:38:29",969,964,0,4,1,502,497,0,4,1,471,31,1060,558,25,60,178,25,89,4,6,9,67,8,0
34,SIBIU,"ŞCOALA GIMNAZIALĂ OCTAVIAN GOGA RĂŞINARI",331,RĂŞINARI,143520,1,PROV,PRCNCT,CJ,CJ_SV,"2024-06-10 11:11:19",1526,1515,5,4,2,825,817,2,4,2,769,56,1670,845,51,103,315,2,198,2,5,22,30,38,3
34,SIBIU,"ŞCOALA GIMNAZIALĂ RADU SELEJAN",85,"MUNICIPIUL SIBIU",143450,1,PROV,PRCNCT,CJ,CJ_SV,"2024-06-10 03:05:20",936,931,0,5,0,365,360,0,5,0,357,8,1024,659,79,26,62,4,61,2,4,9,80,23,7
34,SIBIU,"ŞCOALA GIMNAZIALĂ RADU SELEJAN",86,"MUNICIPIUL SIBIU",143450,1,PROV,PRCNCT,CJ,CJ_SV,"2024-06-10 04:11:39",1103,1097,1,5,0,374,368,1,5,0,360,6,1204,835,92,41,56,1,42,5,16,9,70,20,8
34,SIBIU,"ŞCOALA GIMNAZIALĂ REGELE FERDINAND",79,"MUNICIPIUL SIBIU",143450,1,PROV,PRCNCT,CJ,CJ_SV,"2024-06-10 03:06:15",1229,1222,2,5,0,544,539,0,5,0,536,8,1367,823,148,35,93,3,88,2,10,20,100,31,6
34,SIBIU,"ŞCOALA GIMNAZIALĂ REGELE FERDINAND",81,"MUNICIPIUL SIBIU",143450,1,PROV,PRCNCT,CJ,CJ_SV,"2024-06-10 03:12:57",960,953,2,5,0,358,353,0,5,0,339,19,1070,712,104,34,55,3,67,2,8,7,42,10,7
34,SIBIU,"ŞCOALA GIMNAZIALĂ REGELE FERDINAND",83,"MUNICIPIUL SIBIU",143450,1,PROV,PRCNCT,CJ,CJ_SV,"2024-06-10 02:40:16",1145,1136,2,7,0,348,341,0,7,0,338,10,1250,902,73,44,63,2,61,2,7,14,50,16,6
34,SIBIU,"ŞCOALA GIMNAZIALĂ REGELE FERDINAND",80,"MUNICIPIUL SIBIU",143450,1,PROV,PRCNCT,CJ,CJ_SV,"2024-06-10 03:23:06",1170,1163,3,4,0,452,448,0,4,0,442,10,1295,843,112,54,74,3,82,5,6,15,62,21,8
34,SIBIU,"ŞCOALA GIMNAZIALĂ REGELE FERDINAND",77,"MUNICIPIUL SIBIU",143450,1,PROV,PRCNCT,CJ,CJ_SV,"2024-06-10 04:04:21",1141,1137,2,2,0,356,354,0,2,0,338,18,1255,899,92,42,52,1,53,2,10,17,45,21,3
34,SIBIU,"ŞCOALA GIMNAZIALĂ REGELE FERDINAND",82,"MUNICIPIUL SIBIU",143450,1,PROV,PRCNCT,CJ,CJ_SV,"2024-06-10 04:29:39",1147,1141,1,5,0,439,434,0,5,0,414,25,1249,801,109,45,86,4,54,3,8,12,56,32,5
34,SIBIU,"ŞCOALA GIMNAZIALĂ REGELE FERDINAND",78,"MUNICIPIUL SIBIU",143450,1,PROV,PRCNCT,CJ,CJ_SV,"2024-06-10 05:36:45",1290,1283,1,6,0,419,413,0,6,0,410,9,1410,991,120,50,56,3,66,7,16,13,49,25,5
34,SIBIU,"ŞCOALA GIMNAZIALĂ REGINA MARIA",45,"MUNICIPIUL SIBIU",143450,1,PROV,PRCNCT,CJ,CJ_SV,"2024-06-10 05:09:20",1159,1139,12,8,0,513,505,0,8,0,502,11,1255,742,125,43,104,4,79,6,7,12,94,20,8
34,SIBIU,"ŞCOALA GIMNAZIALĂ REGINA MARIA",46,"MUNICIPIUL SIBIU",143450,1,PROV,PRCNCT,CJ,CJ_SV,"2024-06-10 05:25:20",986,962,8,15,1,406,390,0,15,1,400,6,1061,655,116,33,56,2,65,0,10,10,82,20,6
34,SIBIU,"ŞCOALA GIMNAZIALĂ RUJA",158,"ORAŞ AGNITA",143682,1,PROV,PRCNCT,CJ,CJ_SV,"2024-06-10 05:10:39",965,957,2,6,0,456,450,0,6,0,436,20,1070,614,19,73,290,0,30,2,0,16,5,0,1
34,SIBIU,"ŞCOALA GIMNAZIALĂ RUŞI (CORP C2)",344,SLIMNIC,145603,1,PROV,PRCNCT,CJ,CJ_SV,"2024-06-10 02:43:35",731,719,3,7,2,392,382,1,7,2,362,30,1000,608,18,38,80,3,65,6,2,10,132,6,2
34,SIBIU,"ŞCOALA GIMNAZIALĂ SAVA POPOVICI BARCIANU RĂŞINARI",332,RĂŞINARI,143520,1,PROV,PRCNCT,CJ,CJ_SV,"2024-06-10 06:45:12",1474,1468,0,5,1,791,785,0,5,1,748,43,1610,819,42,93,342,0,166,8,7,20,46,21,3
34,SIBIU,"SCOALA GIMNAZIALA SEICA MARE",347,"ŞEICA MARE",145667,1,PROV,PRCNCT,CJ,CJ_SV,"2024-06-10 06:47:17",867,857,1,2,7,467,458,0,2,7,413,45,895,437,13,46,126,6,62,4,2,9,73,71,1
34,SIBIU,"SCOALA GIMNAZIALA SEICA MARE",346,"ŞEICA MARE",145667,1,PROV,PRCNCT,CJ,CJ_SV,"2024-06-10 05:57:29",991,953,3,15,20,588,552,1,15,20,520,11,1000,469,21,43,269,4,69,2,5,8,57,39,3
34,SIBIU,"ŞCOALA GIMNAZIALĂ SLIMNIC",342,SLIMNIC,145603,1,PROV,PRCNCT,CJ,CJ_SV,"2024-06-10 06:48:00",1299,1286,0,6,7,746,733,0,6,7,679,54,1600,867,34,83,258,1,147,3,3,6,77,62,5
34,SIBIU,"ŞCOALA GIMNAZIALĂ SLIMNIC",343,SLIMNIC,145603,1,PROV,PRCNCT,CJ,CJ_SV,"2024-06-10 09:50:07",1096,1078,4,7,7,634,620,0,7,7,595,39,1300,666,35,66,252,0,129,3,0,9,52,48,1
34,SIBIU,"SCOALA GIMNAZIALA SURA MICA",369,"ŞURA MICĂ",145792,1,PROV,PRCNCT,CJ,CJ_SV,"2024-06-10 07:02:41",1341,1319,8,9,5,752,738,0,9,5,705,47,1400,648,56,95,288,2,151,2,7,13,66,21,4
34,SIBIU,"ŞCOALA GIMNAZIALA VESEUD",345,SLIMNIC,145603,1,PROV,PRCNCT,CJ,CJ_SV,"2024-06-09 23:59:56",170,159,0,11,0,91,80,0,11,0,90,1,310,219,2,10,39,0,10,0,0,0,12,17,0
34,SIBIU,"ŞCOALA PRIMARĂ AMNAŞ",206,"ORAŞ SĂLIŞTE",145499,1,PROV,PRCNCT,CJ,CJ_SV,"2024-06-10 05:04:29",371,353,3,12,3,177,161,2,12,2,169,8,400,223,11,13,95,2,38,1,0,2,6,0,1
34,SIBIU,"ŞCOALA PRIMARĂ APOȘ",240,BÂRGHIŞ,144232,1,PROV,PRCNCT,CJ,CJ_SV,"2024-06-10 03:40:57",278,275,1,2,0,141,139,0,2,0,125,16,290,149,5,51,26,3,12,2,1,5,4,16,0
34,SIBIU,"ŞCOALA PRIMARĂ ARMENI",292,LOAMNEŞ,144795,1,PROV,PRCNCT,CJ,CJ_SV,"2024-06-10 02:24:43",439,426,0,12,1,225,212,0,12,1,210,15,470,245,7,26,17,1,100,4,2,2,46,4,1
34,SIBIU,"SCOALA PRIMARA BOARTA",349,"ŞEICA MARE",145667,1,PROV,PRCNCT,CJ,CJ_SV,"2024-06-10 01:31:13",322,312,2,4,4,169,161,0,4,4,164,5,340,171,3,13,37,7,44,0,3,3,21,32,1
34,SIBIU,"ŞCOALA PRIMARA BROŞTENI",319,PĂUCA,145220,1,PROV,PRCNCT,CJ,CJ_SV,"2024-06-10 02:16:27",255,249,1,2,3,150,145,0,2,3,143,7,275,125,1,15,94,2,23,0,1,3,0,2,2
34,SIBIU,"SCOALA PRIMARA BUIA",350,"ŞEICA MARE",145667,1,PROV,PRCNCT,CJ,CJ_SV,"2024-06-10 06:22:23",496,466,3,15,12,268,249,0,7,12,246,22,490,222,7,20,69,6,43,1,2,5,51,42,0
34,SIBIU,"ȘCOALA PRIMARĂ CLASELE I-IV MERGHINDEAL",298,MERGHINDEAL,144964,1,PROV,PRCNCT,CJ,CJ_SV,"2024-06-10 05:04:04",737,704,1,11,21,348,320,1,9,18,320,28,790,442,6,61,44,4,191,2,0,4,3,1,4
34,SIBIU,"SCOALA PRIMARA COPSA MARE",246,BIERTAN,144198,1,PROV,PRCNCT,CJ,CJ_SV,"2024-06-10 03:10:59",412,401,2,7,2,194,183,2,7,2,173,21,440,246,7,47,73,0,43,0,1,1,1,0,0
34,SIBIU,"ȘCOALA PRIMARĂ DEALU FRUMOS",299,MERGHINDEAL,144964,1,PROV,PRCNCT,CJ,CJ_SV,"2024-06-10 04:43:30",586,561,3,12,10,313,291,0,12,10,297,16,660,347,11,31,21,2,222,0,0,4,3,0,3
34,SIBIU,"SCOALA PRIMARA FOFELDEA",311,NOCRICH,145140,1,PROV,PRCNCT,CJ,CJ_SV,"2024-06-10 04:59:34",392,361,3,27,1,257,228,1,27,1,240,15,400,145,2,9,4,1,212,0,2,3,2,5,0
34,SIBIU,"ŞCOALA PRIMARĂ GLÎMBOACA",166,"ORAŞ AVRIG",144054,1,PROV,PRCNCT,CJ,CJ_SV,"2024-06-10 02:28:55",205,197,0,8,0,111,103,0,8,0,103,8,220,109,6,21,37,0,22,0,0,5,10,2,0
34,SIBIU,"ŞCOALA PRIMARĂ HAŞAG",293,LOAMNEŞ,144795,1,PROV,PRCNCT,CJ,CJ_SV,"2024-06-10 03:06:02",527,513,3,6,5,286,274,1,6,5,269,17,580,294,14,33,39,2,132,0,1,11,34,3,0
34,SIBIU,"ŞCOALA PRIMARĂ MAG",209,"ORAŞ SĂLIŞTE",145499,1,PROV,PRCNCT,CJ,CJ_SV,"2024-06-10 06:33:30",425,412,0,13,0,258,245,0,13,0,215,43,450,192,4,40,73,0,82,0,0,2,12,2,0
34,SIBIU,"ȘCOALA PRIMARĂ METIȘ - CORP NOU",304,MIHĂILENI,145042,1,PROV,PRCNCT,CJ,CJ_SV,"2024-06-10 02:55:47",251,248,1,2,0,125,122,1,2,0,108,17,280,155,4,13,11,2,39,1,0,2,33,3,0
34,SIBIU,"ȘCOALA PRIMARĂ MOVILE",279,IACOBENI,144651,1,PROV,PRCNCT,CJ,CJ_SV,"2024-06-10 01:37:05",272,270,1,1,0,136,134,1,1,0,128,8,460,324,3,13,22,0,83,0,1,3,1,2,0
34,SIBIU,"ȘCOALA PRIMARĂ NETUȘ",280,IACOBENI,144651,1,PROV,PRCNCT,CJ,CJ_SV,"2024-06-10 04:34:57",409,407,0,2,0,225,223,0,2,0,202,23,500,275,2,27,31,0,128,1,2,4,1,4,2
34,SIBIU,"ȘCOALA PRIMARĂ NOU SĂSESC",288,LASLEA,144731,1,PROV,PRCNCT,CJ,CJ_SV,"2024-06-10 02:47:12",610,598,6,6,0,173,167,0,6,0,162,11,800,627,17,14,70,0,51,0,1,3,6,0,0
34,SIBIU,"ŞCOALA PRIMARĂ NR. 2 COPŞA MICĂ, STRADA TÂRNĂVIOARA, NR.76",188,"ORAŞ COPŞA MICĂ",143771,1,PROV,PRCNCT,CJ,CJ_SV,"2024-06-10 06:26:41",447,440,1,6,0,171,165,0,6,0,152,19,480,309,1,28,93,2,21,0,1,4,0,2,0
34,SIBIU,"ŞCOALA PRIMARĂ PELIȘOR",242,BÂRGHIŞ,144232,1,PROV,PRCNCT,CJ,CJ_SV,"2024-06-10 08:18:06",403,396,0,7,0,191,184,0,7,0,169,22,400,209,2,88,25,2,26,1,0,5,18,0,2
34,SIBIU,"ŞCOALA PRIMARA PRESACA",320,PĂUCA,145220,1,PROV,PRCNCT,CJ,CJ_SV,"2024-06-10 00:30:33",282,280,0,2,0,178,176,0,2,0,172,6,306,128,3,14,124,0,19,1,1,2,5,1,2
34,SIBIU,"SCOALA PRIMARĂ PROD",276,HOGHILAG,144615,1,PROV,PRCNCT,CJ,CJ_SV,"2024-06-10 09:05:07",225,202,0,9,14,138,115,0,9,14,136,1,220,83,4,17,2,0,105,0,1,2,5,0,0
34,SIBIU,"ȘCOALA PRIMARĂ RĂVĂȘEL",305,MIHĂILENI,145042,1,PROV,PRCNCT,CJ,CJ_SV,"2024-06-10 03:01:36",274,263,0,4,7,166,155,0,4,7,125,41,290,124,3,13,15,1,32,1,1,0,57,2,0
34,SIBIU,"SCOALA PRIMARA RICHIS",247,BIERTAN,144198,1,PROV,PRCNCT,CJ,CJ_SV,"2024-06-10 05:07:34",648,626,8,8,6,335,319,2,8,6,310,25,680,345,8,88,169,3,29,1,0,2,8,1,1
34,SIBIU,"ȘCOALA PRIMARĂ ROANDOLA",289,LASLEA,144731,1,PROV,PRCNCT,CJ,CJ_SV,"2024-06-10 00:33:56",286,266,9,11,0,81,70,0,11,0,70,11,370,289,5,12,15,2,22,1,0,0,12,1,0
34,SIBIU,"ŞCOALA PRIMARĂ ROD",375,TILIŞCA,145907,1,PROV,PRCNCT,CJ,CJ_SV,"2024-06-10 01:37:57",333,316,0,17,0,228,211,0,17,0,203,25,340,112,11,29,85,1,61,0,0,3,10,3,0
34,SIBIU,"SCOALA PRIMARA RUSCIORI",371,"ŞURA MICĂ",145792,1,PROV,PRCNCT,CJ,CJ_SV,"2024-06-10 03:55:50",669,661,0,7,1,482,474,0,7,1,413,69,710,228,16,220,126,1,20,3,1,11,10,4,1
34,SIBIU,"SCOALA PRIMARA SEICA MARE",348,"ŞEICA MARE",145667,1,PROV,PRCNCT,CJ,CJ_SV,"2024-06-10 05:32:00",871,835,0,15,21,530,494,0,15,21,511,19,890,360,40,51,107,14,113,6,5,5,113,38,19
34,SIBIU,"ȘCOALA PRIMARĂ ȘOMARTIN",259,BRUIU,144410,1,PROV,PRCNCT,CJ,CJ_SV,"2024-06-10 03:01:10",337,319,8,8,2,143,129,4,8,2,132,11,420,277,10,11,73,1,15,0,0,6,13,3,0
34,SIBIU,"ȘCOALA PRIMARĂ STEJĂRIȘU",282,IACOBENI,144651,1,PROV,PRCNCT,CJ,CJ_SV,"2024-06-10 03:20:45",418,415,3,0,0,180,180,0,0,0,164,16,550,370,8,21,78,0,38,0,0,9,1,5,4
34,SIBIU,"ŞCOALA PRIMARA ŞTENEA",352,"ŞEICA MARE",145667,1,PROV,PRCNCT,CJ,CJ_SV,"2024-06-10 02:55:34",126,114,0,6,6,78,66,0,6,6,70,8,135,57,0,10,25,2,16,0,2,2,12,1,0
34,SIBIU,"ȘCOALA PRIMARĂ ŢAPU",302,MICĂSASA,144991,1,PROV,PRCNCT,CJ,CJ_SV,"2024-06-10 13:50:32",564,533,0,11,20,341,310,0,11,20,316,25,620,279,9,26,169,0,90,1,2,6,10,3,0
34,SIBIU,"SCOALA PRIMARA ŢICHINDEAL",314,NOCRICH,145140,1,PROV,PRCNCT,CJ,CJ_SV,"2024-06-10 02:20:51",150,142,2,2,4,96,90,0,2,4,69,27,160,64,2,9,22,0,28,0,0,1,7,0,0
34,SIBIU,"SCOALA PRIMARĂ VELȚ",238,BAZNA,144152,1,PROV,PRCNCT,CJ,CJ_SV,"2024-06-10 02:29:06",481,474,1,3,3,210,204,0,3,3,181,29,570,360,12,23,37,2,81,1,11,6,7,1,0
34,SIBIU,"ŞCOALA PRIMARĂ VESEUD",265,CHIRPĂR,144456,1,PROV,PRCNCT,CJ,CJ_SV,"2024-06-10 00:20:58",155,150,3,2,0,71,69,0,2,0,66,5,170,99,3,2,14,1,29,0,0,0,16,0,1
34,SIBIU,"ŞCOALA PRIMARĂ ZLAGNA",244,BÂRGHIŞ,144232,1,PROV,PRCNCT,CJ,CJ_SV,"2024-06-10 02:19:31",141,137,2,2,0,69,65,2,2,0,61,8,150,81,0,20,19,2,8,0,0,3,7,2,0
34,SIBIU,"ŞCOLA GIMNAZIALĂ BRADU",165,"ORAŞ AVRIG",144054,1,PROV,PRCNCT,CJ,CJ_SV,"2024-06-10 03:49:24",899,892,4,3,0,418,415,0,3,0,386,32,990,572,21,81,142,0,81,4,1,14,37,4,1
34,SIBIU,"ŞCOLA PRIMARĂ SĂCĂDATE",169,"ORAŞ AVRIG",144054,1,PROV,PRCNCT,CJ,CJ_SV,"2024-06-10 02:15:50",488,482,0,5,1,242,236,0,5,1,234,8,530,288,10,40,89,9,45,1,5,6,24,3,2
34,SIBIU,"SEDIUL ADMINISTRATIV DISPENSAR",337,ROŞIA,145408,1,PROV,PRCNCT,CJ,CJ_SV,"2024-06-10 04:52:15",447,435,1,6,5,292,281,0,6,5,275,14,480,191,19,34,49,1,118,34,1,1,8,10,0
34,SIBIU,"SEDIU PRIMARIA",222,ALŢINA,143888,1,PROV,PRCNCT,CJ,CJ_SV,"2024-06-10 11:48:19",1110,1059,3,25,23,708,659,1,25,23,653,55,1150,442,23,221,81,3,289,5,1,7,6,5,12
34,SIBIU,"STADIONUL MUNICIPAL GAZ METAN",113,"MUNICIPIUL MEDIAŞ",143619,1,PROV,PRCNCT,CJ,CJ_SV,"2024-06-10 07:14:50",849,837,2,9,1,421,411,0,9,1,402,19,950,529,39,40,94,30,49,7,94,8,32,7,2
34,SIBIU,"UNIVERSITATEA LUCIAN BLAGA",148,"MUNICIPIUL MEDIAŞ",143619,1,PROV,PRCNCT,CJ,CJ_SV,"2024-06-10 05:00:07",1351,1345,1,5,0,570,564,1,5,0,548,22,1440,870,36,37,165,20,69,7,121,10,63,17,3
34,SIBIU,"UNIVERSITATEA LUCIAN BLAGA",147,"MUNICIPIUL MEDIAŞ",143619,1,PROV,PRCNCT,CJ,CJ_SV,"2024-06-10 06:16:20",1083,1077,1,3,2,460,455,0,3,2,394,18,1200,787,24,29,132,21,57,3,83,4,28,11,2
34,SIBIU,"VESTIAR SPARTA",112,"MUNICIPIUL MEDIAŞ",143619,1,PROV,PRCNCT,CJ,CJ_SV,"2024-06-10 03:45:30",743,714,22,6,1,347,340,0,6,1,328,16,850,503,24,24,55,41,42,4,84,6,34,11,3
