precinct_county_nce,precinct_county_name,precinct_name,precinct_nr,uat_name,uat_siruta,report_version,report_stage_code,report_type_scope_code,report_type_category_code,report_type_code,created_at,a,a1,a2,a3,a4,b,b1,b2,b3,b4,c,d,e,f,"PARTIDUL SOCIAL DEMOCRAT-voturi","UNIUNEA DEMOCRATĂ MAGHIARĂ DIN ROMÂNIA-voturi","PARTIDUL NAȚIONAL LIBERAL-voturi","ALIANȚA PENTRU UNIREA ROMÂNILOR-voturi","PARTIDUL S.O.S. ROMÂNIA-voturi","ALIANȚA DREAPTA UNITĂ USR - PMP - FORȚA DREPTEI-voturi","PARTIDUL UMANIST SOCIAL LIBERAL-voturi"
1,ALBA,"AŞEZĂMÂNTUL SOCIAL - GRĂDINIŢA ”SFÂNTA IRINA”",79,"MUNICIPIUL BLAJ",1348,1,PROV,PRCNCT,CJ,CJ_SV,"2024-06-10 05:16:32",1135,1131,0,4,0,548,544,0,4,0,538,9,1300,753,99,19,314,35,15,53,3
1,ALBA,"ASOCIAŢIA JUDEŢEANĂ A VÂNĂTORILOR SI PESCARILOR SPORTIVI ALBA - CLUBUL BLAJ",84,"MUNICIPIUL BLAJ",1348,1,PROV,PRCNCT,CJ,CJ_SV,"2024-06-10 02:28:03",324,320,0,3,1,172,168,0,3,1,169,3,400,228,25,2,119,3,11,7,2
1,ALBA,"BAZA DE AGREMENT A MUNICIPIULUI BLAJ",78,"MUNICIPIUL BLAJ",1348,1,PROV,PRCNCT,CJ,CJ_SV,"2024-06-10 05:28:44",728,716,0,9,3,341,329,0,9,3,320,21,800,459,52,10,198,22,23,9,6
1,ALBA,"BAZIN OLIMPIC",31,"MUNICIPIUL ALBA IULIA",1017,1,PROV,PRCNCT,CJ,CJ_SV,"2024-06-10 08:09:26",1253,1242,2,9,0,458,449,0,9,0,445,13,1400,942,95,10,186,72,23,51,8
1,ALBA,"BAZIN OLIMPIC",30,"MUNICIPIUL ALBA IULIA",1017,1,PROV,PRCNCT,CJ,CJ_SV,"2024-06-10 06:22:40",1087,1078,0,8,1,437,428,0,8,1,425,12,1100,663,113,5,179,51,16,50,11
1,ALBA,"BIBLIOTECA COMUNALĂ",240,CRICĂU,4142,1,PROV,PRCNCT,CJ,CJ_SV,"2024-06-10 04:44:18",1057,995,1,25,36,790,729,0,25,36,769,21,1139,349,231,26,440,41,16,11,4
1,ALBA,"CĂMIN CULTURAL",225,"CETATEA DE BALTĂ",3958,1,PROV,PRCNCT,CJ,CJ_SV,"2024-06-10 02:03:48",590,574,0,4,12,247,231,0,4,12,227,20,633,386,50,8,133,25,7,4,0
1,ALBA,"CĂMIN CULTURAL",226,"CETATEA DE BALTĂ",3958,1,PROV,PRCNCT,CJ,CJ_SV,"2024-06-10 04:15:05",870,829,1,8,32,503,463,0,8,32,471,32,955,452,58,113,198,61,22,15,4
1,ALBA,"CĂMIN CULTURAL",250,FĂRĂU,4302,1,PROV,PRCNCT,CJ,CJ_SV,"2024-06-10 01:37:39",145,137,2,5,1,111,104,1,5,1,104,7,150,39,6,75,20,1,1,0,1
1,ALBA,"CĂMIN CULTURAL ASINIP",297,"LOPADEA NOUĂ",5210,1,PROV,PRCNCT,CJ,CJ_SV,"2024-06-10 01:40:55",78,70,0,8,0,52,44,0,8,0,50,2,79,27,14,2,30,0,2,2,0
1,ALBA,"CĂMIN CULTURAL BĂLCACIU",288,JIDVEI,5103,1,PROV,PRCNCT,CJ,CJ_SV,"2024-06-10 15:02:06",1120,1078,0,10,32,507,465,0,10,32,469,38,1192,685,65,7,285,80,16,10,6
1,ALBA,"CĂMIN CULTURAL CĂPUD",171,"ORAŞ TEIUŞ",8096,1,PROV,PRCNCT,CJ,CJ_SV,"2024-06-10 01:38:04",262,254,0,7,1,156,148,0,7,1,147,9,279,123,73,13,33,18,4,3,3
1,ALBA,"CĂMIN CULTURAL CISTEI",317,MIHALŢ,5700,1,PROV,PRCNCT,CJ,CJ_SV,"2024-06-10 02:39:12",502,454,0,29,19,367,319,0,29,19,360,7,518,151,28,5,263,44,12,7,1
1,ALBA,"CĂMIN CULTURAL DOŞTAT",246,DOŞTAT,4268,1,PROV,PRCNCT,CJ,CJ_SV,"2024-06-10 04:10:13",462,409,0,31,22,335,282,0,31,22,321,14,460,125,55,3,223,8,3,29,0
1,ALBA,"CĂMIN CULTURAL DRÎMBAR",231,CIUGUD,1071,1,PROV,PRCNCT,CJ,CJ_SV,"2024-06-10 01:40:53",350,331,1,6,12,239,222,0,6,11,231,8,375,136,42,1,161,15,4,5,3
1,ALBA,"CĂMIN CULTURAL HĂPRIA",232,CIUGUD,1071,1,PROV,PRCNCT,CJ,CJ_SV,"2024-06-10 04:45:09",528,502,1,3,22,388,363,0,3,22,373,15,555,167,90,7,201,54,5,13,3
1,ALBA,"CĂMIN CULTURAL HOPÎRTA",266,HOPÂRTA,4703,1,PROV,PRCNCT,CJ,CJ_SV,"2024-06-10 01:06:14",204,199,0,2,3,104,99,0,2,3,98,6,235,131,18,6,55,10,3,5,1
1,ALBA,"CĂMIN CULTURAL IZVOARELE",293,LIVEZILE,5167,1,PROV,PRCNCT,CJ,CJ_SV,"2024-06-10 00:31:15",94,72,0,11,11,63,41,0,11,11,58,5,100,37,13,0,39,3,0,0,3
1,ALBA,"CĂMIN CULTURAL LEORINȚ",351,RĂDEŞTI,6547,1,PROV,PRCNCT,CJ,CJ_SV,"2024-06-10 02:44:01",267,244,0,16,7,214,191,0,16,7,207,7,293,79,9,78,113,5,1,1,0
1,ALBA,"CĂMIN CULTURAL LIMBA",233,CIUGUD,1071,1,PROV,PRCNCT,CJ,CJ_SV,"2024-06-10 02:27:45",343,325,7,5,6,220,206,3,5,6,203,17,370,150,38,4,108,28,8,15,2
1,ALBA,"CĂMIN CULTURAL LUNCA TÂRNAVEI",408,ŞONA,7865,1,PROV,PRCNCT,CJ,CJ_SV,"2024-06-10 02:09:31",324,312,1,7,4,200,189,0,7,4,193,7,341,141,58,4,111,9,4,4,3
1,ALBA,"CĂMIN CULTURAL MĂTIȘEȘTI",274,HOREA,4767,1,PROV,PRCNCT,CJ,CJ_SV,"2024-06-10 04:39:07",348,337,0,3,8,239,228,0,3,8,231,8,357,118,57,1,98,62,10,1,2
1,ALBA,"CĂMIN CULTURAL OBREJA",318,MIHALŢ,5700,1,PROV,PRCNCT,CJ,CJ_SV,"2024-06-10 03:08:20",450,421,0,15,14,288,259,0,15,14,280,8,482,194,78,1,160,27,6,7,1
1,ALBA,"CĂMIN CULTURAL POIANA AIUDULUI",294,LIVEZILE,5167,1,PROV,PRCNCT,CJ,CJ_SV,"2024-06-10 02:02:15",263,244,0,5,14,153,134,0,5,14,146,7,281,128,35,5,92,4,7,3,0
1,ALBA,"CĂMIN CULTURAL SÂNBENEDIC",251,FĂRĂU,4302,1,PROV,PRCNCT,CJ,CJ_SV,"2024-06-10 02:41:44",195,181,0,9,5,129,115,0,9,5,126,3,204,75,13,7,102,0,4,0,0
1,ALBA,"CĂMIN CULTURAL, SAT IZVORUL AMPOIULUI",178,"ORAŞ ZLATNA",1936,1,PROV,PRCNCT,CJ,CJ_SV,"2024-06-10 03:07:40",389,380,1,7,1,219,211,0,7,1,213,6,429,210,67,2,112,25,2,3,2
1,ALBA,"CĂMIN CULTURAL, SAT VÂLTORI",183,"ORAŞ ZLATNA",1936,1,PROV,PRCNCT,CJ,CJ_SV,"2024-06-10 02:18:23",164,155,0,9,0,95,86,0,9,0,90,5,179,84,16,3,56,9,1,5,0
1,ALBA,"CĂMIN CULTURAL ȘEUȘA",234,CIUGUD,1071,1,PROV,PRCNCT,CJ,CJ_SV,"2024-06-10 07:53:24",741,685,3,3,50,511,458,0,3,50,490,21,750,239,68,4,284,96,7,30,1
1,ALBA,"CĂMIN CULTURAL ȘIBOT",401,ŞIBOT,7810,1,PROV,PRCNCT,CJ,CJ_SV,"2024-06-10 06:36:53",1204,1153,2,24,25,750,699,2,24,25,717,32,1280,531,282,9,205,164,23,29,5
1,ALBA,"CĂMIN CULTURAL ȘILEA",252,FĂRĂU,4302,1,PROV,PRCNCT,CJ,CJ_SV,"2024-06-10 08:46:56",260,243,0,5,12,177,160,0,5,12,168,9,270,93,67,13,79,3,2,4,0
1,ALBA,"CĂMIN CULTURAL SILIVAŞ",267,HOPÂRTA,4703,1,PROV,PRCNCT,CJ,CJ_SV,"2024-06-10 01:11:49",244,240,0,3,1,157,153,0,3,1,147,10,275,118,12,6,127,0,2,0,0
1,ALBA,"CĂMIN CULTURAL ŞPĂLNACA",268,HOPÂRTA,4703,1,PROV,PRCNCT,CJ,CJ_SV,"2024-06-09 23:44:55",137,128,0,7,2,80,71,0,7,2,78,2,160,72,13,1,55,8,0,1,0
1,ALBA,"CĂMIN CULTURAL TĂUNI",430,"VALEA LUNGĂ",8354,1,PROV,PRCNCT,CJ,CJ_SV,"2024-06-10 04:11:32",241,227,0,8,6,131,117,0,8,6,121,10,245,114,19,2,56,41,2,1,0
1,ALBA,"CĂMIN CULTURAL TELEAC",235,CIUGUD,1071,1,PROV,PRCNCT,CJ,CJ_SV,"2024-06-10 03:22:15",362,347,0,2,13,263,248,0,2,13,249,14,420,157,76,2,126,26,10,8,1
1,ALBA,"CĂMIN CULTURAL TURDAŞ",269,HOPÂRTA,4703,1,PROV,PRCNCT,CJ,CJ_SV,"2024-06-10 01:19:45",133,127,0,3,3,78,72,0,3,3,70,8,160,82,17,1,35,10,3,3,1
1,ALBA,"CĂMIN CULTURAL VĂLIȘOARA",295,LIVEZILE,5167,1,PROV,PRCNCT,CJ,CJ_SV,"2024-06-10 01:45:51",139,118,0,10,11,109,88,0,10,11,84,4,140,52,23,3,42,8,3,4,1
1,ALBA,"CĂMIN CULTURAL VAMA SEACĂ",270,HOPÂRTA,4703,1,PROV,PRCNCT,CJ,CJ_SV,"2024-06-10 00:05:06",107,103,0,2,2,107,103,0,2,2,106,1,170,62,17,5,68,6,3,7,0
1,ALBA,"CĂMINUL CULTURAL",345,POŞAGA,6468,1,PROV,PRCNCT,CJ,CJ_SV,"2024-06-10 04:27:02",381,333,1,41,6,273,225,1,41,6,261,12,504,231,85,3,111,22,3,36,1
1,ALBA,"CĂMINUL CULTURAL",224,CERU-BĂCĂINŢI,3841,1,PROV,PRCNCT,CJ,CJ_SV,"2024-06-10 04:29:48",252,198,1,44,9,226,172,1,44,9,215,11,300,74,107,3,83,10,4,8,0
1,ALBA,"CĂMINUL CULTURAL ALBAC",184,ALBAC,2130,1,PROV,PRCNCT,CJ,CJ_SV,"2024-06-10 10:18:52",736,656,1,38,41,626,546,1,38,41,601,25,805,179,313,9,159,72,22,22,4
1,ALBA,"CĂMINUL CULTURAL ALECUŞ",406,ŞONA,7865,1,PROV,PRCNCT,CJ,CJ_SV,"2024-06-10 01:06:33",79,71,0,8,0,36,28,0,8,0,33,3,79,43,10,2,12,5,1,2,1
1,ALBA,"CĂMINUL CULTURAL ALMAȘU MARE - SUSENI",190,"ALMAŞU MARE",2309,1,PROV,PRCNCT,CJ,CJ_SV,"2024-06-10 04:28:53",210,200,0,7,3,152,142,0,7,3,144,8,223,71,54,2,49,18,7,14,0
1,ALBA,"CĂMINUL CULTURAL AVRAM IANCU",198,"AVRAM IANCU",2577,1,PROV,PRCNCT,CJ,CJ_SV,"2024-06-10 04:10:20",593,556,3,12,22,402,368,0,12,22,379,22,620,219,190,9,90,60,12,13,5
1,ALBA,"CĂMINUL CULTURAL BALOMIR",402,ŞIBOT,7810,1,PROV,PRCNCT,CJ,CJ_SV,"2024-06-10 03:07:47",515,486,1,13,15,308,280,0,13,15,301,7,530,222,128,3,96,53,6,12,3
1,ALBA,"CĂMINUL CULTURAL BOZ",247,DOŞTAT,4268,1,PROV,PRCNCT,CJ,CJ_SV,"2024-06-10 07:30:34",402,393,0,4,5,278,269,0,4,5,269,8,440,163,81,6,169,4,3,6,0
1,ALBA,"CĂMINUL CULTURAL BUCERDEA GRÂNOASĂ",212,"BUCERDEA GRÂNOASĂ",9026,1,PROV,PRCNCT,CJ,CJ_SV,"2024-06-10 07:43:13",1050,1024,2,2,22,754,730,0,2,22,715,39,1200,446,64,197,217,196,14,22,5
1,ALBA,"CĂMINUL CULTURAL CĂPÎLNA DE JOS",289,JIDVEI,5103,1,PROV,PRCNCT,CJ,CJ_SV,"2024-06-10 03:47:47",640,605,0,9,26,414,379,0,9,26,403,11,717,303,44,10,266,61,14,5,3
1,ALBA,"CĂMINUL CULTURAL CIOARA DE SUS",121,"ORAŞ BAIA DE ARIEŞ",2915,1,PROV,PRCNCT,CJ,CJ_SV,"2024-06-10 01:33:08",188,173,0,7,8,116,101,0,7,8,109,7,210,94,21,1,21,60,2,4,0
1,ALBA,"CĂMINUL CULTURAL CIUGUDU DE JOS",420,UNIREA,8158,1,PROV,PRCNCT,CJ,CJ_SV,"2024-06-10 02:40:54",264,256,0,5,3,161,153,0,5,3,154,7,300,139,27,3,100,11,5,6,2
1,ALBA,"CĂMINUL CULTURAL ”EUGEN CURTA” GALTIU",386,SÂNTIMBRU,7384,1,PROV,PRCNCT,CJ,CJ_SV,"2024-06-10 02:43:24",395,388,0,2,5,252,245,0,2,5,235,8,433,190,52,2,101,42,16,18,4
1,ALBA,"CĂMINUL CULTURAL FEISA",290,JIDVEI,5103,1,PROV,PRCNCT,CJ,CJ_SV,"2024-06-10 04:53:45",618,597,0,3,18,401,380,0,3,18,382,19,679,278,83,5,252,23,11,7,1
1,ALBA,"CĂMINUL CULTURAL GĂBUD",328,NOŞLAC,6048,1,PROV,PRCNCT,CJ,CJ_SV,"2024-06-10 03:14:32",241,233,0,8,0,121,113,0,8,0,112,9,245,123,28,8,62,6,0,8,0
1,ALBA,"CĂMINUL CULTURAL GALDA DE JOS",253,"GALDA DE JOS",4366,1,PROV,PRCNCT,CJ,CJ_SV,"2024-06-10 19:48:12",1593,1555,1,24,13,1027,990,0,24,13,988,39,1800,773,236,25,320,88,29,279,11
1,ALBA,"CAMINUL CULTURAL GEOGEL",344,PONOR,6397,1,PROV,PRCNCT,CJ,CJ_SV,"2024-06-10 03:58:42",221,181,1,32,7,171,131,1,32,7,153,8,235,74,23,1,99,21,5,3,1
1,ALBA,"CĂMINUL CULTURAL GEOMAL",400,STREMŢ,7767,1,PROV,PRCNCT,CJ,CJ_SV,"2024-06-10 04:14:26",245,230,0,4,11,173,158,0,4,11,165,8,250,77,90,6,48,19,0,2,0
1,ALBA,"CĂMINUL CULTURAL INOC",423,UNIREA,8158,1,PROV,PRCNCT,CJ,CJ_SV,"2024-06-10 01:40:00",162,156,0,5,1,84,78,0,5,1,79,5,180,96,21,2,25,16,8,7,0
1,ALBA,"CĂMINUL CULTURAL INURI",437,"VINŢU DE JOS",8826,1,PROV,PRCNCT,CJ,CJ_SV,"2024-06-10 00:42:15",153,141,1,10,1,77,65,1,10,1,73,4,148,71,25,1,30,11,0,4,2
1,ALBA,"CĂMINUL CULTURAL JIDVEI",287,JIDVEI,5103,1,PROV,PRCNCT,CJ,CJ_SV,"2024-06-10 12:09:58",1110,1068,2,3,37,597,557,0,3,37,561,36,1194,597,73,16,381,62,5,21,3
1,ALBA,"CĂMINUL CULTURAL LUNCA AMPOIȚEI",311,METEŞ,5577,1,PROV,PRCNCT,CJ,CJ_SV,"2024-06-10 01:56:35",205,195,0,2,8,132,122,0,2,8,122,10,230,98,19,1,70,19,1,5,7
1,ALBA,"CĂMINUL CULTURAL LUPȘA",305,LUPŞA,5336,1,PROV,PRCNCT,CJ,CJ_SV,"2024-06-10 07:13:56",635,619,0,10,6,487,471,0,10,6,470,16,710,224,159,8,233,47,7,15,1
1,ALBA,"CĂMINUL CULTURAL MĂHĂCENI",424,UNIREA,8158,1,PROV,PRCNCT,CJ,CJ_SV,"2024-06-10 03:08:03",216,200,1,8,7,118,103,0,8,7,110,8,228,110,31,2,61,7,5,4,0
1,ALBA,"CĂMINUL CULTURAL MERETEU",438,"VINŢU DE JOS",8826,1,PROV,PRCNCT,CJ,CJ_SV,"2024-06-10 01:26:40",188,180,1,7,0,125,118,0,7,0,124,1,189,64,52,3,42,23,3,0,1
1,ALBA,"CĂMINUL CULTURAL MUNCELU",122,"ORAŞ BAIA DE ARIEŞ",2915,1,PROV,PRCNCT,CJ,CJ_SV,"2024-06-10 03:34:03",278,275,0,2,1,179,176,0,2,1,175,4,300,121,50,8,42,58,7,9,1
1,ALBA,"CĂMINUL CULTURAL NECRILEȘTI",286,ÎNTREGALDE,4981,1,PROV,PRCNCT,CJ,CJ_SV,"2024-06-10 02:26:46",149,142,3,1,3,97,93,0,1,3,92,5,150,53,24,0,60,6,0,2,0
1,ALBA,"CĂMINUL CULTURAL OARDA DE JOS",49,"MUNICIPIUL ALBA IULIA",1017,1,PROV,PRCNCT,CJ,CJ_SV,"2024-06-10 11:34:54",1286,1278,6,1,1,609,607,0,1,1,586,23,1400,791,138,6,242,102,27,52,19
1,ALBA,"CĂMINUL CULTURAL OIEJDEA",258,"GALDA DE JOS",4366,1,PROV,PRCNCT,CJ,CJ_SV,"2024-06-10 05:08:31",660,649,1,6,4,436,426,0,6,4,414,22,750,314,55,116,125,24,14,78,2
1,ALBA,"CĂMINUL CULTURAL PĂGIDA",70,"MUNICIPIUL AIUD",1213,1,PROV,PRCNCT,CJ,CJ_SV,"2024-06-10 02:19:47",98,90,0,8,0,56,48,0,8,0,55,1,100,44,19,4,22,6,2,1,1
1,ALBA,"CĂMINUL CULTURAL POIANA AMPOIULUI",312,METEŞ,5577,1,PROV,PRCNCT,CJ,CJ_SV,"2024-06-10 01:36:04",211,200,1,8,2,135,125,0,8,2,124,11,239,104,39,1,67,10,3,3,1
1,ALBA,"CĂMINUL CULTURAL PRESACA AMPOIULUI",313,METEŞ,5577,1,PROV,PRCNCT,CJ,CJ_SV,"2024-06-10 01:58:28",289,277,0,4,8,221,209,0,4,8,210,11,277,56,73,0,79,46,4,7,1
1,ALBA,"CĂMINUL CULTURAL RĂZBOIENI-CETATE",165,"ORAŞ OCNA MUREŞ",1794,1,PROV,PRCNCT,CJ,CJ_SV,"2024-06-10 08:23:27",1027,1014,1,6,6,454,442,0,6,6,430,24,1200,746,134,16,122,32,14,111,1
1,ALBA,"CĂMINUL CULTURAL SÂNCEL",379,SÂNCEL,7348,1,PROV,PRCNCT,CJ,CJ_SV,"2024-06-10 07:01:47",1308,1265,1,7,35,817,775,0,7,35,782,35,1413,596,294,2,304,134,20,28,0
1,ALBA,"CĂMINUL CULTURAL SÂNTIMBRU",383,SÂNTIMBRU,7384,1,PROV,PRCNCT,CJ,CJ_SV,"2024-06-10 04:18:03",457,446,0,2,9,247,236,0,2,9,236,11,503,256,68,9,105,41,11,1,1
1,ALBA,"CĂMINUL CULTURAL SARTĂŞ",123,"ORAŞ BAIA DE ARIEŞ",2915,1,PROV,PRCNCT,CJ,CJ_SV,"2024-06-10 01:33:46",296,291,0,2,3,133,128,0,2,3,131,2,320,187,25,1,32,59,4,9,1
1,ALBA,"CĂMINUL CULTURAL SCĂRIȘOARA",388,SCĂRIŞOARA,7197,1,PROV,PRCNCT,CJ,CJ_SV,"2024-06-10 06:57:29",587,537,2,18,30,436,386,2,18,30,414,22,598,162,143,4,205,34,14,11,3
1,ALBA,"CĂMINUL CULTURAL SOHODOL",394,SOHODOL,7446,1,PROV,PRCNCT,CJ,CJ_SV,"2024-06-10 05:52:29",756,750,0,1,5,438,432,0,1,5,413,25,825,387,114,2,186,81,18,8,4
1,ALBA,"CĂMINUL CULTURAL STÂNA DE MUREȘ",329,NOŞLAC,6048,1,PROV,PRCNCT,CJ,CJ_SV,"2024-06-10 03:54:32",310,293,0,10,7,177,160,0,10,7,172,5,315,138,54,58,35,14,0,11,0
1,ALBA,"CĂMINUL CULTURAL VADU MOȚILOR",425,"VADU MOŢILOR",8229,1,PROV,PRCNCT,CJ,CJ_SV,"2024-06-10 14:41:06",1096,988,2,52,54,879,772,1,52,54,854,25,1201,322,295,6,385,125,15,22,6
1,ALBA,"CĂMINUL CULTURAL VESEUŞ",291,JIDVEI,5103,1,PROV,PRCNCT,CJ,CJ_SV,"2024-06-10 06:47:53",779,736,0,8,35,492,449,0,8,35,438,50,818,330,28,14,388,3,2,3,0
1,ALBA,"CĂMINUL CULTURAL VINŢU DE JOS",434,"VINŢU DE JOS",8826,1,PROV,PRCNCT,CJ,CJ_SV,"2024-06-10 04:22:21",1089,1068,2,9,10,657,638,0,9,10,641,16,1271,614,215,17,177,134,37,46,15
1,ALBA,"CĂMINUL CULTURAL VURPĂR",440,"VINŢU DE JOS",8826,1,PROV,PRCNCT,CJ,CJ_SV,"2024-06-10 05:45:25",872,861,2,8,1,537,528,0,8,1,518,18,904,368,114,4,186,178,10,22,4
1,ALBA,"CĂMINUL PENTRU PERSOANE VÂRSTNICE",44,"MUNICIPIUL ALBA IULIA",1017,1,PROV,PRCNCT,CJ,CJ_SV,"2024-06-10 06:33:25",1277,1232,0,45,0,662,617,0,45,0,636,26,1400,738,108,19,316,70,18,93,12
1,ALBA,"CASA DE CULTURĂ A STUDENŢILOR",6,"MUNICIPIUL ALBA IULIA",1017,1,PROV,PRCNCT,CJ,CJ_SV,"2024-06-10 03:34:21",717,707,0,10,0,283,273,0,10,0,277,6,800,517,58,11,128,28,10,38,4
1,ALBA,"CASA DE CULTURĂ ”ION SÂNGEREANU”",157,"ORAŞ OCNA MUREŞ",1794,1,PROV,PRCNCT,CJ,CJ_SV,"2024-06-10 07:12:12",1199,1179,2,5,13,555,536,1,5,13,537,18,1300,745,154,23,281,38,9,29,3
1,ALBA,"CASA DE CULTURĂ TEIUŞ",166,"ORAŞ TEIUŞ",8096,1,PROV,PRCNCT,CJ,CJ_SV,"2024-06-10 08:14:39",1526,1511,1,8,6,817,803,0,8,6,797,20,1672,855,315,35,228,157,31,27,4
1,ALBA,"CASĂ PARTICULARĂ",428,"VALEA LUNGĂ",8354,1,PROV,PRCNCT,CJ,CJ_SV,"2024-06-10 02:31:19",167,155,0,8,4,124,112,0,8,4,120,4,170,46,20,2,61,35,0,2,0
1,ALBA,"CENTRU DE ZI PERSOANE VĂRSTNICE",385,SÂNTIMBRU,7384,1,PROV,PRCNCT,CJ,CJ_SV,"2024-06-10 03:39:36",74,68,0,3,3,49,43,0,3,3,47,2,76,27,4,0,38,3,0,2,0
1,ALBA,"CENTRUL CULTURAL ”IACOB MUREŞIANU’’",81,"MUNICIPIUL BLAJ",1348,1,PROV,PRCNCT,CJ,CJ_SV,"2024-06-10 04:26:17",786,772,1,8,5,435,422,0,8,5,427,8,800,365,76,19,242,25,12,51,2
1,ALBA,"CENTRUL CULTURAL ”VALENTIN URITESCU” AL ORAŞULUI CUGIR",145,"ORAŞ CUGIR",1696,1,PROV,PRCNCT,CJ,CJ_SV,"2024-06-10 06:12:55",1279,1266,1,10,2,562,550,0,10,2,539,23,1400,83,134,12,232,59,12,85,5
1,ALBA,"CENTRUL DE INFORMARE TURISTICĂ",324,MOGOŞ,5826,1,PROV,PRCNCT,CJ,CJ_SV,"2024-06-10 03:45:48",515,478,0,24,13,313,276,0,24,13,291,22,530,217,102,5,153,23,5,2,1
1,ALBA,"CENTRUL DE ZI PENTRU PERSOANE VÂRSTNICE",1,"MUNICIPIUL ALBA IULIA",1017,1,PROV,PRCNCT,CJ,CJ_SV,"2024-06-10 13:40:11",1760,1747,5,7,1,878,870,0,7,1,840,38,2001,1123,185,18,381,116,24,96,20
1,ALBA,"CLĂDIRE ADMINISTRATIVĂ COLIBI (FOSTA ŞCOALĂ GENERALĂ)",335,OHABA,6164,1,PROV,PRCNCT,CJ,CJ_SV,"2024-06-09 23:41:47",21,20,0,1,0,12,11,0,1,0,9,3,38,26,1,0,6,2,0,0,0
1,ALBA,"CLĂDIRE ADMINISTRATIVĂ (FOSTA ŞCOALĂ GENERALĂ CU CLASELE I-IV) PLAIURI",339,PIANU,6217,1,PROV,PRCNCT,CJ,CJ_SV,"2024-06-09 23:52:58",36,27,0,9,0,22,13,0,9,0,21,1,30,8,3,0,12,2,1,3,0
1,ALBA,"CLĂDIRE ADMINISTRATIVĂ (FOSTĂ ŞCOALA GENERALĂ DOBRA)",415,ŞUGAG,8014,1,PROV,PRCNCT,CJ,CJ_SV,"2024-06-10 02:25:55",435,428,0,6,1,271,264,0,6,1,259,12,471,200,61,1,120,34,5,38,0
1,ALBA,"CLĂDIRE ADMINISTRATIVĂ (FOSTĂ ŞCOALA GENERALĂ POIANA GALDEI)",259,"GALDA DE JOS",4366,1,PROV,PRCNCT,CJ,CJ_SV,"2024-06-10 01:37:46",121,111,0,10,0,100,90,0,10,0,95,5,150,50,25,2,47,13,0,8,0
1,ALBA,"CLĂDIRE ADMINISTRATIVĂ SĂRĂCSĂU (FOSTA ŞCOALĂ GENERALĂ)",404,ŞIBOT,7810,1,PROV,PRCNCT,CJ,CJ_SV,"2024-06-10 02:05:31",148,139,0,5,4,71,62,0,5,4,70,1,160,89,24,0,28,14,2,1,1
1,ALBA,"CLĂDIRE ANEXĂ PRIMĂRIA LOPADEA NOUĂ",298,"LOPADEA NOUĂ",5210,1,PROV,PRCNCT,CJ,CJ_SV,"2024-06-10 02:13:41",416,400,5,2,9,261,247,3,2,9,253,8,457,196,46,47,148,11,0,1,0
1,ALBA,"CLĂDIRE ANEXĂ PRIMĂRIA LOPADEA NOUĂ",301,"LOPADEA NOUĂ",5210,1,PROV,PRCNCT,CJ,CJ_SV,"2024-06-10 00:35:49",52,44,0,8,0,35,27,0,8,0,33,2,50,15,4,3,20,2,2,2,0
1,ALBA,"CLĂDIRE ANEXĂ PRIMĂRIA LOPADEA NOUĂ",300,"LOPADEA NOUĂ",5210,1,PROV,PRCNCT,CJ,CJ_SV,"2024-06-10 05:32:58",536,517,0,6,13,419,400,0,6,13,400,19,579,160,33,22,316,14,3,6,6
1,ALBA,"CLĂDIRE CĂMIN CULTURAL BERGHIN",200,BERGHIN,2988,1,PROV,PRCNCT,CJ,CJ_SV,"2024-06-10 04:24:37",680,666,2,4,8,312,300,0,4,8,283,29,700,388,31,5,115,99,17,9,7
1,ALBA,"CLĂDIRE CĂMIN CULTURAL GHIRBOM",201,BERGHIN,2988,1,PROV,PRCNCT,CJ,CJ_SV,"2024-06-10 02:26:10",389,385,1,3,0,253,250,0,3,0,235,18,400,147,31,3,157,30,2,11,1
1,ALBA,"CLĂDIRE CĂMIN CULTURAL HENIG",202,BERGHIN,2988,1,PROV,PRCNCT,CJ,CJ_SV,"2024-06-10 01:05:14",213,204,0,5,4,140,131,0,5,4,136,4,300,160,39,6,49,29,6,6,1
1,ALBA,"CLĂDIRE CĂMIN CULTURAL LUPU",223,CERGĂU,3805,1,PROV,PRCNCT,CJ,CJ_SV,"2024-06-10 01:19:10",207,190,1,7,9,154,138,0,7,9,147,7,230,76,27,4,72,7,5,32,0
1,ALBA,"CLĂDIRE CĂMIN CULTURAL STRAJA",203,BERGHIN,2988,1,PROV,PRCNCT,CJ,CJ_SV,"2024-06-10 02:47:45",270,268,0,2,0,154,152,0,2,0,145,9,300,146,32,7,78,15,10,3,0
1,ALBA,"COLEGIUL ECONOMIC „DIONISIE POP MARŢIAN”",7,"MUNICIPIUL ALBA IULIA",1017,1,PROV,PRCNCT,CJ,CJ_SV,"2024-06-10 11:39:24",1540,1512,18,6,4,830,820,0,6,4,805,25,1700,870,199,19,358,78,20,111,20
1,ALBA,"COLEGIUL NAŢIONAL ”AVRAM IANCU” CÂMPENI",128,"ORAŞ CÂMPENI",1455,1,PROV,PRCNCT,CJ,CJ_SV,"2024-06-10 02:52:15",875,858,0,10,7,521,504,0,10,7,507,14,945,424,182,6,192,65,32,27,3
1,ALBA,"COLEGIUL NAŢIONAL ”AVRAM IANCU” CÂMPENI",127,"ORAŞ CÂMPENI",1455,1,PROV,PRCNCT,CJ,CJ_SV,"2024-06-10 07:15:44",827,819,0,7,1,480,472,0,7,1,469,11,902,422,148,4,189,58,46,23,1
1,ALBA,"COLEGIUL NAŢIONAL ”DAVID PRODAN” CUGIR",138,"ORAŞ CUGIR",1696,1,PROV,PRCNCT,CJ,CJ_SV,"2024-06-10 04:48:37",1017,1005,2,10,0,418,407,1,10,0,401,17,1100,682,136,5,142,36,20,59,3
1,ALBA,"COLEGIUL NAŢIONAL ”DAVID PRODAN” CUGIR",139,"ORAŞ CUGIR",1696,1,PROV,PRCNCT,CJ,CJ_SV,"2024-06-10 10:26:43",996,987,3,5,1,406,400,0,5,1,389,17,1100,694,154,2,126,34,6,66,1
1,ALBA,"COLEGIUL NAŢIONAL „HOREA CLOŞCA ŞI CRIŞAN”",11,"MUNICIPIUL ALBA IULIA",1017,1,PROV,PRCNCT,CJ,CJ_SV,"2024-06-10 02:37:10",910,896,6,8,0,320,312,0,8,0,308,12,1000,680,62,4,116,73,14,33,6
1,ALBA,"COLEGIUL NAŢIONAL „HOREA CLOŞCA ŞI CRIŞAN”",9,"MUNICIPIUL ALBA IULIA",1017,1,PROV,PRCNCT,CJ,CJ_SV,"2024-06-10 07:52:31",1848,1818,18,12,0,942,930,0,12,0,923,19,2000,1058,166,15,466,108,34,120,14
1,ALBA,"COLEGIUL NAŢIONAL „HOREA CLOŞCA ŞI CRIŞAN”",8,"MUNICIPIUL ALBA IULIA",1017,1,PROV,PRCNCT,CJ,CJ_SV,"2024-06-10 05:46:46",967,923,8,33,3,470,434,0,33,3,447,23,1000,530,108,52,168,50,12,49,8
1,ALBA,"COLEGIUL NAŢIONAL „HOREA CLOŞCA ŞI CRIŞAN”",10,"MUNICIPIUL ALBA IULIA",1017,1,PROV,PRCNCT,CJ,CJ_SV,"2024-06-10 06:44:38",1339,1312,4,23,0,541,518,0,23,0,528,13,1500,959,160,14,196,74,20,53,11
1,ALBA,"COLEGIUL NAŢIONAL ”INOCHENTIE MICU CLAIN’’",86,"MUNICIPIUL BLAJ",1348,1,PROV,PRCNCT,CJ,CJ_SV,"2024-06-10 06:00:38",1330,1319,2,6,3,702,692,1,6,3,676,26,1500,798,108,29,383,41,20,91,4
1,ALBA,"COLEGIUL NAŢIONAL ”LUCIAN BLAGA” SEBEŞ",103,"MUNICIPIUL SEBEŞ",1874,1,PROV,PRCNCT,CJ,CJ_SV,"2024-06-10 06:32:02",1602,1585,12,5,0,832,827,0,5,0,807,25,1748,916,128,12,429,113,23,95,7
1,ALBA,"COLEGIUL NAŢIONAL ”LUCIAN BLAGA” SEBEŞ",102,"MUNICIPIUL SEBEŞ",1874,1,PROV,PRCNCT,CJ,CJ_SV,"2024-06-10 08:37:48",1234,1212,1,10,11,661,640,0,10,11,617,32,1348,699,122,4,320,100,10,59,2
1,ALBA,"COLEGIUL NAŢIONAL ”TITU MAIORESCU” AIUD",63,"MUNICIPIUL AIUD",1213,1,PROV,PRCNCT,CJ,CJ_SV,"2024-06-10 11:43:57",1424,1395,1,4,24,682,654,0,4,24,670,12,1541,859,292,96,185,36,10,36,15
1,ALBA,"COLEGIUL TEHNIC „ALEXANDRU DOMȘA”",38,"MUNICIPIUL ALBA IULIA",1017,1,PROV,PRCNCT,CJ,CJ_SV,"2024-06-10 10:19:19",1848,1835,7,6,0,903,897,0,6,0,881,22,2100,1197,195,12,381,133,29,112,19
1,ALBA,"COLEGIUL TEHNIC „ALEXANDRU DOMȘA”",40,"MUNICIPIUL ALBA IULIA",1017,1,PROV,PRCNCT,CJ,CJ_SV,"2024-06-10 09:14:22",1335,1321,3,11,0,522,511,0,11,0,505,17,1500,978,95,7,184,107,31,71,10
1,ALBA,"COLEGIUL TEHNIC „ALEXANDRU DOMȘA”",39,"MUNICIPIUL ALBA IULIA",1017,1,PROV,PRCNCT,CJ,CJ_SV,"2024-06-10 04:01:04",1510,1502,0,8,0,577,569,0,8,0,553,24,1600,1023,134,14,189,105,23,79,9
1,ALBA,"COLEGIUL TEHNIC „APULUM”",13,"MUNICIPIUL ALBA IULIA",1017,1,PROV,PRCNCT,CJ,CJ_SV,"2024-06-10 06:14:33",965,950,0,15,0,372,357,0,15,0,367,5,1000,628,94,8,160,47,14,41,3
1,ALBA,"COLEGIUL TEHNIC „APULUM”",12,"MUNICIPIUL ALBA IULIA",1017,1,PROV,PRCNCT,CJ,CJ_SV,"2024-06-10 04:44:53",1115,1101,1,13,0,401,388,0,13,0,393,8,1300,899,110,8,127,64,20,57,7
1,ALBA,"COLEGIUL TEHNIC „APULUM”",14,"MUNICIPIUL ALBA IULIA",1017,1,PROV,PRCNCT,CJ,CJ_SV,"2024-06-10 07:59:53",1080,1066,4,10,0,397,387,0,10,0,384,13,1200,803,90,7,145,64,8,61,9
1,ALBA,"COLEGIUL TEHNIC „DORIN PAVEL”",36,"MUNICIPIUL ALBA IULIA",1017,1,PROV,PRCNCT,CJ,CJ_SV,"2024-06-10 04:18:44",857,831,4,22,0,364,342,0,22,0,358,6,900,536,78,7,157,50,15,47,4
1,ALBA,"COLEGIUL TEHNIC „DORIN PAVEL” ȘCOALA GENERALĂ NR. 9",35,"MUNICIPIUL ALBA IULIA",1017,1,PROV,PRCNCT,CJ,CJ_SV,"2024-06-10 11:37:46",1474,1445,18,11,0,709,698,0,11,0,682,18,1620,911,183,14,284,75,17,92,17
1,ALBA,"DIRECŢIA SANITAR-VETERINARĂ ŞI PENTRU SIGURANŢA ALIMENTELOR OCNA MUREŞ",158,"ORAŞ OCNA MUREŞ",1794,1,PROV,PRCNCT,CJ,CJ_SV,"2024-06-10 04:18:24",1086,1072,1,8,5,474,461,0,8,5,447,27,1150,676,164,29,195,29,12,18,0
1,ALBA,"FLORIDA GOLD SRL",42,"MUNICIPIUL ALBA IULIA",1017,1,PROV,PRCNCT,CJ,CJ_SV,"2024-06-10 07:27:15",1266,1256,0,10,0,774,764,0,10,0,750,13,1400,637,164,14,336,85,23,110,18
1,ALBA,"FLORIDA GOLD SRL",41,"MUNICIPIUL ALBA IULIA",1017,1,PROV,PRCNCT,CJ,CJ_SV,"2024-06-10 07:41:14",1414,1387,21,6,0,723,716,1,6,0,718,5,1500,777,148,8,344,91,21,91,15
1,ALBA,"FOSTA ŞCOALĂ CU CLASELE I-IV BRĂDEȘTI",354,RÂMEŢ,6627,1,PROV,PRCNCT,CJ,CJ_SV,"2024-06-10 02:10:47",111,84,0,23,4,83,56,0,23,4,82,1,118,35,58,1,17,1,0,5,0
1,ALBA,"FOSTA ŞCOALĂ CU CLASELE I-IV VALEA INZELULUI",355,RÂMEŢ,6627,1,PROV,PRCNCT,CJ,CJ_SV,"2024-06-10 01:34:09",109,69,0,35,5,91,51,0,35,5,86,5,117,26,59,2,22,0,1,1,1
1,ALBA,"FOSTA ŞCOALĂ CU CLASELE I-IV VALEA MĂNĂSTIRII",356,RÂMEŢ,6627,1,PROV,PRCNCT,CJ,CJ_SV,"2024-06-10 02:32:15",149,129,1,8,11,117,97,1,8,11,115,2,145,28,36,0,73,4,0,2,0
1,ALBA,"FOSTA ŞCOALĂ GENERALĂ GÎMBAŞ",68,"MUNICIPIUL AIUD",1213,1,PROV,PRCNCT,CJ,CJ_SV,"2024-06-10 10:50:36",229,216,0,12,1,229,216,0,12,1,221,6,454,227,79,67,46,17,8,0,4
1,ALBA,"FOSTA ŞCOALĂ GENERALĂ GÎRBOVA DE SUS",73,"MUNICIPIUL AIUD",1213,1,PROV,PRCNCT,CJ,CJ_SV,"2024-06-10 01:21:05",203,195,0,8,0,95,87,0,8,0,92,3,220,125,45,2,21,17,1,3,3
1,ALBA,"FOSTA ŞCOALĂ GENERALĂ GÎRBOVIŢA",74,"MUNICIPIUL AIUD",1213,1,PROV,PRCNCT,CJ,CJ_SV,"2024-06-10 00:28:53",104,97,0,7,0,48,41,0,7,0,46,2,110,62,25,1,8,6,1,4,1
1,ALBA,"FOSTUL SEDIU AL PRIMĂRIEI PONOREL",433,VIDRA,8425,1,PROV,PRCNCT,CJ,CJ_SV,"2024-06-10 08:41:47",681,664,0,6,11,518,501,0,6,11,495,23,752,234,322,8,81,46,8,28,2
1,ALBA,"FOSTUL SEDIU C.A.P.",336,OHABA,6164,1,PROV,PRCNCT,CJ,CJ_SV,"2024-06-10 03:04:22",147,123,0,13,11,115,91,0,13,11,106,9,171,56,33,2,53,13,2,1,2
1,ALBA,"FOSTUL SEDIU CAP",360,"ROŞIA DE SECAŞ",6930,1,PROV,PRCNCT,CJ,CJ_SV,"2024-06-10 06:02:31",360,340,0,6,14,235,215,0,6,14,227,8,350,115,90,5,90,14,7,13,8
1,ALBA,"GARA CFR TEIUŞ",169,"ORAŞ TEIUŞ",8096,1,PROV,PRCNCT,CJ,CJ_SV,"2024-06-10 06:32:33",1001,987,2,7,5,550,538,0,7,5,530,20,1088,538,214,5,183,104,9,13,2
1,ALBA,"GRĂDINIȚA COPII RIMETEA",357,RIMETEA,6592,1,PROV,PRCNCT,CJ,CJ_SV,"2024-06-10 04:31:41",446,425,1,9,11,272,252,0,9,11,262,10,500,228,22,193,38,6,0,2,1
1,ALBA,"GRĂDINIŢA CU PROGRAM NORMAL BĂRĂBANŢ",46,"MUNICIPIUL ALBA IULIA",1017,1,PROV,PRCNCT,CJ,CJ_SV,"2024-06-10 04:05:49",1269,1261,3,5,0,619,614,0,5,0,589,30,1400,781,155,13,219,91,30,66,15
1,ALBA,"GRĂDINIŢA CU PROGRAM NORMAL BĂRĂBANŢ",45,"MUNICIPIUL ALBA IULIA",1017,1,PROV,PRCNCT,CJ,CJ_SV,"2024-06-10 06:51:11",1021,1006,7,3,5,443,435,0,3,5,428,15,1100,657,99,6,176,73,27,36,11
1,ALBA,"GRĂDINIȚA CU PROGRAM NORMAL CERGĂU MIC",222,CERGĂU,3805,1,PROV,PRCNCT,CJ,CJ_SV,"2024-06-10 02:02:36",270,250,0,7,13,187,167,0,7,13,169,18,300,113,13,3,111,3,2,22,15
1,ALBA,"GRĂDINIȚA CU PROGRAM NORMAL COȘLARIU",384,SÂNTIMBRU,7384,1,PROV,PRCNCT,CJ,CJ_SV,"2024-06-10 02:37:02",360,347,0,1,12,224,211,0,1,12,219,5,393,169,39,2,124,42,5,4,3
1,ALBA,"GRĂDINIŢA CU PROGRAM NORMAL HERIA",249,FĂRĂU,4302,1,PROV,PRCNCT,CJ,CJ_SV,"2024-06-10 02:17:55",220,206,0,10,4,157,143,0,10,4,151,6,210,53,23,8,112,5,2,1,0
1,ALBA,"GRĂDINIŢA CU PROGRAM NORMAL ”IZVOARELE” BLAJ",89,"MUNICIPIUL BLAJ",1348,1,PROV,PRCNCT,CJ,CJ_SV,"2024-06-10 05:25:32",1285,1278,0,5,2,626,619,0,5,2,593,26,1400,781,111,14,314,35,28,85,6
1,ALBA,"GRĂDINIŢA CU PROGRAM NORMAL MĂGINA",69,"MUNICIPIUL AIUD",1213,1,PROV,PRCNCT,CJ,CJ_SV,"2024-06-10 03:53:18",473,466,0,6,1,233,226,0,6,1,228,5,512,279,91,7,95,22,2,6,5
1,ALBA,"GRĂDINIŢA CU PROGRAM NORMAL MICOŞLACA",164,"ORAŞ OCNA MUREŞ",1794,1,PROV,PRCNCT,CJ,CJ_SV,"2024-06-10 02:25:33",250,237,0,11,2,120,107,0,11,2,117,3,299,179,36,1,59,14,3,2,2
1,ALBA,"GRĂDINIŢA CU PROGRAM NORMAL - MIRĂSLĂU",319,MIRĂSLĂU,5755,1,PROV,PRCNCT,CJ,CJ_SV,"2024-06-10 05:00:36",713,696,0,8,9,416,399,0,8,9,398,18,766,350,131,120,86,22,9,26,4
1,ALBA,"GRĂDINIŢA CU PROGRAM NORMAL NR. 10",34,"MUNICIPIUL ALBA IULIA",1017,1,PROV,PRCNCT,CJ,CJ_SV,"2024-06-10 09:45:18",1474,1461,7,6,0,577,571,0,6,0,548,20,1600,1023,154,10,198,92,34,48,12
1,ALBA,"GRĂDINIȚA CU PROGRAM NORMAL NR. 10",33,"MUNICIPIUL ALBA IULIA",1017,1,PROV,PRCNCT,CJ,CJ_SV,"2024-06-10 06:45:29",1677,1667,1,9,0,698,689,0,9,0,658,25,1800,1102,163,11,242,108,42,65,27
1,ALBA,"GRĂDINIŢA CU PROGRAM NORMAL NR. 3",160,"ORAŞ OCNA MUREŞ",1794,1,PROV,PRCNCT,CJ,CJ_SV,"2024-06-10 12:16:25",1404,1391,2,7,4,704,693,0,7,4,690,14,1500,796,172,46,341,72,19,27,13
1,ALBA,"GRĂDINIŢA CU PROGRAM NORMAL NR. 5",155,"ORAŞ OCNA MUREŞ",1794,1,PROV,PRCNCT,CJ,CJ_SV,"2024-06-10 09:09:17",1304,1297,0,6,1,603,596,0,6,1,581,22,1400,797,162,46,261,57,22,29,4
1,ALBA,"GRĂDINIŢA CU PROGRAM NORMAL NR. 5 PARTOŞ",43,"MUNICIPIUL ALBA IULIA",1017,1,PROV,PRCNCT,CJ,CJ_SV,"2024-06-10 03:31:27",831,824,1,5,1,406,400,0,5,1,390,16,991,585,81,4,176,68,9,45,7
1,ALBA,"GRĂDINIŢA CU PROGRAM NORMAL OARDA DE SUS",50,"MUNICIPIUL ALBA IULIA",1017,1,PROV,PRCNCT,CJ,CJ_SV,"2024-06-10 05:14:23",740,728,5,7,0,348,341,0,7,0,338,10,900,552,72,4,151,66,13,27,5
1,ALBA,"GRĂDINIȚA CU PROGRAM NORMAL ”PRICHINDELUL”",248,FĂRĂU,4302,1,PROV,PRCNCT,CJ,CJ_SV,"2024-06-10 02:21:04",477,451,0,10,16,312,286,0,10,16,295,17,470,158,22,5,254,8,2,3,1
1,ALBA,"GRĂDINIŢA CU PROGRAM PRELUNGIT ”LUMEA COPIILOR” BLAJ",77,"MUNICIPIUL BLAJ",1348,1,PROV,PRCNCT,CJ,CJ_SV,"2024-06-10 03:43:10",571,561,1,9,0,297,288,0,9,0,284,4,600,312,48,6,164,17,7,39,3
1,ALBA,"GRĂDINIŢA CU PROGRAM PRELUNGIT NR. 11",19,"MUNICIPIUL ALBA IULIA",1017,1,PROV,PRCNCT,CJ,CJ_SV,"2024-06-10 03:29:58",1100,1086,2,12,0,399,386,1,12,0,390,9,1300,901,90,12,152,72,13,42,9
1,ALBA,"GRĂDINIŢA CU PROGRAM PRELUNGIT NR. 13",24,"MUNICIPIUL ALBA IULIA",1017,1,PROV,PRCNCT,CJ,CJ_SV,"2024-06-10 05:55:39",1027,1016,0,11,0,445,434,0,11,0,429,16,1200,755,123,3,183,56,14,44,6
1,ALBA,"GRĂDINIŢA CU PROGRAM PRELUNGIT NR. 13",25,"MUNICIPIUL ALBA IULIA",1017,1,PROV,PRCNCT,CJ,CJ_SV,"2024-06-10 05:23:30",1167,1158,0,9,0,571,562,0,9,0,555,16,1300,729,138,6,236,87,12,67,9
1,ALBA,"GRĂDINIŢA CU PROGRAM PRELUNGIT NR. 16",37,"MUNICIPIUL ALBA IULIA",1017,1,PROV,PRCNCT,CJ,CJ_SV,"2024-06-10 08:43:02",1570,1564,1,5,0,638,632,1,5,0,632,6,1700,1062,144,16,253,92,33,85,9
1,ALBA,"GRĂDINIŢA CU PROGRAM PRELUNGIT NR. 9",15,"MUNICIPIUL ALBA IULIA",1017,1,PROV,PRCNCT,CJ,CJ_SV,"2024-06-10 02:36:40",1263,1250,3,10,0,473,463,0,10,0,456,17,1400,927,95,7,171,92,27,54,10
1,ALBA,"GRĂDINIŢA CU PROGRAM PRELUNGIT ”PITICOT” CUGIR",146,"ORAŞ CUGIR",1696,1,PROV,PRCNCT,CJ,CJ_SV,"2024-06-10 03:55:02",1133,1127,1,5,0,506,501,0,5,0,494,12,1300,794,151,9,205,34,16,72,7
1,ALBA,"GRĂDINIŢA CU PROGRAM PRELUNGIT ”PRIMII PAŞI” AIUD",57,"MUNICIPIUL AIUD",1213,1,PROV,PRCNCT,CJ,CJ_SV,"2024-06-10 10:01:39",1060,1050,4,6,0,540,534,0,6,0,503,35,1150,1,246,58,120,30,9,27,13
1,ALBA,"GRĂDINIŢA CU PROGRAM PRELUNGIT ”PRIMII PAŞI” AIUD",56,"MUNICIPIUL AIUD",1213,1,PROV,PRCNCT,CJ,CJ_SV,"2024-06-10 05:34:54",407,398,0,6,3,398,389,0,6,3,398,0,968,570,139,90,90,39,8,28,4
1,ALBA,"GRĂDINIŢA CU PROGRAM PRELUNGIT STEP BY STEP NR. 12",21,"MUNICIPIUL ALBA IULIA",1017,1,PROV,PRCNCT,CJ,CJ_SV,"2024-06-10 06:23:03",1012,1005,4,3,0,444,440,1,3,0,438,6,1200,756,125,9,194,48,17,40,5
1,ALBA,"GRĂDINIŢA CU PROGRAM PRELUNGIT STEP BY STEP NR. 12",20,"MUNICIPIUL ALBA IULIA",1017,1,PROV,PRCNCT,CJ,CJ_SV,"2024-06-10 06:07:36",997,984,3,10,0,451,440,1,10,0,431,17,1100,652,104,8,172,73,14,53,7
1,ALBA,"GRADINIŢA DE COPII CU PROGRAM NORMAL ICLOD",380,SÂNCEL,7348,1,PROV,PRCNCT,CJ,CJ_SV,"2024-06-10 01:01:42",310,297,0,7,6,137,124,0,7,6,127,10,327,190,61,1,48,11,3,3,0
1,ALBA,"GRUP ȘCOLAR DE TURISM ARIEȘENI",195,ARIEŞENI,2381,1,PROV,PRCNCT,CJ,CJ_SV,"2024-06-10 06:58:32",519,458,2,27,32,518,458,1,27,32,457,9,600,134,169,7,238,29,3,9,2
1,ALBA,"GRUP ȘCOLAR DE TURISM ARIEȘENI",194,ARIEŞENI,2381,1,PROV,PRCNCT,CJ,CJ_SV,"2024-06-10 06:53:15",584,541,0,21,22,477,434,0,21,22,463,14,600,123,146,4,263,34,6,9,1
1,ALBA,"INTERNAT ŞCOLAR - OCOLIŞ",330,OCOLIŞ,6119,1,PROV,PRCNCT,CJ,CJ_SV,"2024-06-10 04:47:36",251,228,1,15,7,197,175,0,15,7,190,7,250,53,20,1,149,6,4,6,4
1,ALBA,"LICEUL ”CORNELIU MEDREA” ZLATNA",175,"ORAŞ ZLATNA",1936,1,PROV,PRCNCT,CJ,CJ_SV,"2024-06-10 07:51:42",1291,1277,3,9,2,641,630,0,9,2,620,21,1446,805,183,9,310,54,33,31,0
1,ALBA,"LICEUL CU PROGRAM SPORTIV",28,"MUNICIPIUL ALBA IULIA",1017,1,PROV,PRCNCT,CJ,CJ_SV,"2024-06-10 06:30:26",1398,1382,5,11,0,636,625,0,11,0,621,15,1600,964,151,13,272,79,13,87,6
1,ALBA,"LICEUL CU PROGRAM SPORTIV",26,"MUNICIPIUL ALBA IULIA",1017,1,PROV,PRCNCT,CJ,CJ_SV,"2024-06-10 05:40:59",1316,1301,2,13,0,584,571,0,13,0,571,13,1400,816,150,9,244,89,12,56,11
1,ALBA,"LICEUL CU PROGRAM SPORTIV",27,"MUNICIPIUL ALBA IULIA",1017,1,PROV,PRCNCT,CJ,CJ_SV,"2024-06-10 09:57:37",1301,1293,0,8,0,601,593,0,8,0,570,23,1404,811,153,11,215,89,17,72,13
1,ALBA,"LICEUL CU PROGRAM SPORTIV",29,"MUNICIPIUL ALBA IULIA",1017,1,PROV,PRCNCT,CJ,CJ_SV,"2024-06-10 04:29:37",968,954,1,13,0,398,385,0,13,0,384,14,1100,702,88,5,167,52,14,50,8
1,ALBA,"LICEUL CU PROGRAM SPORTIV SEBEŞ",98,"MUNICIPIUL SEBEŞ",1874,1,PROV,PRCNCT,CJ,CJ_SV,"2024-06-10 04:21:34",1393,1386,2,3,2,644,639,0,3,2,614,30,1560,916,144,8,303,77,17,57,8
1,ALBA,"LICEUL CU PROGRAM SPORTIV SEBEŞ",100,"MUNICIPIUL SEBEŞ",1874,1,PROV,PRCNCT,CJ,CJ_SV,"2024-06-10 07:11:52",1278,1261,10,7,0,586,579,0,7,0,573,13,1408,822,155,7,251,84,22,45,9
1,ALBA,"LICEUL CU PROGRAM SPORTIV SEBEŞ",99,"MUNICIPIUL SEBEŞ",1874,1,PROV,PRCNCT,CJ,CJ_SV,"2024-06-10 03:29:42",1442,1410,8,16,8,697,672,1,16,8,669,28,1568,871,129,9,331,107,28,52,13
1,ALBA,"LICEUL ”DR. LAZĂR CHIRILĂ”",119,"ORAŞ BAIA DE ARIEŞ",2915,1,PROV,PRCNCT,CJ,CJ_SV,"2024-06-10 04:25:43",590,575,0,7,8,342,327,0,7,8,335,7,630,288,64,6,122,117,4,16,6
1,ALBA,"LICEUL ”HOREA, CLOŞCA ŞI CRIŞAN” ABRUD",116,"ORAŞ ABRUD",1151,1,PROV,PRCNCT,CJ,CJ_SV,"2024-06-10 12:55:21",1023,986,1,32,4,578,542,0,32,4,554,24,1100,522,262,11,182,45,23,22,9
1,ALBA,"LICEUL TEHNOLOGIC AGRICOL ”ALEXANDRU BORZA” CIUMBRUD",71,"MUNICIPIUL AIUD",1213,1,PROV,PRCNCT,CJ,CJ_SV,"2024-06-10 03:22:22",1055,1049,0,3,3,545,539,0,3,3,532,13,1200,655,237,130,108,33,17,6,1
1,ALBA,"LICEUL TEHNOLOGIC AIUD",65,"MUNICIPIUL AIUD",1213,1,PROV,PRCNCT,CJ,CJ_SV,"2024-06-10 08:43:04",637,628,0,7,2,292,283,0,7,2,279,4,700,417,103,42,80,19,4,27,4
1,ALBA,"LICEUL TEHNOLOGIC AIUD",64,"MUNICIPIUL AIUD",1213,1,PROV,PRCNCT,CJ,CJ_SV,"2024-06-10 03:48:36",720,712,0,7,1,322,314,0,7,1,320,2,800,478,121,53,94,18,11,19,4
1,ALBA,"LICEUL TEHNOLOGIC „ION D.LĂZĂRESCU” CUGIR",144,"ORAŞ CUGIR",1696,1,PROV,PRCNCT,CJ,CJ_SV,"2024-06-10 02:03:59",979,970,2,5,2,369,361,1,5,2,350,19,1100,731,120,7,103,48,14,57,1
1,ALBA,"LICEUL TEHNOLOGIC SEBEŞ",97,"MUNICIPIUL SEBEŞ",1874,1,PROV,PRCNCT,CJ,CJ_SV,"2024-06-10 06:59:54",1035,1021,2,12,0,470,458,0,12,0,462,8,1140,670,90,2,228,91,21,28,2
1,ALBA,"LICEUL TEHNOLOGIC SEBEŞ",96,"MUNICIPIUL SEBEŞ",1874,1,PROV,PRCNCT,CJ,CJ_SV,"2024-06-10 06:37:03",1072,1058,5,8,1,547,538,0,8,1,516,31,1166,619,141,3,178,115,19,53,7
1,ALBA,"LICEUL TEHNOLOGIC SEBEŞ",94,"MUNICIPIUL SEBEŞ",1874,1,PROV,PRCNCT,CJ,CJ_SV,"2024-06-10 04:53:09",1495,1477,1,14,3,692,675,0,14,3,620,70,1636,944,43,16,461,89,8,2,1
1,ALBA,"LICEUL TEHNOLOGIC SEBEŞ",95,"MUNICIPIUL SEBEŞ",1874,1,PROV,PRCNCT,CJ,CJ_SV,"2024-06-10 09:14:30",1626,1606,7,10,3,818,805,0,10,3,804,14,1780,962,161,12,405,130,21,65,10
1,ALBA,"LICEUL TEHNOLOGIC ”ŞTEFAN MANCIULEA” BLAJ",82,"MUNICIPIUL BLAJ",1348,1,PROV,PRCNCT,CJ,CJ_SV,"2024-06-10 04:37:40",637,611,7,6,13,306,287,0,6,13,295,11,700,394,54,4,158,17,16,43,3
1,ALBA,"LICEUL TEHNOLOGIC ”TIMOTEI CIPARIU”",85,"MUNICIPIUL BLAJ",1348,1,PROV,PRCNCT,CJ,CJ_SV,"2024-06-10 06:39:36",1390,1383,2,1,4,783,777,1,1,4,764,19,1500,717,106,20,440,58,15,121,4
1,ALBA,"LICEUL TEORETIC ”PETRU MAIOR”",159,"ORAŞ OCNA MUREŞ",1794,1,PROV,PRCNCT,CJ,CJ_SV,"2024-06-10 04:34:50",1280,1264,0,8,8,581,565,0,8,8,552,29,1400,819,177,39,239,55,23,15,4
1,ALBA,"LICEUL TEORETIC TEIUŞ",168,"ORAŞ TEIUŞ",8096,1,PROV,PRCNCT,CJ,CJ_SV,"2024-06-10 06:58:35",1395,1380,2,6,7,807,794,0,6,7,774,33,1528,721,305,29,239,144,21,28,8
1,ALBA,"LOCUINȚE SOCIALE - CĂRPINIȘ",364,"ROŞIA MONTANĂ",6761,1,PROV,PRCNCT,CJ,CJ_SV,"2024-06-10 08:30:11",659,655,1,0,3,440,437,0,0,3,417,23,730,290,131,5,136,102,14,25,4
1,ALBA,"PIAŢA AGROALIMENTARĂ",76,"MUNICIPIUL BLAJ",1348,1,PROV,PRCNCT,CJ,CJ_SV,"2024-06-10 03:52:48",951,951,0,0,0,459,459,0,0,0,448,11,1146,687,70,12,256,38,21,49,2
1,ALBA,"PRIMĂRIA CENADE",220,CENADE,3761,1,PROV,PRCNCT,CJ,CJ_SV,"2024-06-10 03:37:52",812,769,3,7,33,461,421,0,7,33,430,31,899,438,34,4,336,11,32,10,3
1,ALBA,"PRIMĂRIA COMUNEI ALMAȘU MARE",189,"ALMAŞU MARE",2309,1,PROV,PRCNCT,CJ,CJ_SV,"2024-06-10 06:39:43",325,305,0,12,8,261,241,0,12,8,252,9,337,76,87,3,80,46,5,29,2
1,ALBA,"PRIMARIA COMUNEI BLANDIANA",209,BLANDIANA,3397,1,PROV,PRCNCT,CJ,CJ_SV,"2024-06-10 03:00:37",444,405,1,9,29,324,286,0,9,29,317,7,463,139,141,12,133,16,5,9,1
1,ALBA,"PRIMĂRIA COMUNEI CÎLNIC",218,CÂLNIC,4106,1,PROV,PRCNCT,CJ,CJ_SV,"2024-06-10 09:33:25",1231,1186,2,24,19,788,745,0,24,19,750,38,1225,437,116,7,572,33,9,8,5
1,ALBA,"PRIMĂRIA COMUNEI CIURULEASA",236,CIURULEASA,4008,1,PROV,PRCNCT,CJ,CJ_SV,"2024-06-10 10:18:15",599,555,0,23,21,453,409,0,23,21,421,32,611,158,282,11,38,61,12,16,1
1,ALBA,"PRIMĂRIA COMUNEI CRĂCIUNELU DE JOS",238,"CRĂCIUNELU DE JOS",4188,1,PROV,PRCNCT,CJ,CJ_SV,"2024-06-10 06:24:10",863,836,1,12,14,592,566,0,12,14,564,28,965,373,94,15,234,46,11,159,5
1,ALBA,"PRIMĂRIA COMUNEI GÂRBOVA",260,GÂRBOVA,4482,1,PROV,PRCNCT,CJ,CJ_SV,"2024-06-10 06:46:47",1282,1206,2,22,52,853,781,0,22,50,789,64,1370,517,301,33,384,36,16,17,2
1,ALBA,"PRIMĂRIA COMUNEI IGHIU",277,IGHIU,4927,1,PROV,PRCNCT,CJ,CJ_SV,"2024-06-10 07:45:19",1243,1228,1,11,3,771,757,0,11,3,747,20,1369,602,213,19,366,59,22,67,1
1,ALBA,"PRIMĂRIA COMUNEI NOȘLAC",327,NOŞLAC,6048,1,PROV,PRCNCT,CJ,CJ_SV,"2024-06-10 06:20:10",976,960,1,9,6,544,529,0,9,6,521,23,1040,496,138,53,246,40,12,31,1
1,ALBA,"PRIMĂRIA COMUNEI POIANA VADULUI",342,"POIANA VADULUI",6271,1,PROV,PRCNCT,CJ,CJ_SV,"2024-06-10 07:20:50",870,817,0,30,23,652,599,0,30,23,616,36,900,248,219,7,240,99,26,25,0
1,ALBA,"PRIMARIA COMUNEI PONOR",343,PONOR,6397,1,PROV,PRCNCT,CJ,CJ_SV,"2024-06-10 05:34:48",377,334,0,34,9,286,243,0,34,9,268,18,365,78,40,5,136,76,9,2,0
1,ALBA,"PRIMĂRIA COMUNEI RÎMEŢ",353,RÂMEŢ,6627,1,PROV,PRCNCT,CJ,CJ_SV,"2024-06-10 06:59:52",214,166,1,43,4,180,132,1,43,4,170,10,220,40,65,1,77,18,5,3,1
1,ALBA,"PRIMARIA COMUNEI ROȘIA MONTANĂ",362,"ROŞIA MONTANĂ",6761,1,PROV,PRCNCT,CJ,CJ_SV,"2024-06-10 06:32:31",616,598,0,14,4,430,412,0,14,4,412,18,672,242,108,5,147,100,7,39,6
1,ALBA,"PRIMĂRIA COMUNEI SÂNTIMBRU",382,SÂNTIMBRU,7384,1,PROV,PRCNCT,CJ,CJ_SV,"2024-06-10 06:20:30",742,728,0,3,11,435,421,0,3,11,426,7,792,359,90,2,237,57,24,15,1
1,ALBA,"PRIMĂRIA COMUNEI ŞUGAG",414,ŞUGAG,8014,1,PROV,PRCNCT,CJ,CJ_SV,"2024-06-10 11:10:12",1390,1372,4,9,5,922,908,0,9,5,883,39,1526,604,198,10,454,90,26,104,1
1,ALBA,"PRIMĂRIA COMUNEI VIDRA",431,VIDRA,8425,1,PROV,PRCNCT,CJ,CJ_SV,"2024-06-10 03:15:43",311,298,0,10,3,218,205,0,10,3,207,11,332,114,104,2,52,29,0,18,2
1,ALBA,"PRIMĂRIA DAIA ROMÂNĂ",244,"DAIA ROMÂNĂ",4240,1,PROV,PRCNCT,CJ,CJ_SV,"2024-06-10 04:21:06",1274,1258,0,8,8,798,782,0,8,8,756,42,1393,595,110,14,514,62,16,37,3
1,ALBA,"PRIMĂRIA DAIA ROMÂNĂ",245,"DAIA ROMÂNĂ",4240,1,PROV,PRCNCT,CJ,CJ_SV,"2024-06-10 03:29:57",1301,1282,0,3,16,761,742,0,3,16,708,53,1400,639,121,2,493,46,9,34,3
1,ALBA,"PRIMĂRIA LOPADEA NOUĂ",296,"LOPADEA NOUĂ",5210,1,PROV,PRCNCT,CJ,CJ_SV,"2024-06-10 04:46:25",842,813,1,6,22,658,629,1,6,22,621,37,896,238,44,471,101,1,3,1,0
1,ALBA,"PRIMĂRIA ORAŞULUI CÂMPENI",124,"ORAŞ CÂMPENI",1455,1,PROV,PRCNCT,CJ,CJ_SV,"2024-06-10 05:23:40",1220,1210,1,7,2,732,723,0,7,2,695,37,1332,600,209,9,300,67,60,42,8
1,ALBA,"PRIMĂRIA ROŞIA DE SECAŞ",359,"ROŞIA DE SECAŞ",6930,1,PROV,PRCNCT,CJ,CJ_SV,"2024-06-10 05:47:04",616,568,3,23,22,409,363,1,23,22,393,16,650,238,145,6,118,81,4,4,35
1,ALBA,"PRIMĂRIA VALEA LUNGĂ",426,"VALEA LUNGĂ",8354,1,PROV,PRCNCT,CJ,CJ_SV,"2024-06-10 10:12:39",1629,1570,1,21,37,987,929,0,21,37,926,61,1703,716,146,33,292,422,18,11,4
1,ALBA,"REFUGIU TURISTIC VALEA BARNII",326,MOGOŞ,5826,1,PROV,PRCNCT,CJ,CJ_SV,"2024-06-10 03:18:20",127,112,0,11,4,82,67,0,11,4,75,7,125,43,34,1,34,3,2,1,0
1,ALBA,"SALA DE FESTIVITĂŢI DIN SÎNCRAI",75,"MUNICIPIUL AIUD",1213,1,PROV,PRCNCT,CJ,CJ_SV,"2024-06-10 05:01:01",556,550,0,2,4,291,285,0,2,4,283,8,605,314,128,60,52,18,12,11,2
1,ALBA,"SALA DE FESTIVITĂŢI MESENTEA",257,"GALDA DE JOS",4366,1,PROV,PRCNCT,CJ,CJ_SV,"2024-06-10 02:47:57",237,221,0,14,2,147,131,0,14,2,146,1,250,103,27,1,81,16,6,13,2
1,ALBA,"SALA DE ÎNTRUNIRI",242,CRICĂU,4142,1,PROV,PRCNCT,CJ,CJ_SV,"2024-06-10 08:53:53",334,305,2,6,21,230,203,0,6,21,223,6,342,113,34,4,165,13,1,5,1
1,ALBA,"SALA MULTIFUNCȚIONALĂ BIIA",407,ŞONA,7865,1,PROV,PRCNCT,CJ,CJ_SV,"2024-06-10 06:34:36",967,907,0,12,48,669,609,0,12,48,629,28,1050,393,87,45,426,33,17,15,6
1,ALBA,"SALA PAROHIALĂ SIBIŞENI",436,"VINŢU DE JOS",8826,1,PROV,PRCNCT,CJ,CJ_SV,"2024-06-10 04:33:39",599,590,0,8,1,312,303,0,8,1,298,14,619,307,84,6,113,61,14,18,2
1,ALBA,"SC HIDROCONSTRUCȚIA SA SEBEȘ PUNCT DE LUCRU SAT LAZURI",395,SOHODOL,7446,1,PROV,PRCNCT,CJ,CJ_SV,"2024-06-10 00:49:38",188,183,0,5,0,121,116,0,5,0,115,6,201,80,37,1,51,15,5,6,0
1,ALBA,"ȘCOALA CU CLASELE I-IV - CORNA",365,"ROŞIA MONTANĂ",6761,1,PROV,PRCNCT,CJ,CJ_SV,"2024-06-10 02:27:29",111,105,0,6,0,83,77,0,6,0,81,2,120,37,26,0,30,13,5,6,1
1,ALBA,"ȘCOALA CU CLASELE I-IV DEALU GEOAGIULUI",284,ÎNTREGALDE,4981,1,PROV,PRCNCT,CJ,CJ_SV,"2024-06-10 02:22:39",90,83,0,4,3,61,54,0,4,3,59,2,86,25,15,1,34,8,1,0,0
1,ALBA,"ȘCOALA CU CLASELE I-IV GHIONCANI",285,ÎNTREGALDE,4981,1,PROV,PRCNCT,CJ,CJ_SV,"2024-06-10 01:46:27",53,48,0,4,1,40,35,0,4,1,38,2,50,10,7,1,27,0,1,2,0
1,ALBA,"ŞCOALA CU CLASELE I-IV - GURA ROȘIEI",363,"ROŞIA MONTANĂ",6761,1,PROV,PRCNCT,CJ,CJ_SV,"2024-06-10 05:27:46",622,614,0,4,4,479,471,0,4,4,409,70,690,211,82,7,113,172,12,21,2
1,ALBA,"ȘCOALA CU CLASELE I-IV - LUNCA",346,POŞAGA,6468,1,PROV,PRCNCT,CJ,CJ_SV,"2024-06-10 02:56:07",124,93,0,27,4,100,69,0,27,4,93,7,110,10,31,4,37,5,6,10,0
1,ALBA,"ȘCOALA CU CLASELE I-IV - ORĂȘTI",347,POŞAGA,6468,1,PROV,PRCNCT,CJ,CJ_SV,"2024-06-10 02:03:30",103,88,0,12,3,84,69,0,12,3,82,2,97,13,30,2,35,8,0,5,2
1,ALBA,"ŞCOALA CU CLASELE I-IV RĂCĂTĂU",211,BLANDIANA,3397,1,PROV,PRCNCT,CJ,CJ_SV,"2024-06-10 00:57:03",35,28,0,5,2,35,28,0,5,2,28,3,37,6,5,0,22,0,0,1,0
1,ALBA,"ŞCOALA CU CLASELE I-IV, SAT BUTEŞTI",325,MOGOŞ,5826,1,PROV,PRCNCT,CJ,CJ_SV,"2024-06-10 00:10:39",46,40,0,5,1,34,28,0,5,1,31,3,45,11,10,0,11,8,1,1,0
1,ALBA,"ŞCOALA CU CLASELE I-IV - VÎRTOP",366,"ROŞIA MONTANĂ",6761,1,PROV,PRCNCT,CJ,CJ_SV,"2024-06-10 02:34:36",179,169,0,10,0,142,132,0,10,0,138,4,190,48,41,3,48,25,6,15,0
1,ALBA,"ŞCOALA GENERALĂ CISTEIU DE MUREŞ",163,"ORAŞ OCNA MUREŞ",1794,1,PROV,PRCNCT,CJ,CJ_SV,"2024-06-10 03:27:55",553,547,0,6,0,224,218,0,6,0,213,11,600,376,56,15,80,45,8,9,0
1,ALBA,"SCOALA GENERALA CRĂCIUNELU DE SUS",227,"CETATEA DE BALTĂ",3958,1,PROV,PRCNCT,CJ,CJ_SV,"2024-06-10 02:44:30",58,45,0,9,4,46,33,0,9,4,44,2,54,8,3,2,37,1,0,0,1
1,ALBA,"ŞCOALA GENERALĂ CU CLASELE I-VIII",117,"ORAŞ BAIA DE ARIEŞ",2915,1,PROV,PRCNCT,CJ,CJ_SV,"2024-06-10 07:47:57",903,850,1,24,28,532,480,0,24,28,500,32,970,438,106,10,132,209,19,11,13
1,ALBA,"ŞCOALA GENERALĂ CU CLASELE I-VIII",118,"ORAŞ BAIA DE ARIEŞ",2915,1,PROV,PRCNCT,CJ,CJ_SV,"2024-06-10 05:35:28",378,368,0,5,5,378,368,0,5,5,367,11,853,475,73,2,67,179,12,21,13
1,ALBA,"ŞCOALA GENERALĂ CUNŢA",411,ŞPRING,7945,1,PROV,PRCNCT,CJ,CJ_SV,"2024-06-10 03:40:40",481,467,1,5,8,322,309,0,5,8,309,13,510,188,100,10,147,12,5,35,0
1,ALBA,"SCOALA GENERALA SÎNTĂMĂRIE",228,"CETATEA DE BALTĂ",3958,1,PROV,PRCNCT,CJ,CJ_SV,"2024-06-10 02:34:55",240,227,0,7,6,129,116,0,7,6,119,10,260,131,4,42,51,12,7,3,0
1,ALBA,"ŞCOALA GIMNAZIALĂ AMPOIŢA",310,METEŞ,5577,1,PROV,PRCNCT,CJ,CJ_SV,"2024-06-10 04:09:56",608,589,1,9,9,396,377,1,9,9,385,11,680,284,63,4,273,25,7,10,3
1,ALBA,"ŞCOALA GIMNAZIALĂ ”ARON COTRUŞ” CERGĂU MARE",221,CERGĂU,3805,1,PROV,PRCNCT,CJ,CJ_SV,"2024-06-10 05:08:26",787,759,2,2,24,589,563,0,2,24,557,32,870,281,105,7,325,15,21,77,7
1,ALBA,"ŞCOALA GIMNAZIALĂ ”AUGUSTIN BENA” PIANU DE JOS",338,PIANU,6217,1,PROV,PRCNCT,CJ,CJ_SV,"2024-06-10 05:01:46",1127,1089,3,5,30,649,614,0,5,30,622,27,1227,578,140,3,325,97,20,36,1
1,ALBA,"ŞCOALA GIMNAZIALĂ „AVRAM IANCU”",4,"MUNICIPIUL ALBA IULIA",1017,1,PROV,PRCNCT,CJ,CJ_SV,"2024-06-10 06:08:47",1247,1240,0,6,1,636,629,0,6,1,611,24,1400,765,143,15,284,75,20,67,7
1,ALBA,"ŞCOALA GIMNAZIALĂ „AVRAM IANCU”",5,"MUNICIPIUL ALBA IULIA",1017,1,PROV,PRCNCT,CJ,CJ_SV,"2024-06-10 06:18:36",959,945,5,9,0,469,460,0,9,0,451,18,1100,631,101,4,192,71,19,59,5
1,ALBA,"ŞCOALA GIMNAZIALĂ ”AVRAM IANCU” ABRUD",113,"ORAŞ ABRUD",1151,1,PROV,PRCNCT,CJ,CJ_SV,"2024-06-10 07:17:03",1112,1080,0,26,6,710,678,0,26,6,681,29,1225,515,354,9,196,64,28,23,7
1,ALBA,"ŞCOALA GIMNAZIALĂ ”AVRAM IANCU” GRADINIȚA CU PROGRAM NORMAL NR. 1 ABRUD",114,"ORAŞ ABRUD",1151,1,PROV,PRCNCT,CJ,CJ_SV,"2024-06-10 08:39:54",1073,1037,1,22,13,671,636,0,22,13,662,9,1225,554,332,25,199,58,15,28,5
1,ALBA,"ȘCOALA GIMNAZIALĂ ”AVRAM IANCU” GRĂDINIŢA CU PROGRAM PRELUNGIT NR.1 ABRUD",115,"ORAŞ ABRUD",1151,1,PROV,PRCNCT,CJ,CJ_SV,"2024-06-10 03:48:09",1260,1236,0,21,3,644,620,0,21,3,627,17,1450,806,335,9,181,52,27,23,0
1,ALBA,"ŞCOALA GIMNAZIALĂ ”AVRAM IANCU” UNIREA",418,UNIREA,8158,1,PROV,PRCNCT,CJ,CJ_SV,"2024-06-10 04:58:50",780,760,0,3,17,377,357,0,3,17,367,10,875,498,45,112,120,44,7,38,1
1,ALBA,"ŞCOALA GIMNAZIALĂ ”AVRAM IANCU” UNIREA",417,UNIREA,8158,1,PROV,PRCNCT,CJ,CJ_SV,"2024-06-10 05:01:15",897,855,1,6,35,394,353,0,6,35,366,28,1010,616,51,65,186,37,8,17,2
1,ALBA,"ŞCOALA GIMNAZIALĂ „ AVRAM IANCU” ZLATNA",173,"ORAŞ ZLATNA",1936,1,PROV,PRCNCT,CJ,CJ_SV,"2024-06-10 07:22:08",1171,1154,1,11,5,618,602,0,11,5,595,23,1279,661,163,8,313,53,22,32,4
1,ALBA,"ŞCOALA GIMNAZIALĂ „ AVRAM IANCU” ZLATNA",174,"ORAŞ ZLATNA",1936,1,PROV,PRCNCT,CJ,CJ_SV,"2024-06-10 07:20:52",968,957,0,5,6,539,528,0,5,6,523,16,1066,527,160,7,268,37,13,38,0
1,ALBA,"ŞCOALA GIMNAZIALĂ ”AXENTE SEVER” AIUD",60,"MUNICIPIUL AIUD",1213,1,PROV,PRCNCT,CJ,CJ_SV,"2024-06-10 05:27:58",1110,1106,0,3,1,504,500,0,3,1,491,13,1220,716,243,65,92,39,14,32,6
1,ALBA,"ŞCOALA GIMNAZIALĂ ”AXENTE SEVER” AIUD",61,"MUNICIPIUL AIUD",1213,1,PROV,PRCNCT,CJ,CJ_SV,"2024-06-10 09:51:01",1087,1073,0,10,4,495,481,0,10,4,480,15,1200,702,233,50,122,37,11,19,8
1,ALBA,"ŞCOALA GIMNAZIALĂ ”AXENTE SEVER” AIUD",59,"MUNICIPIUL AIUD",1213,1,PROV,PRCNCT,CJ,CJ_SV,"2024-06-10 06:12:44",1121,1106,1,13,1,492,478,0,13,1,481,11,1220,717,205,78,98,56,14,24,6
1,ALBA,"ȘCOALA GIMNAZIALĂ ”AXENTE SEVER” AIUD",58,"MUNICIPIUL AIUD",1213,1,PROV,PRCNCT,CJ,CJ_SV,"2024-06-10 08:15:11",1193,1182,1,9,1,549,539,0,9,1,528,21,1320,771,237,46,136,58,14,32,5
1,ALBA,"ȘCOALA GIMNAZIALĂ „AXENTE SEVER” AIUD",62,"MUNICIPIUL AIUD",1213,1,PROV,PRCNCT,CJ,CJ_SV,"2024-06-10 06:16:04",1195,1191,1,3,0,568,565,0,3,0,548,18,1320,754,287,52,133,33,8,31,4
1,ALBA,"ŞCOALA GIMNAZIALĂ ”AXENTE SEVER” MĂNĂRADE",92,"MUNICIPIUL BLAJ",1348,1,PROV,PRCNCT,CJ,CJ_SV,"2024-06-10 03:46:27",905,887,3,7,8,429,413,1,7,8,411,18,900,471,49,7,283,19,17,30,6
1,ALBA,"ŞCOALA GIMNAZIALĂ BENIC",254,"GALDA DE JOS",4366,1,PROV,PRCNCT,CJ,CJ_SV,"2024-06-10 04:45:01",443,407,2,14,20,329,295,0,14,20,314,15,500,171,50,4,132,53,7,62,6
1,ALBA,"ŞCOALA GIMNAZIALĂ CÂMPENI",125,"ORAŞ CÂMPENI",1455,1,PROV,PRCNCT,CJ,CJ_SV,"2024-06-10 04:15:15",820,806,0,13,1,509,495,0,13,1,494,15,888,379,134,20,205,61,40,28,6
1,ALBA,"ȘCOALA GIMNAZIALĂ CÂMPENI",126,"ORAŞ CÂMPENI",1455,1,PROV,PRCNCT,CJ,CJ_SV,"2024-06-10 05:49:38",773,766,0,4,3,452,445,0,4,3,441,11,844,392,156,6,174,62,18,23,2
1,ALBA,"ŞCOALĂ GIMNAZIALĂ CIUGUD",230,CIUGUD,1071,1,PROV,PRCNCT,CJ,CJ_SV,"2024-06-10 03:16:43",602,573,5,9,15,444,420,0,9,15,395,25,630,210,87,3,209,47,8,35,6
1,ALBA,"ŞCOALA GIMNAZIALĂ - CRĂCIUNELU DE JOS",239,"CRĂCIUNELU DE JOS",4188,1,PROV,PRCNCT,CJ,CJ_SV,"2024-06-10 04:05:08",915,903,0,3,9,613,601,0,3,9,579,34,1044,431,69,7,308,33,16,141,5
1,ALBA,"ȘCOALA GIMNAZIALĂ ”DAVID PRODAN” SĂLIȘTEA",369,SĂLIŞTEA,7044,1,PROV,PRCNCT,CJ,CJ_SV,"2024-06-10 07:20:13",1128,1064,3,30,31,853,789,3,30,31,821,32,1110,257,400,9,346,38,13,12,3
1,ALBA,"ȘCOALA GIMNAZIALĂ ”DEMETRIU RADU” RĂDEȘTI",350,RĂDEŞTI,6547,1,PROV,PRCNCT,CJ,CJ_SV,"2024-06-10 02:22:56",569,527,1,24,17,418,376,1,24,17,402,16,624,206,96,21,255,15,6,7,2
1,ALBA,"ŞCOALA GIMNAZIALĂ ”EMIL RACOVIŢĂ” GÎRDA DE SUS",263,"GÂRDA DE SUS",4525,1,PROV,PRCNCT,CJ,CJ_SV,"2024-06-10 05:49:44",751,739,0,5,7,527,515,0,5,7,496,31,787,260,243,9,136,85,6,15,2
1,ALBA,"ŞCOALA GIMNAZIALĂ ”GHEORGHE MAIER” UNIREA",419,UNIREA,8158,1,PROV,PRCNCT,CJ,CJ_SV,"2024-06-10 03:41:51",1174,1141,0,10,23,580,547,0,10,23,546,34,1300,720,80,11,351,64,13,23,4
1,ALBA,"ŞCOALA GIMNAZIALĂ GHEŢARI",265,"GÂRDA DE SUS",4525,1,PROV,PRCNCT,CJ,CJ_SV,"2024-06-10 03:44:07",389,377,0,5,7,310,298,0,5,7,291,19,400,90,127,9,102,45,2,5,1
1,ALBA,"ŞCOALA GIMNAZIALĂ GÎRDE I - COMUNA BISTRA",208,BISTRA,3039,1,PROV,PRCNCT,CJ,CJ_SV,"2024-06-10 06:52:58",577,566,0,5,6,381,370,0,5,6,365,16,628,247,169,2,138,32,16,6,2
1,ALBA,"ȘCOALA GIMNAZIALĂ HOREA",271,HOREA,4767,1,PROV,PRCNCT,CJ,CJ_SV,"2024-06-10 03:35:19",593,586,0,1,6,389,382,0,1,6,362,27,626,237,108,6,116,110,14,5,3
1,ALBA,"ȘCOALA GIMNAZIALĂ IGHIEL",279,IGHIU,4927,1,PROV,PRCNCT,CJ,CJ_SV,"2024-06-10 06:50:05",849,833,0,9,7,478,462,0,9,7,461,16,930,438,150,4,222,48,9,26,2
1,ALBA,"ȘCOALA GIMNAZIALĂ ÎNTREGALDE",283,ÎNTREGALDE,4981,1,PROV,PRCNCT,CJ,CJ_SV,"2024-06-10 03:46:55",227,214,0,3,10,146,133,0,3,10,142,4,214,68,28,2,99,7,1,5,0
1,ALBA,"ŞCOALA GIMNAZIALĂ IOAN MAIORESCU BUCERDEA GRANOASĂ",213,"BUCERDEA GRÂNOASĂ",9026,1,PROV,PRCNCT,CJ,CJ_SV,"2024-06-10 05:19:01",763,749,0,1,13,486,472,0,1,13,448,38,800,314,58,40,128,196,5,21,0
1,ALBA,"ŞCOALA GIMNAZIALĂ ”IOAN MIHU” VINEREA",154,"ORAŞ CUGIR",1696,1,PROV,PRCNCT,CJ,CJ_SV,"2024-06-10 06:14:25",913,905,3,5,0,505,500,0,5,0,487,18,1000,495,133,11,262,38,12,26,5
1,ALBA,"ȘCOALA GIMNAZIALĂ IOAN MIHU - VINEREA",153,"ORAŞ CUGIR",1696,1,PROV,PRCNCT,CJ,CJ_SV,"2024-06-10 03:43:50",1055,1054,0,0,1,544,543,0,0,1,522,22,1200,656,129,3,293,41,14,36,6
1,ALBA,"ŞCOALA GIMNAZIALĂ „ION AGÂRBICEANU”",18,"MUNICIPIUL ALBA IULIA",1017,1,PROV,PRCNCT,CJ,CJ_SV,"2024-06-10 03:59:39",810,801,1,7,1,366,358,0,7,1,352,14,902,536,85,14,145,54,11,34,9
1,ALBA,"ŞCOALA GIMNAZIALĂ „ION AGÂRBICEANU”",17,"MUNICIPIUL ALBA IULIA",1017,1,PROV,PRCNCT,CJ,CJ_SV,"2024-06-10 05:51:29",840,827,3,10,0,359,349,0,10,0,347,12,900,541,89,13,131,53,14,39,8
1,ALBA,"ŞCOALA GIMNAZIALĂ ”ION BREAZU” MIHALŢ",316,MIHALŢ,5700,1,PROV,PRCNCT,CJ,CJ_SV,"2024-06-10 06:48:40",845,802,1,16,26,525,483,0,16,26,508,17,898,373,96,337,51,3,21,0,0
1,ALBA,"ŞCOALA GIMNAZIALĂ ”ION BREAZU” MIHALŢ",315,MIHALŢ,5700,1,PROV,PRCNCT,CJ,CJ_SV,"2024-06-10 05:24:22",1038,973,0,21,44,703,638,0,21,44,613,25,1102,464,110,12,368,47,25,50,1
1,ALBA,"ŞCOALA GIMNAZIALĂ ”ION MICU MOLDOVAN” BLAJ",88,"MUNICIPIUL BLAJ",1348,1,PROV,PRCNCT,CJ,CJ_SV,"2024-06-10 07:42:02",1582,1569,0,12,1,630,617,0,12,1,536,94,1700,1070,101,21,319,41,27,20,7
1,ALBA,"ŞCOALA GIMNAZIALĂ ”IOSIF PERVAIN” CUGIR",148,"ORAŞ CUGIR",1696,1,PROV,PRCNCT,CJ,CJ_SV,"2024-06-10 04:38:09",1093,1085,2,5,1,537,531,0,5,1,522,15,1200,663,178,13,203,54,9,59,6
1,ALBA,"ŞCOALA GIMNAZIALĂ ”IOSIF PERVAIN” CUGIR",147,"ORAŞ CUGIR",1696,1,PROV,PRCNCT,CJ,CJ_SV,"2024-06-10 04:01:27",999,984,3,11,1,448,436,0,11,1,435,13,1101,653,171,3,172,39,7,42,1
1,ALBA,"ȘCOALA GIMNAZIALĂ IOSIF PERVAIN CUGIR",149,"ORAŞ CUGIR",1696,1,PROV,PRCNCT,CJ,CJ_SV,"2024-06-10 07:38:28",1113,1110,0,3,0,465,462,0,3,0,440,25,1200,735,152,12,159,38,3,73,3
1,ALBA,"ŞCOALA GIMNAZIALĂ ”IULIU MANIU” VINŢU DE JOS",435,"VINŢU DE JOS",8826,1,PROV,PRCNCT,CJ,CJ_SV,"2024-06-10 09:21:59",1355,1343,3,9,0,757,748,0,9,0,700,57,1559,802,238,14,209,137,22,63,17
1,ALBA,"ŞCOALA GIMNAZIALĂ LANCRĂM",108,"MUNICIPIUL SEBEŞ",1874,1,PROV,PRCNCT,CJ,CJ_SV,"2024-06-10 04:32:59",1437,1415,3,10,9,745,726,0,10,9,722,23,1571,826,87,9,454,103,35,31,3
1,ALBA,"ŞCOALA GIMNAZIALĂ LĂZEȘTI",389,SCĂRIŞOARA,7197,1,PROV,PRCNCT,CJ,CJ_SV,"2024-06-10 02:15:52",136,119,0,5,12,136,119,0,5,12,130,6,210,74,23,0,57,42,3,5,0
1,ALBA,"ȘCOALA GIMNAZIALĂ LIVEZILE",292,LIVEZILE,5167,1,PROV,PRCNCT,CJ,CJ_SV,"2024-06-10 02:58:10",572,541,0,3,28,396,365,0,3,28,383,13,580,184,78,7,245,39,10,3,1
1,ALBA,"ŞCOALA GIMNAZIALĂ ”LIVIU REBREANU” AIUDUL DE SUS",66,"MUNICIPIUL AIUD",1213,1,PROV,PRCNCT,CJ,CJ_SV,"2024-06-10 03:22:08",878,872,1,4,1,373,368,0,4,1,363,10,1000,627,145,49,89,50,13,11,6
1,ALBA,"ŞCOALA GIMNAZIALĂ ”LIVIU REBREANU” AIUDUL DE SUS",67,"MUNICIPIUL AIUD",1213,1,PROV,PRCNCT,CJ,CJ_SV,"2024-06-10 04:54:48",1115,1107,0,6,2,445,437,0,6,2,409,28,1220,783,177,81,84,30,13,16,8
1,ALBA,"ȘCOALA GIMNAZIALĂ LOMAN",376,SĂSCIORI,7099,1,PROV,PRCNCT,CJ,CJ_SV,"2024-06-10 03:36:56",694,689,0,4,1,350,345,0,4,1,322,28,732,382,141,4,139,17,10,10,1
1,ALBA,"ȘCOALA GIMNAZIALĂ ”LUCIAN BLAGA”",156,"ORAŞ OCNA MUREŞ",1794,1,PROV,PRCNCT,CJ,CJ_SV,"2024-06-10 07:33:54",1103,1092,1,7,3,538,528,0,7,3,516,22,1200,662,180,29,235,30,9,28,5
1,ALBA,"ŞCOALA GIMNAZIALĂ METEŞ",309,METEŞ,5577,1,PROV,PRCNCT,CJ,CJ_SV,"2024-06-10 03:19:06",478,461,0,13,4,268,251,0,13,4,251,17,510,242,59,1,139,35,6,9,2
1,ALBA,"ŞCOALA GIMNAZIALĂ MICEŞTI",48,"MUNICIPIUL ALBA IULIA",1017,1,PROV,PRCNCT,CJ,CJ_SV,"2024-06-10 05:59:23",1472,1459,1,11,1,778,766,0,11,1,762,15,1600,823,157,12,362,97,20,97,17
1,ALBA,"ŞCOALA GIMNAZIALĂ MICEŞTI - SALA DE SPORT",47,"MUNICIPIUL ALBA IULIA",1017,1,PROV,PRCNCT,CJ,CJ_SV,"2024-06-10 04:11:33",1220,1207,7,6,0,648,642,0,6,0,628,20,1400,752,127,6,309,75,13,91,7
1,ALBA,"ŞCOALA GIMNAZIALĂ „MIHAI EMINESCU”",22,"MUNICIPIUL ALBA IULIA",1017,1,PROV,PRCNCT,CJ,CJ_SV,"2024-06-10 05:37:07",1171,1153,5,13,0,529,516,0,13,0,507,22,1198,669,122,10,198,89,24,53,11
1,ALBA,"ŞCOALA GIMNAZIALĂ „MIHAI EMINESCU”",23,"MUNICIPIUL ALBA IULIA",1017,1,PROV,PRCNCT,CJ,CJ_SV,"2024-06-10 11:00:26",1645,1632,9,4,0,737,733,0,4,0,718,19,1800,1062,168,14,319,99,21,82,15
1,ALBA,"ŞCOALA GIMNAZIALĂ ”MIHAIL KOGĂLNICEANU” SEBEŞ",106,"MUNICIPIUL SEBEŞ",1874,1,PROV,PRCNCT,CJ,CJ_SV,"2024-06-10 03:51:15",1076,1071,1,4,0,420,416,0,4,0,405,15,1180,760,86,7,139,134,17,18,4
1,ALBA,"ŞCOALA GIMNAZIALĂ ”MIHAIL KOGĂLNICEANU” SEBEŞ",104,"MUNICIPIUL SEBEŞ",1874,1,PROV,PRCNCT,CJ,CJ_SV,"2024-06-10 04:28:37",1014,1004,3,6,1,444,437,0,6,1,437,7,1120,676,108,1,175,93,12,41,7
1,ALBA,"ŞCOALA GIMNAZIALĂ ”MIHAIL KOGĂLNICEANU” SEBEŞ",105,"MUNICIPIUL SEBEŞ",1874,1,PROV,PRCNCT,CJ,CJ_SV,"2024-06-10 06:32:33",961,953,0,8,0,402,394,0,8,0,391,7,1060,662,72,5,151,125,15,20,3
1,ALBA,"ŞCOALA GIMNAZIALĂ ”MIHAIL KOGĂLNICEANU” SEBEŞ",107,"MUNICIPIUL SEBEŞ",1874,1,PROV,PRCNCT,CJ,CJ_SV,"2024-06-10 08:53:57",1044,1035,1,7,1,396,388,0,7,1,374,22,1140,744,81,11,136,112,17,13,4
1,ALBA,"ŞCOALA GIMNAZIALĂ MUŞCA",307,LUPŞA,5336,1,PROV,PRCNCT,CJ,CJ_SV,"2024-06-11 00:32:14",863,834,0,14,15,593,564,0,14,15,568,25,905,312,194,9,282,45,11,22,5
1,ALBA,"ŞCOALA GIMNAZIALĂ ” NICODIM GANEA” BISTRA",204,BISTRA,3039,1,PROV,PRCNCT,CJ,CJ_SV,"2024-06-10 05:13:05",805,791,1,9,4,503,489,1,9,4,481,22,896,393,168,6,210,60,21,12,4
1,ALBA,"ŞCOALA GIMNAZIALĂ ”NICODIM GANEA” BISTRA",206,BISTRA,3039,1,PROV,PRCNCT,CJ,CJ_SV,"2024-06-10 11:23:53",759,752,0,4,3,443,436,0,4,3,410,33,850,407,152,4,161,60,26,5,2
1,ALBA,"ŞCOALA GIMNAZIALĂ ”NICODIM GANEA” BISTRA",205,BISTRA,3039,1,PROV,PRCNCT,CJ,CJ_SV,"2024-06-10 09:35:25",1053,1042,0,7,4,697,686,0,7,4,677,17,1171,476,267,2,276,99,26,6,1
1,ALBA,"ŞCOALA GIMNAZIALĂ NR. 2 SEBEŞ",101,"MUNICIPIUL SEBEŞ",1874,1,PROV,PRCNCT,CJ,CJ_SV,"2024-06-10 09:03:56",1480,1428,7,11,34,807,762,0,11,34,781,26,1600,793,154,10,419,113,11,62,12
1,ALBA,"ŞCOALA GIMNAZIALĂ NR. 3 - CUGIR",133,"ORAŞ CUGIR",1696,1,PROV,PRCNCT,CJ,CJ_SV,"2024-06-10 03:20:58",963,957,1,4,1,423,418,0,4,1,406,17,1050,627,136,4,140,49,9,62,6
1,ALBA,"ŞCOALA GIMNAZIALĂ NR. 3 - CUGIR",134,"ORAŞ CUGIR",1696,1,PROV,PRCNCT,CJ,CJ_SV,"2024-06-10 02:43:40",1322,1310,1,8,3,561,549,1,8,3,538,23,1500,939,187,5,196,41,29,69,11
1,ALBA,"ŞCOALA GIMNAZIALĂ NR. 3 - CUGIR",136,"ORAŞ CUGIR",1696,1,PROV,PRCNCT,CJ,CJ_SV,"2024-06-10 04:43:43",1037,1030,1,6,0,434,428,0,6,0,422,12,1200,766,153,5,150,39,13,60,2
1,ALBA,"ŞCOALA GIMNAZIALĂ NR. 3 - CUGIR",135,"ORAŞ CUGIR",1696,1,PROV,PRCNCT,CJ,CJ_SV,"2024-06-10 04:02:12",1177,1169,2,6,0,483,477,0,6,0,467,16,1300,817,165,5,163,33,16,82,3
1,ALBA,"ȘCOALA GIMNAZIALĂ NR.3 CUGIR",137,"ORAŞ CUGIR",1696,1,PROV,PRCNCT,CJ,CJ_SV,"2024-06-10 04:38:13",958,946,3,9,0,465,456,0,9,0,454,11,1100,635,138,9,187,37,17,62,4
1,ALBA,"ȘCOALA GIMNAZIALĂ OHABA",334,OHABA,6164,1,PROV,PRCNCT,CJ,CJ_SV,"2024-06-10 07:20:48",362,316,0,26,20,268,222,0,26,20,234,13,387,140,68,2,138,19,3,4,0
1,ALBA,"ŞCOALA GIMNAZIALĂ ”OVIDIU HULEA” AIUD",54,"MUNICIPIUL AIUD",1213,1,PROV,PRCNCT,CJ,CJ_SV,"2024-06-10 04:08:44",967,961,0,5,1,433,427,0,5,1,409,18,1059,632,141,78,90,54,11,26,9
1,ALBA,"ŞCOALA GIMNAZIALĂ ”OVIDIU HULEA” AIUD",55,"MUNICIPIUL AIUD",1213,1,PROV,PRCNCT,CJ,CJ_SV,"2024-06-10 06:31:40",505,495,0,9,1,505,495,0,9,1,496,9,1250,745,162,89,150,31,14,36,14
1,ALBA,"ȘCOALA GIMNAZIALĂ ”OVIDIU HULEA” AIUD",53,"MUNICIPIUL AIUD",1213,1,PROV,PRCNCT,CJ,CJ_SV,"2024-06-10 04:04:04",1428,1414,1,9,4,663,650,0,9,4,643,20,1600,937,239,95,171,51,15,43,29
1,ALBA,"ȘCOALA GIMNAZIALĂ ”OVIDIU HULEA” AIUD",52,"MUNICIPIUL AIUD",1213,1,PROV,PRCNCT,CJ,CJ_SV,"2024-06-10 04:39:32",1319,1309,0,7,3,631,621,0,7,3,614,17,1450,819,238,96,148,50,19,44,19
1,ALBA,"ŞCOALA GIMNAZIALĂ PETREŞTI",110,"MUNICIPIUL SEBEŞ",1874,1,PROV,PRCNCT,CJ,CJ_SV,"2024-06-10 04:56:55",1468,1459,9,0,0,630,630,0,0,0,604,26,1608,978,122,7,275,134,34,28,4
1,ALBA,"ŞCOALA GIMNAZIALĂ PETREŞTI",111,"MUNICIPIUL SEBEŞ",1874,1,PROV,PRCNCT,CJ,CJ_SV,"2024-06-10 04:20:41",1555,1536,7,7,5,695,683,0,7,5,663,24,1688,1000,98,6,329,144,41,41,4
1,ALBA,"ŞCOALA GIMNAZIALĂ PETREŞTI",109,"MUNICIPIUL SEBEŞ",1874,1,PROV,PRCNCT,CJ,CJ_SV,"2024-06-10 03:11:59",1527,1508,15,3,1,685,681,0,3,1,654,31,1668,983,100,8,308,160,35,41,2
1,ALBA,"ŞCOALA GIMNAZIALĂ ”PETRU PAVEL ARON” BLAJ",87,"MUNICIPIUL BLAJ",1348,1,PROV,PRCNCT,CJ,CJ_SV,"2024-06-10 05:23:08",1677,1655,6,14,2,814,798,0,14,2,786,28,1800,986,163,13,427,47,32,96,8
1,ALBA,"ŞCOALA GIMNAZIALĂ PIANU DE SUS",337,PIANU,6217,1,PROV,PRCNCT,CJ,CJ_SV,"2024-06-10 05:03:23",1343,1301,2,2,38,919,879,0,2,38,871,47,1471,553,272,12,384,80,33,81,9
1,ALBA,"ȘCOALA GIMNAZIALĂ RĂCHITA",377,SĂSCIORI,7099,1,PROV,PRCNCT,CJ,CJ_SV,"2024-06-10 04:06:25",782,778,1,3,0,488,485,0,3,0,459,29,856,368,173,6,200,70,7,2,1
1,ALBA,"ŞCOALA GIMNAZIALĂ RĂHĂU",112,"MUNICIPIUL SEBEŞ",1874,1,PROV,PRCNCT,CJ,CJ_SV,"2024-06-10 04:27:45",860,851,1,4,4,455,447,0,4,4,439,16,988,533,118,2,226,68,13,11,1
1,ALBA,"ŞCOALA GIMNAZIALĂ ŞARD",280,IGHIU,4927,1,PROV,PRCNCT,CJ,CJ_SV,"2024-06-10 03:31:39",979,959,9,11,0,523,511,1,11,0,500,23,1050,527,168,9,224,44,23,31,1
1,ALBA,"ŞCOALA GIMNAZIALĂ ŞARD",281,IGHIU,4927,1,PROV,PRCNCT,CJ,CJ_SV,"2024-06-10 02:35:06",1175,1166,3,5,1,585,579,0,5,1,546,28,1300,715,176,14,232,53,16,51,4
1,ALBA,"ȘCOALA GIMNAZIALĂ SĂSCIORI",373,SĂSCIORI,7099,1,PROV,PRCNCT,CJ,CJ_SV,"2024-06-10 06:58:39",1328,1317,2,7,2,752,743,0,7,2,730,22,1456,704,216,4,423,46,14,19,8
1,ALBA,"ŞCOALA GIMNAZIALĂ ” SAVA ALBESCU ” SAT FENEŞ",176,"ORAŞ ZLATNA",1936,1,PROV,PRCNCT,CJ,CJ_SV,"2024-06-10 04:06:16",726,698,0,8,20,544,516,0,8,20,533,11,808,264,128,3,363,22,5,11,1
1,ALBA,"ŞCOALA GIMNAZIALĂ ”SEPTIMIU ALBINI”",243,CUT,9019,1,PROV,PRCNCT,CJ,CJ_SV,"2024-06-10 05:02:05",1086,1055,1,15,15,757,726,1,15,15,711,18,1200,471,259,6,360,29,29,25,3
1,ALBA,"ŞCOALA GIMNAZIALĂ ”SIMION BĂRNUŢIU” TIUR",91,"MUNICIPIUL BLAJ",1348,1,PROV,PRCNCT,CJ,CJ_SV,"2024-06-10 05:06:19",658,640,0,4,14,658,640,0,4,14,633,25,1454,796,73,46,405,35,26,48,0
1,ALBA,"ŞCOALA GIMNAZIALĂ ”SIMION LAZĂR” LUNCA MUREŞULUI, STRADA GĂRII NR. 241 A",302,"LUNCA MUREŞULUI",5309,1,PROV,PRCNCT,CJ,CJ_SV,"2024-06-10 04:22:31",767,751,0,3,13,461,445,0,3,13,432,29,830,369,99,133,129,38,16,14,3
1,ALBA,"ŞCOALA GIMNAZIALĂ ”SIMION LAZĂR” LUNCA MUREȘULUI, STRADA GĂRII NR. 241 A",303,"LUNCA MUREŞULUI",5309,1,PROV,PRCNCT,CJ,CJ_SV,"2024-06-10 06:07:23",898,882,0,8,8,599,583,0,8,8,563,36,1000,401,56,295,167,12,15,12,6
1,ALBA,"ŞCOALA GIMNAZIALĂ ”SIMION PANTEA” SĂLCIUA",368,SĂLCIUA,6976,1,PROV,PRCNCT,CJ,CJ_SV,"2024-06-10 05:36:05",539,501,1,12,25,368,331,0,12,25,354,14,600,232,47,2,221,54,3,15,12
1,ALBA,"ŞCOALA GIMNAZIALĂ ”SINGIDAVA” CUGIR",142,"ORAŞ CUGIR",1696,1,PROV,PRCNCT,CJ,CJ_SV,"2024-06-10 03:31:28",1168,1160,1,7,0,418,411,0,7,0,381,37,1300,882,139,6,127,36,28,43,2
1,ALBA,"ŞCOALA GIMNAZIALĂ ”SINGIDAVA” CUGIR",140,"ORAŞ CUGIR",1696,1,PROV,PRCNCT,CJ,CJ_SV,"2024-06-10 06:29:57",1045,1033,1,9,2,435,424,0,9,2,421,14,1200,765,156,4,128,41,19,70,3
1,ALBA,"ŞCOALA GIMNAZIALĂ ”SINGIDAVA” CUGIR",141,"ORAŞ CUGIR",1696,1,PROV,PRCNCT,CJ,CJ_SV,"2024-06-10 03:30:07",1286,1274,2,9,1,569,559,0,9,1,549,20,1500,931,176,5,203,65,21,76,3
1,ALBA,"ȘCOALA GIMNAZIALĂ ”SINGIDAVA” CUGIR",143,"ORAŞ CUGIR",1696,1,PROV,PRCNCT,CJ,CJ_SV,"2024-06-10 03:03:12",1183,1173,2,8,0,561,553,0,8,0,545,16,1300,739,196,5,192,45,16,91,0
1,ALBA,"ȘCOALA GIMNAZIALĂ SÎNMICLĂUŞ",409,ŞONA,7865,1,PROV,PRCNCT,CJ,CJ_SV,"2024-06-10 04:33:23",1154,1140,0,5,9,660,646,0,5,9,602,58,1263,603,154,329,76,28,9,4,2
1,ALBA,"ŞCOALA GIMNAZIALĂ ŞONA",405,ŞONA,7865,1,PROV,PRCNCT,CJ,CJ_SV,"2024-06-10 07:23:32",1067,1061,0,1,5,533,527,0,1,5,490,43,1167,634,143,24,239,41,17,24,2
1,ALBA,"ȘCOALA GIMNAZIALĂ ȘPRING",410,ŞPRING,7945,1,PROV,PRCNCT,CJ,CJ_SV,"2024-06-10 03:35:36",581,525,0,18,38,428,372,0,18,38,420,8,647,219,137,11,205,9,9,48,1
1,ALBA,"ŞCOALA GIMNAZIALĂ STRUNGARI",341,PIANU,6217,1,PROV,PRCNCT,CJ,CJ_SV,"2024-06-10 01:53:42",224,212,0,5,7,155,143,0,5,7,151,4,237,82,45,1,92,2,5,6,0
1,ALBA,"ȘCOALA GIMNAZIALĂ TĂTÂRLAUA",229,"CETATEA DE BALTĂ",3958,1,PROV,PRCNCT,CJ,CJ_SV,"2024-06-10 02:33:35",642,635,0,6,1,230,223,0,6,1,211,19,700,470,24,3,164,13,5,1,1
1,ALBA,"ŞCOALA GIMNAZIALĂ TEIUŞ",167,"ORAŞ TEIUŞ",8096,1,PROV,PRCNCT,CJ,CJ_SV,"2024-06-10 07:39:45",1294,1281,1,10,2,630,618,0,10,2,593,37,1672,780,246,13,173,110,17,29,5
1,ALBA,"ȘCOALĂ GIMNAZIALĂ ȚELNA",282,IGHIU,4927,1,PROV,PRCNCT,CJ,CJ_SV,"2024-06-10 02:54:50",901,879,0,10,12,478,456,0,10,12,470,8,980,502,127,3,243,34,21,42,0
1,ALBA,"ȘCOALA GIMNAZIALĂ „TIMOTEI OVIDIU TARNU” STREMȚ",398,STREMŢ,7767,1,PROV,PRCNCT,CJ,CJ_SV,"2024-06-10 04:31:57",1198,1152,2,12,32,863,817,2,12,32,792,23,1260,445,264,8,387,85,17,23,8
1,ALBA,"ŞCOALA GIMNAZIALĂ ”TOMA COCIŞIU” BLAJ",80,"MUNICIPIUL BLAJ",1348,1,PROV,PRCNCT,CJ,CJ_SV,"2024-06-10 06:12:15",1135,1125,4,6,0,530,524,0,6,0,506,12,1300,782,88,23,276,43,13,57,6
1,ALBA,"ȘCOALA GIMNAZIALĂ „VASILE BOLOGA” GEOAGIU DE SUS",399,STREMŢ,7767,1,PROV,PRCNCT,CJ,CJ_SV,"2024-06-10 05:19:13",652,627,1,8,16,433,408,1,8,16,417,16,690,257,161,5,188,48,5,8,2
1,ALBA,"ŞCOALA GIMNAZIALĂ „VASILE GOLDIŞ”",2,"MUNICIPIUL ALBA IULIA",1017,1,PROV,PRCNCT,CJ,CJ_SV,"2024-06-10 06:39:55",1001,991,4,6,0,430,424,0,6,0,403,15,1103,685,91,19,183,41,16,46,7
1,ALBA,"ŞCOALA GIMNAZIALĂ „VASILE GOLDIŞ”",3,"MUNICIPIUL ALBA IULIA",1017,1,PROV,PRCNCT,CJ,CJ_SV,"2024-06-10 07:35:56",1305,1299,0,5,1,601,595,0,5,1,579,22,1600,999,139,23,243,66,30,68,10
1,ALBA,"ŞCOALA PRIMARĂ ACMARIU",210,BLANDIANA,3397,1,PROV,PRCNCT,CJ,CJ_SV,"2024-06-10 01:39:32",293,247,0,18,28,241,195,0,18,28,222,19,300,59,33,4,160,13,0,12,0
1,ALBA,"ŞCOALA PRIMARĂ ALMAŞU DE MIJLOC",191,"ALMAŞU MARE",2309,1,PROV,PRCNCT,CJ,CJ_SV,"2024-06-10 01:14:30",124,114,0,8,2,83,73,0,8,2,79,4,125,42,29,2,18,9,1,20,0
1,ALBA,"ŞCOALA PRIMARĂ BĂCĂINŢI",403,ŞIBOT,7810,1,PROV,PRCNCT,CJ,CJ_SV,"2024-06-10 04:09:45",213,203,0,4,6,136,126,0,4,6,133,3,230,94,24,4,86,17,1,1,0
1,ALBA,"ŞCOALA PRIMARĂ BELDIU",170,"ORAŞ TEIUŞ",8096,1,PROV,PRCNCT,CJ,CJ_SV,"2024-06-10 01:42:20",206,198,0,8,0,127,119,0,8,0,121,6,221,94,66,4,22,25,1,1,2
1,ALBA,"ȘCOALA PRIMARĂ BEȚA",299,"LOPADEA NOUĂ",5210,1,PROV,PRCNCT,CJ,CJ_SV,"2024-06-10 01:28:40",308,293,0,6,9,215,200,0,6,9,204,11,339,124,20,112,70,1,1,0,0
1,ALBA,"ŞCOALA PRIMARĂ BIHARIA",264,"GÂRDA DE SUS",4525,1,PROV,PRCNCT,CJ,CJ_SV,"2024-06-10 00:46:54",108,103,0,5,0,64,59,0,5,0,58,6,115,51,32,1,12,6,2,5,0
1,ALBA,"ŞCOALA PRIMARĂ BRĂZEŞTI",120,"ORAŞ BAIA DE ARIEŞ",2915,1,PROV,PRCNCT,CJ,CJ_SV,"2024-06-10 02:23:47",207,198,0,1,8,112,103,0,1,8,109,3,220,108,29,1,43,28,2,3,3
1,ALBA,"ȘCOALA PRIMARĂ BUCERDEA VINOASĂ",278,IGHIU,4927,1,PROV,PRCNCT,CJ,CJ_SV,"2024-06-10 02:34:55",810,778,0,11,21,524,492,0,11,21,510,14,870,346,133,3,280,31,12,47,4
1,ALBA,"ŞCOALA PRIMARĂ BUCIUM-SAT",214,BUCIUM,3459,1,PROV,PRCNCT,CJ,CJ_SV,"2024-06-10 06:08:45",385,368,0,5,12,277,260,0,5,12,257,3,400,140,124,4,103,19,4,3,0
1,ALBA,"ŞCOALA PRIMARĂ - BUCURU",150,"ORAŞ CUGIR",1696,1,PROV,PRCNCT,CJ,CJ_SV,"2024-06-10 00:11:38",94,84,0,10,0,46,36,0,10,0,45,1,100,54,6,2,32,3,0,2,0
1,ALBA,"ŞCOALA PRIMARĂ BUNINGINEA",237,CIURULEASA,4008,1,PROV,PRCNCT,CJ,CJ_SV,"2024-06-10 12:31:40",370,356,1,2,11,261,247,1,2,11,239,22,390,129,140,0,31,52,9,4,3
1,ALBA,"ŞCOALA PRIMARĂ - CĂLENE",151,"ORAŞ CUGIR",1696,1,PROV,PRCNCT,CJ,CJ_SV,"2024-06-09 23:39:15",53,45,0,8,0,25,17,0,8,0,24,1,51,26,3,1,12,4,2,2,0
1,ALBA,"ȘCOALA PRIMARĂ CĂPÎLNA",374,SĂSCIORI,7099,1,PROV,PRCNCT,CJ,CJ_SV,"2024-06-10 03:06:04",677,670,0,6,1,344,337,0,6,1,326,18,756,412,92,2,189,21,6,15,1
1,ALBA,"ȘCOALA PRIMARĂ CĂRPINIȘ",261,GÂRBOVA,4482,1,PROV,PRCNCT,CJ,CJ_SV,"2024-06-10 04:46:38",216,197,2,13,4,139,121,1,13,4,134,5,230,91,50,4,69,3,0,6,2
1,ALBA,"ȘCOALA PRIMARĂ CASA DE PIATRĂ",196,ARIEŞENI,2381,1,PROV,PRCNCT,CJ,CJ_SV,"2024-06-10 00:00:53",85,79,0,3,3,73,67,0,3,3,70,3,100,27,21,1,42,4,0,0,2
1,ALBA,"ŞCOALA PRIMARĂ CERBU",215,BUCIUM,3459,1,PROV,PRCNCT,CJ,CJ_SV,"2024-06-10 03:13:40",238,216,0,8,14,166,144,0,8,14,159,7,300,134,87,3,41,21,2,4,1
1,ALBA,"ŞCOALA PRIMARĂ CERTEGE",130,"ORAŞ CÂMPENI",1455,1,PROV,PRCNCT,CJ,CJ_SV,"2024-06-10 03:32:27",327,310,0,10,7,160,143,0,10,7,149,11,350,190,39,1,85,8,10,5,1
1,ALBA,"ŞCOALA PRIMARĂ CETEA",255,"GALDA DE JOS",4366,1,PROV,PRCNCT,CJ,CJ_SV,"2024-06-10 01:40:15",345,323,1,12,9,221,200,0,12,9,216,5,400,179,37,3,129,28,7,12,0
1,ALBA,"ŞCOALA PRIMARĂ CIB",192,"ALMAŞU MARE",2309,1,PROV,PRCNCT,CJ,CJ_SV,"2024-06-10 04:30:05",234,213,0,11,10,202,181,0,11,10,195,7,252,50,18,5,84,14,3,66,5
1,ALBA,"ŞCOALA PRIMARĂ - CICĂU",320,MIRĂSLĂU,5755,1,PROV,PRCNCT,CJ,CJ_SV,"2024-06-10 01:01:55",79,72,0,5,2,44,37,0,5,2,44,0,80,36,18,3,15,6,0,2,0
1,ALBA,"ŞCOALA PRIMARĂ CIONEŞTI",185,ALBAC,2130,1,PROV,PRCNCT,CJ,CJ_SV,"2024-06-10 05:47:25",516,470,0,26,20,437,391,0,26,20,404,30,550,116,177,0,161,47,11,5,3
1,ALBA,"ŞCOALA PRIMARĂ CIUCULEŞTI",216,BUCIUM,3459,1,PROV,PRCNCT,CJ,CJ_SV,"2024-06-10 01:46:10",212,193,0,11,8,212,193,0,11,8,202,10,340,128,98,2,69,24,4,0,5
1,ALBA,"ŞCOALA PRIMARĂ CIUGUDU DE SUS",421,UNIREA,8158,1,PROV,PRCNCT,CJ,CJ_SV,"2024-06-10 04:47:37",108,94,0,12,2,64,50,0,12,2,62,2,110,46,9,3,31,9,3,7,0
1,ALBA,"ŞCOALA PRIMARĂ CIULDEŞTI - COMUNA BISTRA",207,BISTRA,3039,1,PROV,PRCNCT,CJ,CJ_SV,"2024-06-10 03:39:01",593,574,0,14,5,372,353,0,14,5,354,18,643,271,110,2,188,34,18,1,1
1,ALBA,"ȘCOALA PRIMARĂ COBLEȘ",197,ARIEŞENI,2381,1,PROV,PRCNCT,CJ,CJ_SV,"2024-06-10 07:19:46",194,170,0,15,9,145,121,0,15,9,139,6,200,54,58,2,60,17,0,1,1
1,ALBA,"ŞCOALA PRIMARA COLŢEŞTI",358,RIMETEA,6592,1,PROV,PRCNCT,CJ,CJ_SV,"2024-06-10 08:30:27",439,415,0,3,21,263,239,0,3,21,259,4,468,205,21,233,5,0,0,0,0
1,ALBA,"ŞCOALA PRIMARĂ COSTEŞTI",186,ALBAC,2130,1,PROV,PRCNCT,CJ,CJ_SV,"2024-06-10 02:18:19",84,75,0,8,1,66,57,0,8,1,61,5,90,24,33,1,17,2,2,6,0
1,ALBA,"ȘCOALA PRIMARĂ CRAIVA",241,CRICĂU,4142,1,PROV,PRCNCT,CJ,CJ_SV,"2024-06-10 02:32:58",307,286,0,8,13,226,205,0,8,13,219,7,319,93,62,1,119,26,2,8,1
1,ALBA,"ŞCOALA PRIMARĂ DEAL",219,CÂLNIC,4106,1,PROV,PRCNCT,CJ,CJ_SV,"2024-06-10 02:42:38",316,298,1,7,10,240,222,1,7,10,232,8,400,160,49,0,170,2,6,5,0
1,ALBA,"ŞCOALA PRIMARĂ - DECEA",321,MIRĂSLĂU,5755,1,PROV,PRCNCT,CJ,CJ_SV,"2024-06-10 03:25:00",611,597,3,5,6,327,313,3,5,6,309,18,660,333,102,80,58,13,15,41,0
1,ALBA,"ŞCOALA PRIMARĂ ”DIONISIU POPOVICIU” TĂUŢI",314,METEŞ,5577,1,PROV,PRCNCT,CJ,CJ_SV,"2024-06-10 02:27:28",523,505,0,5,13,343,325,0,5,13,328,15,570,227,48,5,229,20,6,14,6
1,ALBA,"ŞCOALA PRIMARĂ DRAŞOV",412,ŞPRING,7945,1,PROV,PRCNCT,CJ,CJ_SV,"2024-06-10 02:37:58",459,436,0,10,13,300,277,0,10,13,284,16,510,210,91,10,145,14,12,11,1
1,ALBA,"ŞCOALA PRIMARĂ DUMBRAVA",422,UNIREA,8158,1,PROV,PRCNCT,CJ,CJ_SV,"2024-06-10 02:47:44",308,262,0,13,33,173,127,0,13,33,165,8,300,127,22,2,120,15,3,2,1
1,ALBA,"ŞCOALA PRIMARĂ GALDA DE SUS",256,"GALDA DE JOS",4366,1,PROV,PRCNCT,CJ,CJ_SV,"2024-06-10 00:34:45",330,310,0,14,6,233,213,0,14,6,214,19,350,117,29,6,139,20,2,17,1
1,ALBA,"ŞCOALA PRIMARĂ ”GHEORGHE PAVELESCU” PURCĂREŢI",340,PIANU,6217,1,PROV,PRCNCT,CJ,CJ_SV,"2024-06-10 01:45:53",222,213,0,9,0,119,110,0,9,0,115,4,235,116,25,2,76,6,3,2,1
1,ALBA,"ŞCOALA PRIMARĂ GÎRBOVA DE JOS",72,"MUNICIPIUL AIUD",1213,1,PROV,PRCNCT,CJ,CJ_SV,"2024-06-10 02:48:57",411,395,1,15,0,174,159,0,15,0,172,2,450,276,52,1,62,27,10,14,6
1,ALBA,"ȘCOALA PRIMARĂ GIURGIUȚ",273,HOREA,4767,1,PROV,PRCNCT,CJ,CJ_SV,"2024-06-10 03:51:51",111,107,0,4,0,75,71,0,4,0,72,3,117,42,23,0,19,25,4,1,0
1,ALBA,"ŞCOALA PRIMARĂ GLOD",193,"ALMAŞU MARE",2309,1,PROV,PRCNCT,CJ,CJ_SV,"2024-06-10 03:08:13",156,149,0,6,1,120,113,0,6,1,111,8,164,45,21,1,25,34,3,26,1
1,ALBA,"ŞCOALA PRIMARĂ GLOGOVEŢ",427,"VALEA LUNGĂ",8354,1,PROV,PRCNCT,CJ,CJ_SV,"2024-06-10 01:34:42",146,128,0,13,5,87,69,0,13,5,80,4,146,62,10,1,30,31,2,5,1
1,ALBA,"ŞCOALA PRIMARĂ GOIEŞTI",432,VIDRA,8425,1,PROV,PRCNCT,CJ,CJ_SV,"2024-06-10 03:41:23",315,284,0,23,8,223,192,0,23,8,195,14,316,93,98,0,35,44,4,13,1
1,ALBA,"ŞCOALA PRIMARĂ GURA ARIEŞULUI, STRADA MICĂ NR. 84",304,"LUNCA MUREŞULUI",5309,1,PROV,PRCNCT,CJ,CJ_SV,"2024-06-10 04:33:52",357,344,0,11,2,216,203,0,11,2,207,9,370,154,45,21,114,15,5,3,4
1,ALBA,"ŞCOALA PRIMARĂ HĂDĂRĂU",306,LUPŞA,5336,1,PROV,PRCNCT,CJ,CJ_SV,"2024-06-10 03:54:06",295,289,0,2,4,212,206,0,2,4,202,10,355,143,64,0,109,17,4,7,1
1,ALBA,"ŞCOALA PRIMARĂ I-IV TÎRSA",199,"AVRAM IANCU",2577,1,PROV,PRCNCT,CJ,CJ_SV,"2024-06-10 06:31:55",610,589,0,4,17,470,449,0,4,17,447,23,680,206,228,4,65,122,17,7,4
1,ALBA,"ȘCOALA PRIMARĂ LAZ",375,SĂSCIORI,7099,1,PROV,PRCNCT,CJ,CJ_SV,"2024-06-10 01:59:36",329,321,1,7,0,203,196,0,7,0,193,10,351,148,70,2,94,8,12,6,1
1,ALBA,"ŞCOALA PRIMARĂ - LOPADEA VECHE",322,MIRĂSLĂU,5755,1,PROV,PRCNCT,CJ,CJ_SV,"2024-06-10 02:12:21",209,206,0,3,0,130,127,0,3,0,121,9,224,94,38,3,38,12,0,28,2
1,ALBA,"ȘCOALA PRIMARĂ LUNCA",429,"VALEA LUNGĂ",8354,1,PROV,PRCNCT,CJ,CJ_SV,"2024-06-10 02:38:56",421,405,0,12,4,231,215,0,12,4,216,15,440,209,31,5,94,79,1,5,1
1,ALBA,"ŞCOALA PRIMARĂ MĂRGINENI",370,SĂLIŞTEA,7044,1,PROV,PRCNCT,CJ,CJ_SV,"2024-06-10 00:32:56",55,46,0,9,0,36,27,0,9,0,32,4,60,24,12,0,11,5,0,4,0
1,ALBA,"ŞCOALA PRIMARĂ MĂRTINIE",416,ŞUGAG,8014,1,PROV,PRCNCT,CJ,CJ_SV,"2024-06-10 08:17:59",462,453,0,7,2,346,337,0,7,2,329,17,495,149,103,2,124,35,7,56,2
1,ALBA,"ŞCOALA PRIMARĂ MEŞCREAC",352,RĂDEŞTI,6547,1,PROV,PRCNCT,CJ,CJ_SV,"2024-06-10 03:34:49",265,242,1,18,4,196,173,1,18,4,188,8,284,88,27,7,140,10,1,3,0
1,ALBA,"ŞCOALA PRIMARĂ MIHOEŞTI",131,"ORAŞ CÂMPENI",1455,1,PROV,PRCNCT,CJ,CJ_SV,"2024-06-10 01:17:01",258,253,2,3,0,145,142,0,3,0,137,8,286,141,34,2,44,32,15,10,0
1,ALBA,"ŞCOALA PRIMARĂ - MUGEŞTI",152,"ORAŞ CUGIR",1696,1,PROV,PRCNCT,CJ,CJ_SV,"2024-06-10 01:48:08",82,75,0,7,0,26,19,0,7,0,24,2,100,74,4,1,14,2,0,3,0
1,ALBA,"ŞCOALA PRIMARĂ NEGEȘTI",390,SCĂRIŞOARA,7197,1,PROV,PRCNCT,CJ,CJ_SV,"2024-06-10 03:12:39",155,139,0,9,7,117,101,0,9,7,109,8,155,38,49,2,47,6,2,2,1
1,ALBA,"ŞCOALA PRIMARĂ - ORMENIŞ",323,MIRĂSLĂU,5755,1,PROV,PRCNCT,CJ,CJ_SV,"2024-06-09 23:59:35",65,59,1,5,0,43,38,0,5,0,41,2,70,27,20,7,8,5,0,1,0
1,ALBA,"ŞCOALA PRIMARĂ PÂCLIŞA",51,"MUNICIPIUL ALBA IULIA",1017,1,PROV,PRCNCT,CJ,CJ_SV,"2024-06-10 05:23:09",844,839,0,5,0,355,350,0,5,0,347,8,1000,645,99,5,131,77,16,16,3
1,ALBA,"ŞCOALA PRIMARĂ PĂNADE",381,SÂNCEL,7348,1,PROV,PRCNCT,CJ,CJ_SV,"2024-06-10 03:54:27",511,486,1,4,20,395,371,0,4,20,380,15,560,165,270,3,74,21,7,5,0
1,ALBA,"ȘCOALA PRIMARĂ PĂTRUȘEȘTI",275,HOREA,4767,1,PROV,PRCNCT,CJ,CJ_SV,"2024-06-10 00:45:43",117,112,0,0,5,94,89,0,0,5,89,5,130,36,28,1,32,12,3,12,1
1,ALBA,"ȘCOALA PRIMARĂ PELEŞ",396,SOHODOL,7446,1,PROV,PRCNCT,CJ,CJ_SV,"2024-06-10 01:09:52",321,311,0,9,1,194,184,0,9,1,181,13,342,136,38,6,100,26,2,8,1
1,ALBA,"ŞCOALA PRIMARĂ PEŢELCA",172,"ORAŞ TEIUŞ",8096,1,PROV,PRCNCT,CJ,CJ_SV,"2024-06-10 00:54:03",103,94,0,8,1,65,56,0,8,1,64,1,103,38,40,2,19,2,0,1,0
1,ALBA,"ŞCOALA PRIMARĂ PETRISAT",90,"MUNICIPIUL BLAJ",1348,1,PROV,PRCNCT,CJ,CJ_SV,"2024-06-10 01:09:48",464,458,0,6,0,270,264,0,6,0,264,6,500,230,7,113,125,6,9,4,0
1,ALBA,"ŞCOALA PRIMARĂ POIANA",397,SOHODOL,7446,1,PROV,PRCNCT,CJ,CJ_SV,"2024-06-10 01:35:38",134,127,0,6,1,86,79,0,6,1,85,1,139,53,16,1,26,31,1,9,1
1,ALBA,"ŞCOALA PRIMARĂ POIENI",217,BUCIUM,3459,1,PROV,PRCNCT,CJ,CJ_SV,"2024-06-10 05:18:07",263,247,0,5,11,198,182,0,5,11,192,6,259,61,95,5,73,13,3,3,0
1,ALBA,"ŞCOALA PRIMARĂ - POȘAGA DE SUS",348,POŞAGA,6468,1,PROV,PRCNCT,CJ,CJ_SV,"2024-06-10 02:44:05",156,126,0,23,7,121,91,0,23,7,120,1,139,18,62,3,36,13,1,5,0
1,ALBA,"ŞCOALA PRIMARĂ POTIONCI",187,ALBAC,2130,1,PROV,PRCNCT,CJ,CJ_SV,"2024-06-10 01:17:41",59,50,0,7,2,49,40,0,7,2,46,3,65,16,23,0,13,7,2,1,0
1,ALBA,"ȘCOALA PRIMARĂ PRELUCA",276,HOREA,4767,1,PROV,PRCNCT,CJ,CJ_SV,"2024-06-10 00:49:02",68,59,0,8,1,47,38,0,8,1,47,0,70,23,11,2,13,18,2,1,0
1,ALBA,"ȘCOALA PRIMARĂ RECIU",262,GÂRBOVA,4482,1,PROV,PRCNCT,CJ,CJ_SV,"2024-06-10 02:52:05",278,254,4,13,7,168,146,2,13,7,156,12,299,130,98,5,36,10,5,1,1
1,ALBA,"ŞCOALA PRIMARĂ ROGOZ",188,ALBAC,2130,1,PROV,PRCNCT,CJ,CJ_SV,"2024-06-10 04:44:01",240,226,0,5,9,184,170,0,5,9,177,7,280,96,98,3,28,31,6,10,1
1,ALBA,"ŞCOALA PRIMARĂ RUNC",391,SCĂRIŞOARA,7197,1,PROV,PRCNCT,CJ,CJ_SV,"2024-06-10 02:28:05",134,114,0,7,13,109,89,0,7,13,96,13,145,36,25,2,39,21,4,4,1
1,ALBA,"ȘCOALA PRIMARĂ - RUNC",332,OCOLIŞ,6119,1,PROV,PRCNCT,CJ,CJ_SV,"2024-06-10 01:41:57",108,98,3,2,5,89,79,3,2,5,80,9,110,21,7,2,64,5,0,1,1
1,ALBA,"ȘCOALA PRIMARĂ - SAGAGEA",349,POŞAGA,6468,1,PROV,PRCNCT,CJ,CJ_SV,"2024-06-10 02:27:21",166,137,0,18,11,125,96,0,18,11,117,8,150,25,53,1,54,3,1,4,1
1,ALBA,"ŞCOALA PRIMARĂ SĂLCIUA DE JOS",367,SĂLCIUA,6976,1,PROV,PRCNCT,CJ,CJ_SV,"2024-06-10 05:54:24",710,668,2,7,33,436,396,0,7,33,419,17,700,264,141,9,175,57,8,28,1
1,ALBA,"ŞCOALA PRIMARĂ SĂLIŞTEA-DEAL",371,SĂLIŞTEA,7044,1,PROV,PRCNCT,CJ,CJ_SV,"2024-06-10 03:32:35",244,230,0,7,7,191,177,0,7,7,180,11,270,79,86,1,78,7,5,3,0
1,ALBA,"ŞCOALA PRIMARĂ , SAT GALAŢI",177,"ORAŞ ZLATNA",1936,1,PROV,PRCNCT,CJ,CJ_SV,"2024-06-10 02:14:00",287,275,0,7,5,162,150,0,7,5,157,5,320,158,39,3,87,14,1,7,6
1,ALBA,"ŞCOALA PRIMARĂ , SAT PĂTRÂNGENI",179,"ORAŞ ZLATNA",1936,1,PROV,PRCNCT,CJ,CJ_SV,"2024-06-10 02:58:14",492,483,0,5,4,271,262,0,5,4,262,9,550,279,86,2,146,10,3,15,0
1,ALBA,"ŞCOALA PRIMARĂ , SAT PIRITA",180,"ORAŞ ZLATNA",1936,1,PROV,PRCNCT,CJ,CJ_SV,"2024-06-10 02:50:59",377,365,0,9,3,227,215,0,9,3,222,5,417,190,46,7,141,19,5,3,1
1,ALBA,"ŞCOALA PRIMARĂ , SAT TRÂMPOIELE",181,"ORAŞ ZLATNA",1936,1,PROV,PRCNCT,CJ,CJ_SV,"2024-06-10 02:38:43",310,290,1,7,12,210,191,0,7,12,207,3,341,131,54,4,96,46,3,4,0
1,ALBA,"ŞCOALA PRIMARĂ , SAT VALEA MICĂ",182,"ORAŞ ZLATNA",1936,1,PROV,PRCNCT,CJ,CJ_SV,"2024-06-10 03:39:41",336,323,1,7,5,240,228,0,7,5,233,7,373,133,32,6,123,57,2,10,3
1,ALBA,"ȘCOALA PRIMARĂ SEBEȘEL",378,SĂSCIORI,7099,1,PROV,PRCNCT,CJ,CJ_SV,"2024-06-10 06:00:36",1138,1132,1,4,1,732,727,0,4,1,699,33,1254,522,299,8,304,33,23,28,4
1,ALBA,"ŞCOALA PRIMARĂ SFOARTEA",392,SCĂRIŞOARA,7197,1,PROV,PRCNCT,CJ,CJ_SV,"2024-06-10 01:40:14",74,61,0,8,5,55,42,0,8,5,53,2,70,15,13,2,28,7,2,1,0
1,ALBA,"ŞCOALA PRIMARĂ ȘTIULEȚI",393,SCĂRIŞOARA,7197,1,PROV,PRCNCT,CJ,CJ_SV,"2024-06-10 06:37:13",116,94,0,8,14,103,81,0,8,14,96,7,122,19,29,0,50,13,1,1,2
1,ALBA,"ŞCOALA PRIMARĂ TĂRTĂRIA",372,SĂLIŞTEA,7044,1,PROV,PRCNCT,CJ,CJ_SV,"2024-06-10 08:57:02",580,552,0,8,20,449,421,0,8,20,427,22,660,211,209,8,150,36,3,19,2
1,ALBA,"ŞCOALA PRIMARĂ TOTOI",387,SÂNTIMBRU,7384,1,PROV,PRCNCT,CJ,CJ_SV,"2024-06-10 05:34:40",461,450,0,2,9,249,238,0,2,9,236,13,503,254,62,9,125,27,8,3,2
1,ALBA,"ȘCOALA PRIMARĂ TRIFEȘTI",272,HOREA,4767,1,PROV,PRCNCT,CJ,CJ_SV,"2024-06-10 05:16:25",377,370,0,0,7,259,252,0,0,7,249,10,400,141,90,3,76,72,5,3,0
1,ALBA,"ŞCOALA PRIMARĂ UIOARA DE JOS",161,"ORAŞ OCNA MUREŞ",1794,1,PROV,PRCNCT,CJ,CJ_SV,"2024-06-10 05:16:26",844,833,1,5,5,360,350,0,5,5,335,25,900,540,121,8,136,33,15,16,6
1,ALBA,"ŞCOALA PRIMARĂ UIOARA DE SUS, SALA NR. 1",162,"ORAŞ OCNA MUREŞ",1794,1,PROV,PRCNCT,CJ,CJ_SV,"2024-06-10 05:54:32",1331,1320,3,4,4,567,559,0,4,4,536,31,1450,883,153,24,254,66,11,25,3
1,ALBA,"ȘCOALA PRIMARĂ UNGUREI",361,"ROŞIA DE SECAŞ",6930,1,PROV,PRCNCT,CJ,CJ_SV,"2024-06-10 03:22:36",300,295,1,2,2,176,172,0,2,2,170,6,300,124,93,1,45,11,2,13,5
1,ALBA,"ŞCOALA PRIMARĂ VALEA BISTRII",132,"ORAŞ CÂMPENI",1455,1,PROV,PRCNCT,CJ,CJ_SV,"2024-06-10 03:23:58",368,358,1,8,1,236,227,0,8,1,224,12,394,158,84,3,46,35,42,13,1
1,ALBA,"ŞCOALA PRIMARĂ VALEA LUPȘII",308,LUPŞA,5336,1,PROV,PRCNCT,CJ,CJ_SV,"2024-06-10 04:42:13",667,645,0,4,18,484,462,0,4,18,467,17,730,246,166,5,209,62,11,12,2
1,ALBA,"ŞCOALA PRIMARĂ VALEA VINŢULUI",439,"VINŢU DE JOS",8826,1,PROV,PRCNCT,CJ,CJ_SV,"2024-06-10 01:01:06",311,295,1,12,3,172,157,0,12,3,158,14,310,138,61,4,17,58,9,8,1
1,ALBA,"ŞCOALA PRIMARĂ VÂRŞI",129,"ORAŞ CÂMPENI",1455,1,PROV,PRCNCT,CJ,CJ_SV,"2024-06-10 03:04:09",515,509,0,6,0,298,292,0,6,0,282,16,561,263,72,3,98,63,34,12,0
1,ALBA,"ȘCOALA PRIMARĂ - VIDOLM",333,OCOLIŞ,6119,1,PROV,PRCNCT,CJ,CJ_SV,"2024-06-10 01:23:42",78,44,0,30,4,69,35,0,30,4,65,4,70,1,12,0,45,4,0,0,4
1,ALBA,"SEDIU ADMINISTRATIV VINGARD - COMUNA ŞPRING",413,ŞPRING,7945,1,PROV,PRCNCT,CJ,CJ_SV,"2024-06-10 06:47:17",552,536,1,6,9,316,301,0,6,9,295,20,625,310,107,3,151,10,7,17,0
1,ALBA,"SEMINARUL TEOLOGIC ORTODOX „SFÂNTUL SIMION ŞTEFAN”",16,"MUNICIPIUL ALBA IULIA",1017,1,PROV,PRCNCT,CJ,CJ_SV,"2024-06-10 07:35:41",1327,1287,5,13,22,549,514,0,13,22,535,14,1400,850,138,8,211,84,22,64,8
1,ALBA,"SERVICIUL PUBLIC DE ADMINISTRARE A PATRIMONIULUI SEBEŞ",93,"MUNICIPIUL SEBEŞ",1874,1,PROV,PRCNCT,CJ,CJ_SV,"2024-06-10 08:08:05",1859,1840,7,10,2,855,843,0,10,2,815,40,1840,981,178,43,390,111,33,50,10
1,ALBA,"SERVICIUL PUBLIC DE ASISTENŢĂ SOCIALĂ BLAJ",83,"MUNICIPIUL BLAJ",1348,1,PROV,PRCNCT,CJ,CJ_SV,"2024-06-10 01:20:09",498,494,1,2,1,269,266,0,2,1,265,4,500,231,33,3,167,16,10,34,2
1,ALBA,"STADION MUNICIPAL „CETATE”",32,"MUNICIPIUL ALBA IULIA",1017,1,PROV,PRCNCT,CJ,CJ_SV,"2024-06-10 06:19:43",1322,1311,2,9,0,626,617,0,9,0,596,21,1500,883,159,8,244,70,19,82,14
1,ALBA,"TABĂRA DE CREAȚIE SI ODIHNĂ ”AVRAM IANCU”",331,OCOLIŞ,6119,1,PROV,PRCNCT,CJ,CJ_SV,"2024-06-10 00:49:17",58,42,0,12,4,48,32,0,12,4,47,1,70,22,3,0,40,2,1,1,0
