precinct_county_nce,precinct_county_name,precinct_name,precinct_nr,uat_name,uat_siruta,report_version,report_stage_code,report_type_scope_code,report_type_category_code,report_type_code,created_at,a,a1,a2,a3,a4,b,b1,b2,b3,b4,c,d,e,f,"ŞTEFAN CORNELIU-PARTIDUL SOCIAL DEMOCRAT-voturi","ION SORIN-PARTIDUL NAȚIONAL LIBERAL-voturi","IACOB CONSTANTIN-CIPRIAN-ALIANȚA PENTRU UNIREA ROMÂNILOR-voturi","PLĂIAŞU GABRIEL-ALIANȚA DREAPTA UNITĂ USR - PMP - FORȚA DREPTEI-voturi"
16,DÂMBOVIŢA,"AFTER- SCHOOL",414,VÂRFURI,69447,1,PROV,PRCNCT,PCJ,PCJ_SV,"2024-06-10 02:49:19",681,670,1,4,6,380,370,0,4,6,366,14,740,360,291,35,29,11
16,DÂMBOVIŢA,"AFTER SCHOOL BĂRBULEŢU",140,BĂRBULEŢU,66223,1,PROV,PRCNCT,PCJ,PCJ_SV,"2024-06-10 02:01:54",1270,1270,0,0,0,698,698,0,0,0,663,35,1400,702,481,52,116,14
16,DÂMBOVIŢA,"BIBLIOTECA COMUNALĂ",358,RĂZVAD,65431,1,PROV,PRCNCT,PCJ,PCJ_SV,"2024-06-10 05:17:09",1397,1389,3,2,3,758,753,0,2,3,738,17,1520,765,533,85,56,64
16,DÂMBOVIŢA,"BIROURI PRIMĂRIE - CORP B (SALA CĂSĂTORII)",31,"MUNICIPIUL TÂRGOVIŞTE",65342,1,PROV,PRCNCT,PCJ,PCJ_SV,"2024-06-10 02:40:41",1042,1032,4,6,0,469,463,0,6,0,462,7,1150,681,235,101,39,87
16,DÂMBOVIŢA,"BIROURI PRIMĂRIE - SERVICIUL TAXE ȘI IMPOZITE, BLOC E4",29,"MUNICIPIUL TÂRGOVIŞTE",65342,1,PROV,PRCNCT,PCJ,PCJ_SV,"2024-06-10 04:04:27",800,791,1,8,0,379,371,0,8,0,363,16,870,491,214,57,36,56
16,DÂMBOVIŢA,"BIROURI PRIMĂRIE - SERVICIUL TAXE ȘI IMPOZITE (PUNCT TERMIC)",30,"MUNICIPIUL TÂRGOVIŞTE",65342,1,PROV,PRCNCT,PCJ,PCJ_SV,"2024-06-10 02:16:23",795,788,2,5,0,379,374,0,5,0,358,21,870,491,195,68,45,50
16,DÂMBOVIŢA,"CAMIN CULTURAL",158,BUCIUMENI,66438,1,PROV,PRCNCT,PCJ,PCJ_SV,"2024-06-10 02:25:22",959,923,0,3,33,565,529,0,3,33,550,15,1050,485,501,30,14,5
16,DÂMBOVIŢA,"CAMIN CULTURAL",156,BUCIUMENI,66438,1,PROV,PRCNCT,PCJ,PCJ_SV,"2024-06-10 05:15:07",1439,1411,3,1,24,793,767,1,1,24,751,42,1590,797,491,136,70,54
16,DÂMBOVIŢA,"CĂMIN CULTURAL",333,PETREŞTI,65752,1,PROV,PRCNCT,PCJ,PCJ_SV,"2024-06-10 06:51:37",575,562,0,5,8,394,381,0,5,8,375,19,620,226,152,184,29,10
16,DÂMBOVIŢA,"CĂMIN CULTURAL",348,PRODULEŞTI,68529,1,PROV,PRCNCT,PCJ,PCJ_SV,"2024-06-10 03:52:55",1415,1398,2,2,13,780,764,1,2,13,737,43,1550,770,581,79,55,22
16,DÂMBOVIŢA,"CĂMIN CULTURAL",415,VÂRFURI,69447,1,PROV,PRCNCT,PCJ,PCJ_SV,"2024-06-10 03:43:52",759,756,0,0,3,437,434,0,0,3,425,12,830,393,316,56,35,18
16,DÂMBOVIŢA,"CĂMIN CULTURAL",215,"COSTEŞTII DIN VALE",67121,1,PROV,PRCNCT,PCJ,PCJ_SV,"2024-06-10 11:46:16",1255,1245,0,3,7,792,782,0,3,7,745,47,1380,588,340,320,68,17
16,DÂMBOVIŢA,"CĂMIN CULTURAL",423,VLĂDENI,179711,1,PROV,PRCNCT,PCJ,PCJ_SV,"2024-06-10 06:55:05",997,992,1,1,3,516,512,0,1,3,496,20,1102,585,297,102,45,52
16,DÂMBOVIŢA,"CĂMIN CULTURAL",221,CREVEDIA,102286,1,PROV,PRCNCT,PCJ,PCJ_SV,"2024-06-10 06:55:16",734,648,2,74,10,500,416,0,74,10,474,26,720,220,238,117,42,77
16,DÂMBOVIŢA,"CĂMIN CULTURAL",416,VIŞINA,69330,1,PROV,PRCNCT,PCJ,PCJ_SV,"2024-06-10 06:52:27",1300,1272,0,11,17,913,885,0,11,17,864,44,1420,507,462,323,63,16
16,DÂMBOVIŢA,"CĂMIN CULTURAL BĂLTENI, LOCALITATEA BĂLTENI, STRADA EROILOR, NR. 66",191,CONŢEŞTI,66768,1,PROV,PRCNCT,PCJ,PCJ_SV,"2024-06-10 02:22:15",715,705,1,0,9,503,494,0,0,9,476,27,790,287,453,7,10,6
16,DÂMBOVIŢA,"CĂMIN CULTURAL CĂPRIORU",389,TĂTĂRANI,68921,1,PROV,PRCNCT,PCJ,PCJ_SV,"2024-06-10 05:22:32",1329,1325,1,1,2,760,756,1,1,2,725,35,1460,700,534,64,108,19
16,DÂMBOVIŢA,"CĂMIN CULTURAL CÎNDEȘTI DEAL",167,CÂNDEŞTI,66526,1,PROV,PRCNCT,PCJ,PCJ_SV,"2024-06-10 03:08:48",167,147,0,17,3,135,115,0,17,3,130,5,160,25,26,88,14,2
16,DÂMBOVIŢA,"CĂMIN CULTURAL CÎNDEȘTI VALE",166,CÂNDEŞTI,66526,1,PROV,PRCNCT,PCJ,PCJ_SV,"2024-06-10 04:42:20",995,970,1,11,13,736,712,0,11,13,722,14,1056,320,322,249,123,28
16,DÂMBOVIŢA,"CĂMIN CULTURAL MOŢĂIENI",309,MOŢĂIENI,65645,1,PROV,PRCNCT,PCJ,PCJ_SV,"2024-06-10 09:47:29",1315,1278,2,6,29,790,755,0,6,29,759,31,1440,650,277,418,36,28
16,DÂMBOVIŢA,"CĂMIN CULTURAL PETREȘTI",329,PETREŞTI,65752,1,PROV,PRCNCT,PCJ,PCJ_SV,"2024-06-10 03:57:20",1126,1124,0,1,1,658,656,0,1,1,630,26,1240,582,187,336,91,16
16,DÂMBOVIŢA,"CĂMIN CULTURAL PRIBOIU",391,TĂTĂRANI,68921,1,PROV,PRCNCT,PCJ,PCJ_SV,"2024-06-10 04:15:44",710,699,1,3,7,527,517,0,3,7,499,28,780,253,397,28,58,16
16,DÂMBOVIŢA,"CĂMIN CULTURAL ŞOTÂNGA",380,ŞOTÂNGA,65477,1,PROV,PRCNCT,PCJ,PCJ_SV,"2024-06-10 03:48:45",1102,1095,1,6,0,539,533,0,6,0,522,17,1210,671,390,47,45,40
16,DÂMBOVIŢA,"CĂMIN CULTURAL SULTANU",420,VIŞINEŞTI,69394,1,PROV,PRCNCT,PCJ,PCJ_SV,"2024-06-10 00:33:13",229,224,0,4,1,133,128,0,4,1,131,2,250,117,100,15,10,6
16,DÂMBOVIŢA,"CĂMIN CULTURAL TEIŞ",383,ŞOTÂNGA,65477,1,PROV,PRCNCT,PCJ,PCJ_SV,"2024-06-10 02:18:07",1201,1196,0,5,0,547,542,0,5,0,521,26,1320,773,393,44,56,28
16,DÂMBOVIŢA,"CAMINUL CULTURAL",188,COMIŞANI,66731,1,PROV,PRCNCT,PCJ,PCJ_SV,"2024-06-10 07:58:41",1521,1500,0,6,15,964,943,0,6,15,948,16,1650,686,682,69,101,96
16,DÂMBOVIŢA,"CĂMINUL CULTURAL",425,VOINEŞTI,69526,1,PROV,PRCNCT,PCJ,PCJ_SV,"2024-06-10 06:25:57",941,933,0,7,1,592,584,0,7,1,565,27,1040,448,411,39,85,30
16,DÂMBOVIŢA,"CĂMINUL CULTURAL",145,BILCIUREŞTI,66401,1,PROV,PRCNCT,PCJ,PCJ_SV,"2024-06-10 06:25:33",1517,1441,2,45,29,1168,1092,2,45,29,1130,38,1620,452,653,199,216,62
16,DÂMBOVIŢA,"CAMINUL CULTURAL COMISANI",186,COMIŞANI,66731,1,PROV,PRCNCT,PCJ,PCJ_SV,"2024-06-10 05:54:16",1365,1344,4,5,12,786,769,0,5,12,764,22,1480,694,579,68,58,59
16,DÂMBOVIŢA,"CĂMINUL CULTURAL DRAGODĂNEȘTI",168,CÂNDEŞTI,66526,1,PROV,PRCNCT,PCJ,PCJ_SV,"2024-06-10 03:41:01",625,607,0,7,11,446,428,0,7,11,428,9,670,233,200,126,85,17
16,DÂMBOVIŢA,"CĂMINUL CULTURAL „ECATERINA OPROIU”",429,VULCANA-BĂI,69615,1,PROV,PRCNCT,PCJ,PCJ_SV,"2024-06-10 06:49:51",1346,1299,0,14,33,826,779,0,14,33,794,32,1430,604,420,270,63,41
16,DÂMBOVIŢA,"CĂMINUL CULTURAL GHIMPAȚI",120,"ORAŞ RĂCARI",68627,1,PROV,PRCNCT,PCJ,PCJ_SV,"2024-06-10 03:42:31",646,597,1,26,22,449,400,1,26,22,436,13,690,241,71,309,36,20
16,DÂMBOVIŢA,"CĂMINUL CULTURAL GURA OCNIȚEI",256,"GURA OCNIŢEI",67595,1,PROV,PRCNCT,PCJ,PCJ_SV,"2024-06-10 08:52:27",1378,1374,0,0,4,668,664,0,0,4,639,29,1520,852,251,222,137,29
16,DÂMBOVIŢA,"CĂMINUL CULTURAL GURA OCNIȚEI",257,"GURA OCNIŢEI",67595,1,PROV,PRCNCT,PCJ,PCJ_SV,"2024-06-10 07:06:55",1505,1492,3,6,4,806,796,0,6,4,766,40,1640,834,429,131,156,50
16,DÂMBOVIŢA,"CĂMINUL CULTURAL „IH RĂDULESCU”",430,VULCANA-BĂI,69615,1,PROV,PRCNCT,PCJ,PCJ_SV,"2024-06-10 06:32:49",1152,1118,1,13,20,635,602,0,13,20,606,29,1260,625,337,167,47,55
16,DÂMBOVIŢA,"CĂMINUL CULTURAL I.L.CARAGIALE",275,"I. L. CARAGIALE",67737,1,PROV,PRCNCT,PCJ,PCJ_SV,"2024-06-10 11:43:10",1495,1465,0,6,24,916,886,0,6,24,856,60,1610,694,501,288,58,9
16,DÂMBOVIŢA,"CĂMINUL CULTURAL ”IZVOR DE APĂ VIE”",431,VULCANA-PANDELE,179640,1,PROV,PRCNCT,PCJ,PCJ_SV,"2024-06-10 07:15:20",1233,1226,2,1,4,635,630,0,1,4,614,21,1370,735,379,121,73,41
16,DÂMBOVIŢA,"CĂMINUL CULTURAL ”MATEI VOIEVOD”",64,"MUNICIPIUL TÂRGOVIŞTE",65342,1,PROV,PRCNCT,PCJ,PCJ_SV,"2024-06-10 04:12:43",1407,1397,3,7,0,600,593,0,7,0,577,23,1540,940,371,97,66,43
16,DÂMBOVIŢA,"CĂMINUL CULTURAL MOGOŞEŞTI",242,DRAGOMIREŞTI,67407,1,PROV,PRCNCT,PCJ,PCJ_SV,"2024-06-10 03:31:22",475,472,0,3,0,292,289,0,3,0,286,6,520,228,207,23,40,16
16,DÂMBOVIŢA,"CAMINUL CULTURAL PIETRARI",334,PIETRARI,179908,1,PROV,PRCNCT,PCJ,PCJ_SV,"2024-06-10 05:54:19",1410,1389,0,18,3,1003,982,0,18,3,967,36,1530,527,459,166,300,42
16,DÂMBOVIŢA,"CAMINUL CULTURAL VALEA LUNGA CRICOV",400,"VALEA LUNGĂ",69063,1,PROV,PRCNCT,PCJ,PCJ_SV,"2024-06-10 02:55:12",1018,1012,0,4,2,558,552,0,4,2,547,11,1120,562,430,41,56,20
16,DÂMBOVIŢA,"CĂMINUL CULTURAL VIȘINEȘTI",419,VIŞINEŞTI,69394,1,PROV,PRCNCT,PCJ,PCJ_SV,"2024-06-10 01:44:47",712,692,0,4,16,415,395,0,4,16,398,17,780,365,287,59,29,23
16,DÂMBOVIŢA,"CANTINA DE AJUTOR SOCIAL",24,"MUNICIPIUL TÂRGOVIŞTE",65342,1,PROV,PRCNCT,PCJ,PCJ_SV,"2024-06-10 04:29:23",938,928,0,10,0,378,368,0,10,0,369,9,1020,642,254,55,37,23
16,DÂMBOVIŢA,"CASA CORPULUI DIDACTIC",1,"MUNICIPIUL TÂRGOVIŞTE",65342,1,PROV,PRCNCT,PCJ,PCJ_SV,"2024-06-10 08:58:35",1528,1518,0,10,0,603,593,0,10,0,566,37,1681,1078,352,85,60,69
16,DÂMBOVIŢA,"CASA CORPULUI DIDACTIC",2,"MUNICIPIUL TÂRGOVIŞTE",65342,1,PROV,PRCNCT,PCJ,PCJ_SV,"2024-06-10 04:51:08",1543,1537,1,4,1,719,715,0,4,0,697,22,1710,990,394,149,49,105
16,DÂMBOVIŢA,"CENTRU DE ASISTENȚĂ DUPĂ PROGRAM ȘCOLAR",403,"VALEA LUNGĂ",69063,1,PROV,PRCNCT,PCJ,PCJ_SV,"2024-06-10 06:57:33",1057,1051,0,4,2,587,581,0,4,2,566,21,1160,573,394,52,89,31
16,DÂMBOVIŢA,"CENTRUL DE CULTURĂ ING. ”MIHAIL LUPESCU”",86,"ORAŞ FIENI",65609,1,PROV,PRCNCT,PCJ,PCJ_SV,"2024-06-10 07:28:52",1538,1525,1,8,4,714,702,0,8,4,675,39,1680,966,364,147,96,68
16,DÂMBOVIŢA,"CENTRUL DE CULTURĂ ŞI TRADIŢIE POPULARĂ BRĂNEŞTI",150,BRĂNEŞTI,66009,1,PROV,PRCNCT,PCJ,PCJ_SV,"2024-06-10 05:25:09",1258,1247,2,7,2,713,704,0,7,2,692,21,1370,657,375,202,51,64
16,DÂMBOVIŢA,"CENTRUL DE ZI DE SOCIALIZARE ȘI PETRECERE A TIMPULUI LIBER - TIP CLUB",110,"ORAŞ PUCIOASA",65921,1,PROV,PRCNCT,PCJ,PCJ_SV,"2024-06-10 04:16:08",1103,1097,1,5,0,520,515,0,5,0,505,15,1210,690,355,75,40,35
16,DÂMBOVIŢA,"CENTRUL EDUCATIV PENTRU COPII SĂRACI RĂZVAD",360,RĂZVAD,65431,1,PROV,PRCNCT,PCJ,PCJ_SV,"2024-06-10 05:57:33",1134,1126,4,4,0,614,610,0,4,0,595,19,1240,626,448,56,44,47
16,DÂMBOVIŢA,"CLĂDIREA ADMINISTRATIVĂ A CONSILIULUI LOCAL BRANIŞTEA",149,BRANIŞTEA,66152,1,PROV,PRCNCT,PCJ,PCJ_SV,"2024-06-10 00:45:28",131,123,0,7,1,105,97,0,7,1,97,8,140,35,76,18,3,0
16,DÂMBOVIŢA,"CLUB CRISTIAN ( UZINA AUTOMECANICĂ MORENI )",67,"MUNICIPIUL MORENI",65841,1,PROV,PRCNCT,PCJ,PCJ_SV,"2024-06-10 03:27:08",662,656,1,5,0,330,325,0,5,0,322,8,720,390,200,50,34,38
16,DÂMBOVIŢA,"CLUB FLACĂRA NR.2",70,"MUNICIPIUL MORENI",65841,1,PROV,PRCNCT,PCJ,PCJ_SV,"2024-06-10 05:59:37",786,780,0,6,0,407,401,0,6,0,394,13,850,443,208,49,33,104
16,DÂMBOVIŢA,"COLEGIUL ECONOMIC ”ION GHICA”",32,"MUNICIPIUL TÂRGOVIŞTE",65342,1,PROV,PRCNCT,PCJ,PCJ_SV,"2024-06-10 04:17:55",976,951,15,9,1,467,457,0,9,1,451,16,1050,583,251,93,38,69
16,DÂMBOVIŢA,"COLEGIUL ECONOMIC ”ION GHICA”",33,"MUNICIPIUL TÂRGOVIŞTE",65342,1,PROV,PRCNCT,PCJ,PCJ_SV,"2024-06-10 04:45:29",1180,1170,0,9,1,539,529,0,9,1,521,18,1290,751,307,100,41,73
16,DÂMBOVIŢA,"COLEGIUL NAȚIONAL ”CONSTANTIN CARABELLA”",13,"MUNICIPIUL TÂRGOVIŞTE",65342,1,PROV,PRCNCT,PCJ,PCJ_SV,"2024-06-10 04:50:07",1004,998,0,6,0,490,484,0,6,0,474,16,1110,620,269,88,40,77
16,DÂMBOVIŢA,"COLEGIUL NAȚIONAL ”IENĂCHIȚĂ VĂCĂRESCU”",34,"MUNICIPIUL TÂRGOVIŞTE",65342,1,PROV,PRCNCT,PCJ,PCJ_SV,"2024-06-10 12:38:53",1512,1504,3,5,0,674,669,0,5,0,653,21,1650,976,390,111,55,97
16,DÂMBOVIŢA,"COLEGIUL NATIONAL „NICOLAE TITULESCU”",109,"ORAŞ PUCIOASA",65921,1,PROV,PRCNCT,PCJ,PCJ_SV,"2024-06-10 03:29:32",1048,1034,2,5,7,469,457,0,5,7,447,22,1160,691,287,95,35,30
16,DÂMBOVIŢA,"COLEGIUL NAȚIONAL ”NICOLAE TITULESCU””",108,"ORAŞ PUCIOASA",65921,1,PROV,PRCNCT,PCJ,PCJ_SV,"2024-06-10 03:49:18",1127,1114,5,6,2,531,523,0,6,2,513,18,1240,709,324,92,53,44
16,DÂMBOVIŢA,"COLEGIUL NAȚIONAL PEDAGOGIC ”CONSTANTIN CANTACUZINO”",53,"MUNICIPIUL TÂRGOVIŞTE",65342,1,PROV,PRCNCT,PCJ,PCJ_SV,"2024-06-10 04:40:07",677,667,0,10,0,286,276,0,10,0,281,5,729,443,191,31,39,20
16,DÂMBOVIŢA,"COLEGIUL NAȚIONAL PEDAGOGIC ”CONSTANTIN CANTACUZINO”",54,"MUNICIPIUL TÂRGOVIŞTE",65342,1,PROV,PRCNCT,PCJ,PCJ_SV,"2024-06-10 04:06:17",748,740,2,6,0,300,294,0,6,0,289,11,820,520,181,46,32,30
16,DÂMBOVIŢA,"COLEGIUL NAȚIONAL PEDAGOGIC ”CONSTANTIN CANTACUZINO”",52,"MUNICIPIUL TÂRGOVIŞTE",65342,1,PROV,PRCNCT,PCJ,PCJ_SV,"2024-06-10 05:46:37",1384,1377,0,7,0,615,608,0,7,0,592,23,1520,905,409,83,51,49
16,DÂMBOVIŢA,"COLEGIUL NAȚIONAL PEDAGOGIC ”CONSTANTIN CANTACUZINO”",51,"MUNICIPIUL TÂRGOVIŞTE",65342,1,PROV,PRCNCT,PCJ,PCJ_SV,"2024-06-10 04:26:53",1232,1226,0,6,0,403,397,0,6,0,388,15,1360,957,272,38,51,27
16,DÂMBOVIŢA,"COLEGIUL NAȚIONAL ” VLADIMIR STREINU”",95,"ORAŞ GĂEŞTI",65681,1,PROV,PRCNCT,PCJ,PCJ_SV,"2024-06-10 13:39:03",1482,1471,1,8,2,906,895,1,8,2,893,13,1610,704,419,351,73,50
16,DÂMBOVIŢA,"DISPENSAR UMAN GULIA",387,TĂRTĂŞEŞTI,105534,1,PROV,PRCNCT,PCJ,PCJ_SV,"2024-06-10 05:23:09",1074,1049,1,23,1,668,644,0,23,1,646,22,1150,482,458,42,77,69
16,DÂMBOVIŢA,"GĂDINIȚA CU PROGRAM NORMAL BĂLENI",138,BĂLENI,66198,1,PROV,PRCNCT,PCJ,PCJ_SV,"2024-06-10 05:05:03",1393,1393,0,0,0,767,767,0,0,0,734,33,1540,773,330,306,63,35
16,DÂMBOVIŢA,"GRĂDINIŢA BĂLTENI, LOCALITATEA BĂLTENI, STRADA EROILOR, NR. 235",192,CONŢEŞTI,66768,1,PROV,PRCNCT,PCJ,PCJ_SV,"2024-06-10 04:38:10",773,769,0,3,1,344,340,0,3,1,329,15,850,506,264,27,28,10
16,DÂMBOVIŢA,"GRĂDINIȚA BRÂNCOVEANU",323,ODOBEŞTI,68342,1,PROV,PRCNCT,PCJ,PCJ_SV,"2024-06-10 04:40:22",496,495,0,1,0,353,352,0,1,0,340,13,545,192,193,118,20,9
16,DÂMBOVIŢA,"GRĂDINIŢA BROŞTENI",418,VIŞINA,69330,1,PROV,PRCNCT,PCJ,PCJ_SV,"2024-06-10 06:39:28",953,930,1,17,5,592,570,0,17,5,576,16,1030,436,293,218,51,14
16,DÂMBOVIŢA,"GRĂDINIŢA BUMBUIA",254,"GURA FOII",65707,1,PROV,PRCNCT,PCJ,PCJ_SV,"2024-06-10 03:03:21",359,340,0,9,10,282,263,0,9,10,273,9,390,108,197,60,13,3
16,DÂMBOVIŢA,"GRĂDINIȚA CROITORI",393,ULIEŞTI,68976,1,PROV,PRCNCT,PCJ,PCJ_SV,"2024-06-10 06:01:55",646,640,1,4,1,469,464,0,4,1,460,9,720,251,248,152,48,12
16,DÂMBOVIŢA,"GRĂDINIŢA CU PROGRAM NORMAL",224,CREVEDIA,102286,1,PROV,PRCNCT,PCJ,PCJ_SV,"2024-06-10 08:16:09",1543,1381,7,151,4,1040,885,0,151,4,989,48,1520,483,353,392,80,164
16,DÂMBOVIŢA,"GRÃDINIŢA CU PROGRAM NORMAL BÃDENI",367,RUNCU,68716,1,PROV,PRCNCT,PCJ,PCJ_SV,"2024-06-10 02:56:04",814,794,1,2,17,368,349,0,2,17,352,16,880,512,229,67,42,14
16,DÂMBOVIŢA,"GRĂDINIȚA CU PROGRAM NORMAL BĂLENI",139,BĂLENI,66198,1,PROV,PRCNCT,PCJ,PCJ_SV,"2024-06-10 04:33:14",1490,1488,0,2,0,894,892,0,2,0,841,53,1640,746,523,219,80,19
16,DÂMBOVIŢA,"GRĂDINIŢA CU PROGRAM NORMAL BĂRĂCENI",195,"CORBII MARI",66857,1,PROV,PRCNCT,PCJ,PCJ_SV,"2024-06-10 02:28:24",400,396,0,4,0,263,259,0,4,0,253,10,440,177,214,11,16,12
16,DÂMBOVIŢA,"GRĂDINIȚA CU PROGRAM NORMAL BRĂTEȘTII DE JOS",409,VĂCĂREŞTI,69250,1,PROV,PRCNCT,PCJ,PCJ_SV,"2024-06-10 04:08:51",554,549,0,5,0,302,297,0,5,0,294,8,610,307,151,105,25,13
16,DÂMBOVIŢA,"GRÃDINIŢA CU PROGRAM NORMAL BREBU",368,RUNCU,68716,1,PROV,PRCNCT,PCJ,PCJ_SV,"2024-06-10 01:44:43",534,524,1,5,4,308,299,0,5,4,300,8,580,272,204,42,47,7
16,DÂMBOVIŢA,"GRĂDINIŢA CU PROGRAM NORMAL BUTOIU DE SUS",266,HULUBEŞTI,67675,1,PROV,PRCNCT,PCJ,PCJ_SV,"2024-06-10 06:08:46",622,617,0,5,0,425,420,0,5,0,411,13,680,250,239,78,79,15
16,DÂMBOVIŢA,"GRĂDINIȚA CU PROGRAM NORMAL COLIBAȘI",269,IEDERA,65869,1,PROV,PRCNCT,PCJ,PCJ_SV,"2024-06-10 06:15:24",413,408,1,4,0,246,241,1,4,0,241,5,450,204,109,55,42,35
16,DÂMBOVIŢA,"GRĂDINIȚA CU PROGRAM NORMAL CRICOVU DULCE",270,IEDERA,65869,1,PROV,PRCNCT,PCJ,PCJ_SV,"2024-06-10 02:39:50",316,311,1,4,0,164,160,0,4,0,154,10,340,176,63,53,15,23
16,DÂMBOVIŢA,"GRADINITA CU PROGRAM NORMAL GHERGHIŢEŞTI",176,COBIA,66580,1,PROV,PRCNCT,PCJ,PCJ_SV,"2024-06-10 05:07:34",963,914,0,11,38,695,646,0,11,38,684,11,1010,315,512,46,117,9
16,DÂMBOVIŢA,"GRĂDINIȚA CU PROGRAM NORMAL GLOGOVEANU",378,ŞELARU,68887,1,PROV,PRCNCT,PCJ,PCJ_SV,"2024-06-10 02:31:32",534,528,0,6,0,312,306,0,6,0,305,7,580,268,210,61,25,9
16,DÂMBOVIŢA,"GRĂDINIȚA CU PROGRAM NORMAL I.L. CARAGIALE",274,"I. L. CARAGIALE",67737,1,PROV,PRCNCT,PCJ,PCJ_SV,"2024-06-10 04:40:28",635,626,0,7,2,367,360,0,7,0,355,9,690,326,152,149,35,19
16,DÂMBOVIŢA,"GRĂDINIŢA CU PROGRAM NORMAL MĂGURA",267,HULUBEŞTI,67675,1,PROV,PRCNCT,PCJ,PCJ_SV,"2024-06-10 08:30:03",520,514,0,4,2,370,364,0,4,2,343,19,570,208,181,76,33,53
16,DÂMBOVIŢA,"GRĂDINIȚA CU PROGRAM NORMAL NR. 1",321,OCNIŢA,68324,1,PROV,PRCNCT,PCJ,PCJ_SV,"2024-06-10 04:32:09",1282,1275,0,2,5,794,787,0,2,5,769,25,1420,626,385,241,100,43
16,DÂMBOVIŢA,"GRĂDINIȚA CU PROGRAM NORMAL NR. 11 ”PRISEACA”",65,"MUNICIPIUL TÂRGOVIŞTE",65342,1,PROV,PRCNCT,PCJ,PCJ_SV,"2024-06-10 04:28:18",1180,1175,3,2,0,572,570,0,2,0,552,20,1290,718,379,93,46,34
16,DÂMBOVIŢA,"GRĂDINIȚA CU PROGRAM NORMAL NR. 1 COSTEȘTII DIN VALE",214,"COSTEŞTII DIN VALE",67121,1,PROV,PRCNCT,PCJ,PCJ_SV,"2024-06-10 01:55:20",414,401,0,5,8,278,265,0,5,8,263,11,440,166,149,87,15,12
16,DÂMBOVIŢA,"GRĂDINIȚA CU PROGRAM NORMAL NR 1 OCNIȚA",319,OCNIŢA,68324,1,PROV,PRCNCT,PCJ,PCJ_SV,"2024-06-10 08:22:24",1268,1257,1,9,1,787,776,1,9,1,770,16,1390,604,422,235,52,61
16,DÂMBOVIŢA,"GRĂDINIŢA CU PROGRAM NORMAL NR.2",69,"MUNICIPIUL MORENI",65841,1,PROV,PRCNCT,PCJ,PCJ_SV,"2024-06-10 09:10:29",715,706,0,8,1,372,363,0,8,1,356,16,780,408,192,59,38,67
16,DÂMBOVIŢA,"GRĂDINIŢA CU PROGRAM NORMAL NR.2",231,DOICEŞTI,65413,1,PROV,PRCNCT,PCJ,PCJ_SV,"2024-06-10 05:37:04",1555,1536,2,5,12,899,882,0,5,12,879,20,1690,788,679,115,48,37
16,DÂMBOVIŢA,"GRADINIȚA CU PROGRAM NORMAL NR 2 FUNDU OCNEI",320,OCNIŢA,68324,1,PROV,PRCNCT,PCJ,PCJ_SV,"2024-06-10 06:58:21",974,966,2,4,2,570,564,0,4,2,555,15,1070,500,258,221,61,15
16,DÂMBOVIŢA,"GRĂDINIȚA CU PROGRAM NORMAL NR. 3 DOICEȘTI",232,DOICEŞTI,65413,1,PROV,PRCNCT,PCJ,PCJ_SV,"2024-06-10 04:52:39",824,809,3,9,3,469,457,0,9,3,458,11,890,421,285,132,32,9
16,DÂMBOVIŢA,"GRĂDINIŢA CU PROGRAM NORMAL NR.7 ŢUICANI",68,"MUNICIPIUL MORENI",65841,1,PROV,PRCNCT,PCJ,PCJ_SV,"2024-06-10 02:35:51",371,365,1,3,2,173,168,0,3,2,171,2,400,227,107,13,16,35
16,DÂMBOVIŢA,"GRĂDINIŢA CU PROGRAM NORMAL PRIBOIU",152,BRĂNEŞTI,66009,1,PROV,PRCNCT,PCJ,PCJ_SV,"2024-06-10 03:02:31",800,793,0,7,0,455,448,0,7,0,439,16,880,425,257,113,42,27
16,DÂMBOVIŢA,"GRÃDINIŢA CU PROGRAM NORMAL RUNCU",365,RUNCU,68716,1,PROV,PRCNCT,PCJ,PCJ_SV,"2024-06-10 03:09:57",1161,1140,2,0,19,622,602,1,0,19,603,19,1260,638,300,205,71,27
16,DÂMBOVIŢA,"GRĂDINIȚA CU PROGRAM NORMAL ȘELARU",376,ŞELARU,68887,1,PROV,PRCNCT,PCJ,PCJ_SV,"2024-06-10 03:08:52",641,631,1,9,0,420,411,0,9,0,401,19,690,270,160,173,30,38
16,DÂMBOVIŢA,"GRADINIŢA CU PROGRAM NORMAL ŞTUBEIE TISA",401,"VALEA LUNGĂ",69063,1,PROV,PRCNCT,PCJ,PCJ_SV,"2024-06-10 01:48:50",336,331,0,3,2,196,191,0,3,2,192,4,370,174,153,21,12,6
16,DÂMBOVIŢA,"GRĂDINIȚA CU PROGRAM NORMAL SUDULENI",428,VOINEŞTI,69526,1,PROV,PRCNCT,PCJ,PCJ_SV,"2024-06-10 03:05:51",1273,1267,1,5,0,706,701,0,5,0,672,34,1400,694,504,34,107,27
16,DÂMBOVIŢA,"GRĂDINIŢA CU PROGRAM NORMAL TISA",71,"MUNICIPIUL MORENI",65841,1,PROV,PRCNCT,PCJ,PCJ_SV,"2024-06-10 03:43:49",526,517,0,8,1,318,309,0,8,1,308,10,570,252,142,71,27,68
16,DÂMBOVIŢA,"GRĂDINIŢA CU PROGRAM NORMAL UNGURENI",200,"CORBII MARI",66857,1,PROV,PRCNCT,PCJ,PCJ_SV,"2024-06-10 03:37:43",886,882,0,4,0,586,582,0,4,0,575,11,970,384,490,47,26,12
16,DÂMBOVIŢA,"GRĂDINIȚA CU PROGRAM NORMAL ”VĂCĂRESCU NATALIA”",338,PIETROŞIŢA,68404,1,PROV,PRCNCT,PCJ,PCJ_SV,"2024-06-10 02:26:07",833,829,0,4,0,506,502,0,4,0,496,10,910,404,285,144,44,23
16,DÂMBOVIŢA,"GRĂDINIȚA CU PROGRAM NORMAL VALEA",335,PIETRARI,179908,1,PROV,PRCNCT,PCJ,PCJ_SV,"2024-06-10 05:04:05",522,519,0,1,2,372,369,0,1,2,355,17,570,198,181,18,152,4
16,DÂMBOVIŢA,"GRĂDINIŢA CU PROGRAM NORMAL VALEA CASELOR",406,"VALEA MARE",69170,1,PROV,PRCNCT,PCJ,PCJ_SV,"2024-06-10 04:49:05",563,560,1,1,1,361,358,1,1,1,344,17,620,259,252,36,35,21
16,DÂMBOVIŢA,"GRĂDINIȚA CU PROGRAM NORMAL, VULCANA-PANDELE",432,VULCANA-PANDELE,179640,1,PROV,PRCNCT,PCJ,PCJ_SV,"2024-06-10 05:05:40",1212,1201,2,5,4,459,449,1,5,4,437,22,1320,861,274,56,68,39
16,DÂMBOVIŢA,"GRĂDINIȚA CU PROGRAM PRELUNGIT ”ALEXANDRINA SIMIONESCU-GHICA”",59,"MUNICIPIUL TÂRGOVIŞTE",65342,1,PROV,PRCNCT,PCJ,PCJ_SV,"2024-06-10 02:50:37",418,412,0,6,0,232,226,0,6,0,226,6,450,218,134,45,21,26
16,DÂMBOVIŢA,"GRĂDINIȚA CU PROGRAM PRELUNGIT NR. 13",18,"MUNICIPIUL TÂRGOVIŞTE",65342,1,PROV,PRCNCT,PCJ,PCJ_SV,"2024-06-10 04:56:48",1170,1164,1,5,0,503,498,0,5,0,488,15,1270,767,314,78,36,60
16,DÂMBOVIŢA,"GRĂDINIȚA CU PROGRAM PRELUNGIT NR. 13",17,"MUNICIPIUL TÂRGOVIŞTE",65342,1,PROV,PRCNCT,PCJ,PCJ_SV,"2024-06-10 06:30:06",1399,1394,0,5,0,545,540,0,5,0,526,19,1540,995,336,83,57,50
16,DÂMBOVIŢA,"GRĂDINIȚA CU PROGRAM PRELUNGIT NR. 2",3,"MUNICIPIUL TÂRGOVIŞTE",65342,1,PROV,PRCNCT,PCJ,PCJ_SV,"2024-06-10 04:24:41",1479,1471,2,6,0,630,624,0,6,0,610,20,1630,980,388,88,66,68
16,DÂMBOVIŢA,"GRĂDINIȚA DÂMBOVICIOARA",148,BRANIŞTEA,66152,1,PROV,PRCNCT,PCJ,PCJ_SV,"2024-06-10 10:54:52",926,896,1,19,10,717,688,0,19,10,681,36,990,270,217,407,49,8
16,DÂMBOVIŢA,"GRĂDINIŢA DE COPII",427,VOINEŞTI,69526,1,PROV,PRCNCT,PCJ,PCJ_SV,"2024-06-10 05:13:09",719,715,0,4,0,482,478,0,4,0,447,35,790,308,327,70,41,9
16,DÂMBOVIŢA,"GRĂDINIȚA DE COPII",173,CIOCĂNEŞTI,101840,1,PROV,PRCNCT,PCJ,PCJ_SV,"2024-06-10 01:29:19",378,377,0,1,0,287,286,0,1,0,282,5,410,123,200,13,63,6
16,DÂMBOVIŢA,"GRADINITA DE COPII CU PROGRAM PRELUNGIT NR.5 ”PARADISUL PITICILOR”",113,"ORAŞ PUCIOASA",65921,1,PROV,PRCNCT,PCJ,PCJ_SV,"2024-06-10 04:05:32",1046,1038,0,7,1,486,478,0,7,1,474,12,1140,654,322,97,36,19
16,DÂMBOVIŢA,"GRĂDINIŢA DE COPII GHEBOIENI",390,TĂTĂRANI,68921,1,PROV,PRCNCT,PCJ,PCJ_SV,"2024-06-10 05:06:08",1222,1209,0,6,7,651,638,0,6,7,624,27,1340,689,419,59,122,24
16,DÂMBOVIŢA,"GRĂDINIȚA DE COPII VALEA MARE",404,"VALEA LUNGĂ",69063,1,PROV,PRCNCT,PCJ,PCJ_SV,"2024-06-10 01:46:00",428,426,0,2,0,226,224,0,2,0,223,3,470,244,140,30,43,10
16,DÂMBOVIŢA,"GRĂDINIȚA DIACONEȘTI NR.9",112,"ORAŞ PUCIOASA",65921,1,PROV,PRCNCT,PCJ,PCJ_SV,"2024-06-10 02:45:31",825,815,1,9,0,417,408,0,9,0,404,13,900,483,254,103,37,10
16,DÂMBOVIŢA,"GRADINITA DUMBRAVA",397,ULMI,65501,1,PROV,PRCNCT,PCJ,PCJ_SV,"2024-06-10 05:16:15",1007,1002,2,3,0,539,536,0,3,0,521,18,1100,561,359,62,77,23
16,DÂMBOVIŢA,"GRĂDINIŢA ”DUMBRAVA MINUNATĂ” FIENI",89,"ORAŞ FIENI",65609,1,PROV,PRCNCT,PCJ,PCJ_SV,"2024-06-10 05:56:13",554,541,0,10,3,215,202,0,10,3,203,12,610,395,132,26,27,18
16,DÂMBOVIŢA,"GRĂDINIŢA GEANGOEŞTI-DRAGOMIREŞTI",241,DRAGOMIREŞTI,67407,1,PROV,PRCNCT,PCJ,PCJ_SV,"2024-06-10 02:05:10",288,281,0,7,0,150,143,0,7,0,147,3,310,160,88,14,32,13
16,DÂMBOVIŢA,"GRADINITA IONESTI",331,PETREŞTI,65752,1,PROV,PRCNCT,PCJ,PCJ_SV,"2024-06-10 07:52:36",1452,1435,0,3,14,966,949,0,3,14,920,46,1590,624,284,502,103,31
16,DÂMBOVIŢA,"GRĂDINIŢA MĂGURA",144,BEZDEAD,66330,1,PROV,PRCNCT,PCJ,PCJ_SV,"2024-06-10 04:33:32",806,791,0,8,7,408,393,0,8,7,388,20,880,472,81,278,18,11
16,DÂMBOVIŢA,"GRĂDINIŢA MANGA",426,VOINEŞTI,69526,1,PROV,PRCNCT,PCJ,PCJ_SV,"2024-06-10 02:28:04",643,638,0,5,0,361,356,0,5,0,345,16,700,339,282,26,17,20
16,DÂMBOVIŢA,"GRADINITA MATRACA",398,ULMI,65501,1,PROV,PRCNCT,PCJ,PCJ_SV,"2024-06-10 01:42:41",688,682,0,6,0,411,405,0,6,0,397,12,760,349,301,36,34,26
16,DÂMBOVIŢA,"GRĂDINIȚA MAVRODIN",121,"ORAŞ RĂCARI",68627,1,PROV,PRCNCT,PCJ,PCJ_SV,"2024-06-10 04:37:43",809,778,1,15,15,433,408,0,10,15,419,14,880,447,88,274,40,17
16,DÂMBOVIŢA,"GRĂDINIŢA MISLEA",179,COBIA,66580,1,PROV,PRCNCT,PCJ,PCJ_SV,"2024-06-10 03:19:42",612,592,0,3,17,386,366,0,3,17,380,6,674,288,282,22,61,15
16,DÂMBOVIŢA,"GRĂDINIȚA MORTENI CENTRU",307,MORTENI,68253,1,PROV,PRCNCT,PCJ,PCJ_SV,"2024-06-10 08:16:12",1145,1096,1,32,16,941,893,0,32,16,893,25,1220,254,646,173,62,12
16,DÂMBOVIŢA,"GRĂDINIȚA MORTENI CENTRU",308,MORTENI,68253,1,PROV,PRCNCT,PCJ,PCJ_SV,"2024-06-10 05:04:52",1110,1079,0,18,13,849,818,0,18,13,787,31,1200,351,583,138,53,13
16,DÂMBOVIŢA,"GRĂDINIȚA NOUĂ POROINICA",296,MĂTĂSARU,68048,1,PROV,PRCNCT,PCJ,PCJ_SV,"2024-06-10 05:32:01",615,613,1,1,0,416,415,0,1,0,410,6,680,264,127,213,34,36
16,DÂMBOVIŢA,"GRĂDINIŢA NR. 1 VISINA",417,VIŞINA,69330,1,PROV,PRCNCT,PCJ,PCJ_SV,"2024-06-10 05:24:24",924,908,0,7,9,641,625,0,7,9,615,26,1018,377,337,186,77,15
16,DÂMBOVIŢA,"GRĂDINIȚA NR. 2 BEZDEAD",143,BEZDEAD,66330,1,PROV,PRCNCT,PCJ,PCJ_SV,"2024-06-10 06:58:11",1313,1302,1,3,7,690,680,0,3,7,674,16,1450,760,225,397,33,19
16,DÂMBOVIŢA,"GRĂDINIȚA PICIOR DE MUNTE",235,DRAGODANA,67327,1,PROV,PRCNCT,PCJ,PCJ_SV,"2024-06-10 14:47:22",1429,1403,1,9,16,916,891,0,9,16,890,26,1560,644,581,163,120,26
16,DÂMBOVIŢA,"GRĂDINIŢA PIETROŞIŢA,NR 327 B",337,PIETROŞIŢA,68404,1,PROV,PRCNCT,PCJ,PCJ_SV,"2024-06-10 05:55:51",821,819,1,1,0,456,455,0,1,0,438,18,910,454,308,65,38,27
16,DÂMBOVIŢA,"GRĂDINIŢA PIETROŞIŢA,NR.327 B",336,PIETROŞIŢA,68404,1,PROV,PRCNCT,PCJ,PCJ_SV,"2024-06-10 05:54:46",845,840,0,4,1,440,435,0,4,1,423,17,930,490,265,86,37,35
16,DÂMBOVIŢA,"GRĂDINIȚA ”PINOCHIO” COSTEȘTI",91,"ORAŞ FIENI",65609,1,PROV,PRCNCT,PCJ,PCJ_SV,"2024-06-10 02:04:27",622,609,0,3,10,325,312,0,3,10,317,8,680,355,219,21,23,54
16,DÂMBOVIŢA,"GRĂDINIȚA ”PITICII” BEREVOIEȘTI",90,"ORAŞ FIENI",65609,1,PROV,PRCNCT,PCJ,PCJ_SV,"2024-06-10 02:23:00",543,536,1,3,3,283,276,1,3,3,276,7,590,307,195,46,24,11
16,DÂMBOVIŢA,"GRADINITA POTLOGENI DEAL",332,PETREŞTI,65752,1,PROV,PRCNCT,PCJ,PCJ_SV,"2024-06-10 03:05:47",167,157,0,10,0,125,115,0,10,0,115,10,170,45,25,85,4,1
16,DÂMBOVIŢA,"GRĂDINIȚA PUŢU CU SALCIE",297,MĂTĂSARU,68048,1,PROV,PRCNCT,PCJ,PCJ_SV,"2024-06-10 10:26:39",729,717,0,12,0,500,488,0,12,0,470,30,810,310,181,239,32,18
16,DÂMBOVIŢA,"GRĂDINIȚA SĂBIEȘTI",122,"ORAŞ RĂCARI",68627,1,PROV,PRCNCT,PCJ,PCJ_SV,"2024-06-10 05:57:32",595,512,0,25,58,424,341,0,25,58,415,9,634,210,60,329,21,5
16,DÂMBOVIŢA,"GRĂDINIŢA TEŢCOIU",293,MĂTĂSARU,68048,1,PROV,PRCNCT,PCJ,PCJ_SV,"2024-06-10 06:35:57",1050,1040,0,9,1,659,649,0,9,1,627,32,1150,491,261,276,51,39
16,DÂMBOVIŢA,"GRĂDINȚA LĂCULEȚE",252,GLODENI,67522,1,PROV,PRCNCT,PCJ,PCJ_SV,"2024-06-10 05:18:47",709,708,0,0,1,709,708,0,0,1,398,18,780,364,145,207,22,24
16,DÂMBOVIŢA,"GRUP ŞCOLAR INDUSTRIAL ”INGINER AUREL RAINU” FIENI",87,"ORAŞ FIENI",65609,1,PROV,PRCNCT,PCJ,PCJ_SV,"2024-06-10 04:41:06",1389,1377,2,8,2,549,539,0,8,2,524,25,1510,961,306,122,57,39
16,DÂMBOVIŢA,"GRUP ȘCOLAR INDUSTRIAL ”INGINER AUREL RAINU” FIENI",88,"ORAŞ FIENI",65609,1,PROV,PRCNCT,PCJ,PCJ_SV,"2024-06-10 05:35:46",1470,1460,0,8,2,656,646,0,8,2,626,30,1630,974,324,143,94,65
16,DÂMBOVIŢA,"GRӐDINIȚA CU PROGRAM NORMAL GURA ȘUȚII,CORPUL B",262,"GURA ŞUŢII",67648,1,PROV,PRCNCT,PCJ,PCJ_SV,"2024-06-10 05:53:01",979,954,0,1,24,648,623,0,1,24,635,13,1080,432,542,17,65,11
16,DÂMBOVIŢA,"LICEUL DE ARTE ”BĂLAȘA DOAMNA”",11,"MUNICIPIUL TÂRGOVIŞTE",65342,1,PROV,PRCNCT,PCJ,PCJ_SV,"2024-06-10 05:04:12",978,973,0,5,0,401,396,0,5,0,390,11,1070,669,254,57,41,38
16,DÂMBOVIŢA,"LICEUL TEHNOLOGIC ”CONSTANTIN BRÂNCOVEANU”",23,"MUNICIPIUL TÂRGOVIŞTE",65342,1,PROV,PRCNCT,PCJ,PCJ_SV,"2024-06-10 04:28:05",677,668,1,8,0,236,228,0,8,0,226,10,740,504,138,40,24,24
16,DÂMBOVIŢA,"LICEUL TEHNOLOGIC ”CONSTANTIN BRÂNCOVEANU”",21,"MUNICIPIUL TÂRGOVIŞTE",65342,1,PROV,PRCNCT,PCJ,PCJ_SV,"2024-06-10 05:03:19",1312,1307,0,5,0,515,510,0,5,0,497,18,1450,935,332,66,61,38
16,DÂMBOVIŢA,"LICEUL TEHNOLOGIC ”CONSTANTIN BRÂNCOVEANU”",19,"MUNICIPIUL TÂRGOVIŞTE",65342,1,PROV,PRCNCT,PCJ,PCJ_SV,"2024-06-10 04:39:30",768,758,0,10,0,302,292,0,10,0,293,9,840,538,185,47,38,23
16,DÂMBOVIŢA,"LICEUL TEHNOLOGIC ”CONSTANTIN BRÂNCOVEANU”",22,"MUNICIPIUL TÂRGOVIŞTE",65342,1,PROV,PRCNCT,PCJ,PCJ_SV,"2024-06-10 04:50:52",777,773,0,4,0,284,280,0,4,0,273,11,860,576,190,30,39,14
16,DÂMBOVIŢA,"LICEUL TEHNOLOGIC ”CONSTANTIN BRÂNCOVEANU”",20,"MUNICIPIUL TÂRGOVIŞTE",65342,1,PROV,PRCNCT,PCJ,PCJ_SV,"2024-06-10 04:07:33",858,852,1,5,0,284,279,0,5,0,273,11,940,656,171,44,41,17
16,DÂMBOVIŢA,"LICEUL TEHNOLOGIC DE PETROL",85,"MUNICIPIUL MORENI",65841,1,PROV,PRCNCT,PCJ,PCJ_SV,"2024-06-10 04:12:48",1387,1374,1,9,3,646,634,0,9,3,625,21,1510,864,275,121,66,163
16,DÂMBOVIŢA,"LICEUL TEHNOLOGIC DE TRANSPORTURI AUTO",41,"MUNICIPIUL TÂRGOVIŞTE",65342,1,PROV,PRCNCT,PCJ,PCJ_SV,"2024-06-10 07:06:23",1701,1692,0,9,0,475,466,0,9,0,464,9,1890,1403,280,69,60,55
16,DÂMBOVIŢA,"LICEUL TEHNOLOGIC DE TRANSPORTURI AUTO",42,"MUNICIPIUL TÂRGOVIŞTE",65342,1,PROV,PRCNCT,PCJ,PCJ_SV,"2024-06-10 05:31:36",1272,1262,3,7,0,546,538,1,7,0,528,18,1390,844,326,92,55,55
16,DÂMBOVIŢA,"LICEUL TEHNOLOGIC DE TRANSPORTURI AUTO",44,"MUNICIPIUL TÂRGOVIŞTE",65342,1,PROV,PRCNCT,PCJ,PCJ_SV,"2024-06-10 02:35:12",1222,1218,0,4,0,492,488,0,4,0,482,10,1340,848,341,54,48,39
16,DÂMBOVIŢA,"LICEUL TEHNOLOGIC DE TRANSPORTURI AUTO",43,"MUNICIPIUL TÂRGOVIŞTE",65342,1,PROV,PRCNCT,PCJ,PCJ_SV,"2024-06-10 02:57:07",1273,1268,1,4,0,564,560,0,4,0,541,23,1400,836,370,64,59,48
16,DÂMBOVIŢA,"LICEUL TEHNOLOGIC DE TRANSPORTURI AUTO",40,"MUNICIPIUL TÂRGOVIŞTE",65342,1,PROV,PRCNCT,PCJ,PCJ_SV,"2024-06-10 06:29:25",1446,1442,0,4,0,570,566,0,4,0,552,18,1590,1020,349,81,55,67
16,DÂMBOVIŢA,"LICEUL TEHNOLOGIC ” DOCTOR CONSTANTIN ANGELESCU”",94,"ORAŞ GĂEŞTI",65681,1,PROV,PRCNCT,PCJ,PCJ_SV,"2024-06-10 16:42:48",1174,1162,0,12,0,739,727,0,12,0,713,26,1280,541,380,250,52,31
16,DÂMBOVIŢA,"LICEUL TEHNOLOGIC ”MARIN GRIGORE NĂSTASE” TĂRTĂȘEȘTI,",385,TĂRTĂŞEŞTI,105534,1,PROV,PRCNCT,PCJ,PCJ_SV,"2024-06-10 05:18:24",960,947,3,10,0,582,572,0,10,0,543,39,1050,468,310,46,92,95
16,DÂMBOVIŢA,"LICEUL TEHNOLOGIC ”NICOLAE CIORĂNESCU”",49,"MUNICIPIUL TÂRGOVIŞTE",65342,1,PROV,PRCNCT,PCJ,PCJ_SV,"2024-06-10 04:00:32",1522,1511,2,9,0,445,436,0,9,0,416,29,1660,1215,262,59,47,48
16,DÂMBOVIŢA,"LICEUL TEHNOLOGIC ”NICOLAE CIORĂNESCU”",50,"MUNICIPIUL TÂRGOVIŞTE",65342,1,PROV,PRCNCT,PCJ,PCJ_SV,"2024-06-10 02:23:03",1114,1107,2,4,1,423,418,0,4,1,406,17,1220,797,270,44,52,40
16,DÂMBOVIŢA,"LICEUL TEHNOLOGIC ”NICOLAE CIORĂNESCU”",46,"MUNICIPIUL TÂRGOVIŞTE",65342,1,PROV,PRCNCT,PCJ,PCJ_SV,"2024-06-10 03:45:44",1105,1090,7,8,0,543,535,0,8,0,535,8,1200,657,307,80,58,90
16,DÂMBOVIŢA,"LICEUL TEHNOLOGIC ”NICOLAE CIORĂNESCU”",48,"MUNICIPIUL TÂRGOVIŞTE",65342,1,PROV,PRCNCT,PCJ,PCJ_SV,"2024-06-10 03:30:23",736,726,1,8,1,292,283,0,8,1,284,8,800,508,188,35,33,28
16,DÂMBOVIŢA,"LICEUL TEHNOLOGIC ”NICOLAE CIORĂNESCU”",47,"MUNICIPIUL TÂRGOVIŞTE",65342,1,PROV,PRCNCT,PCJ,PCJ_SV,"2024-06-10 02:35:50",765,758,2,5,0,294,289,0,5,0,286,8,840,546,198,32,26,30
16,DÂMBOVIŢA,"LICEUL TEHNOLOGIC ”NICOLAE CIORĂNESCU”",45,"MUNICIPIUL TÂRGOVIŞTE",65342,1,PROV,PRCNCT,PCJ,PCJ_SV,"2024-06-10 00:45:07",1220,1213,0,7,0,408,401,0,7,0,393,15,1350,942,276,41,45,31
16,DÂMBOVIŢA,"LICEUL TEHNOLOGIC ”SPIRU HARET”",8,"MUNICIPIUL TÂRGOVIŞTE",65342,1,PROV,PRCNCT,PCJ,PCJ_SV,"2024-06-10 05:44:42",1103,1097,0,6,0,464,458,0,6,0,452,12,1210,746,302,70,40,40
16,DÂMBOVIŢA,"LICEUL TEHNOLOGIC ”SPIRU HARET”",9,"MUNICIPIUL TÂRGOVIŞTE",65342,1,PROV,PRCNCT,PCJ,PCJ_SV,"2024-06-10 03:49:17",926,919,2,5,0,372,367,0,5,0,355,17,1040,668,215,62,40,38
16,DÂMBOVIŢA,"LICEUL TEHNOLOGIC ”SPIRU HARET”",10,"MUNICIPIUL TÂRGOVIŞTE",65342,1,PROV,PRCNCT,PCJ,PCJ_SV,"2024-06-10 03:49:32",1183,1175,0,8,0,513,505,0,8,0,497,16,1290,777,284,80,72,61
16,DÂMBOVIŢA,"LICEUL TEHNOLOGIC UDREA BĂLEANU",137,BĂLENI,66198,1,PROV,PRCNCT,PCJ,PCJ_SV,"2024-06-10 05:10:26",902,895,1,6,0,482,476,0,6,0,438,44,990,508,182,189,44,23
16,DÂMBOVIŢA,"LICEUL TEHNOLOGIC UDREA BĂLEANU",136,BĂLENI,66198,1,PROV,PRCNCT,PCJ,PCJ_SV,"2024-06-10 06:08:11",1484,1478,1,5,0,823,818,0,5,0,794,29,1630,807,447,214,70,63
16,DÂMBOVIŢA,"LICEUL TEORETIC IANCU .C.VISARION",129,"ORAŞ TITU",66081,1,PROV,PRCNCT,PCJ,PCJ_SV,"2024-06-10 09:27:15",1383,1360,2,11,10,900,878,1,11,10,860,30,1500,610,485,282,47,46
16,DÂMBOVIŢA,"LICEUL TEORETIC IANCU .C.VISARION",128,"ORAŞ TITU",66081,1,PROV,PRCNCT,PCJ,PCJ_SV,"2024-06-10 04:43:25",1187,1169,3,4,11,658,643,0,4,11,639,19,1286,628,389,172,49,29
16,DÂMBOVIŢA,"LICEUL TEORETIC IANCU C.VISARION",127,"ORAŞ TITU",66081,1,PROV,PRCNCT,PCJ,PCJ_SV,"2024-06-10 06:54:34",1050,1044,0,1,5,633,627,0,1,5,613,20,1150,517,332,201,54,26
16,DÂMBOVIŢA,"LICEUL TEORETIC” ION GHICA” RACARI",117,"ORAŞ RĂCARI",68627,1,PROV,PRCNCT,PCJ,PCJ_SV,"2024-06-10 07:49:19",831,787,0,14,30,512,468,0,14,30,496,16,900,388,172,252,55,17
16,DÂMBOVIŢA,"LICEUL TEORETIC ”ION GHICA” RĂCARI",116,"ORAŞ RĂCARI",68627,1,PROV,PRCNCT,PCJ,PCJ_SV,"2024-06-10 03:49:17",812,784,0,15,13,482,454,0,15,13,470,12,880,398,159,234,50,27
16,DÂMBOVIŢA,"LICEUL TEORETIC ”ION HELIADE RĂDULESCU”",28,"MUNICIPIUL TÂRGOVIŞTE",65342,1,PROV,PRCNCT,PCJ,PCJ_SV,"2024-06-10 05:23:17",1031,1025,2,3,1,433,429,0,3,1,420,13,1150,717,272,59,52,37
16,DÂMBOVIŢA,"LICEUL TEORETIC ”ION HELIADE RĂDULESCU”",27,"MUNICIPIUL TÂRGOVIŞTE",65342,1,PROV,PRCNCT,PCJ,PCJ_SV,"2024-06-10 04:21:52",834,827,0,6,1,356,349,0,6,1,340,16,920,564,203,59,42,36
16,DÂMBOVIŢA,"LICEUL TEORETIC ”ION LUCA CARAGIALE”",84,"MUNICIPIUL MORENI",65841,1,PROV,PRCNCT,PCJ,PCJ_SV,"2024-06-10 05:56:29",679,662,4,11,2,320,307,0,11,2,302,18,730,410,155,50,28,69
16,DÂMBOVIŢA,"LICEUL TEORETIC ”PETRU CERCEL”",12,"MUNICIPIUL TÂRGOVIŞTE",65342,1,PROV,PRCNCT,PCJ,PCJ_SV,"2024-06-10 09:48:05",1871,1830,28,10,3,839,825,1,10,3,800,39,2020,1181,503,136,87,74
16,DÂMBOVIŢA,"LICEUL ”VOIEVODUL MIRCEA”",38,"MUNICIPIUL TÂRGOVIŞTE",65342,1,PROV,PRCNCT,PCJ,PCJ_SV,"2024-06-10 05:10:14",1448,1429,4,10,5,544,529,0,10,5,519,25,1570,1026,317,86,48,68
16,DÂMBOVIŢA,"SALĂ DE FESTIVITĂȚI",306,MOROENI,68182,1,PROV,PRCNCT,PCJ,PCJ_SV,"2024-06-10 06:05:45",477,465,0,12,0,339,327,0,12,0,330,8,520,182,168,112,30,20
16,DÂMBOVIŢA,"SALA DE FESTIVITĂŢI A PRIMĂRIEI TĂTĂRANI",388,TĂTĂRANI,68921,1,PROV,PRCNCT,PCJ,PCJ_SV,"2024-06-10 04:48:03",829,815,1,5,8,540,527,0,5,8,527,13,900,360,389,46,75,17
16,DÂMBOVIŢA,"SALA DE FESTIVITĂŢI FĂGETU",255,"GURA FOII",65707,1,PROV,PRCNCT,PCJ,PCJ_SV,"2024-06-10 03:47:57",301,296,0,4,1,235,230,0,4,1,226,9,330,95,106,104,10,6
16,DÂMBOVIŢA,"SALA DE SPORT",82,"MUNICIPIUL MORENI",65841,1,PROV,PRCNCT,PCJ,PCJ_SV,"2024-06-10 05:00:31",699,686,0,11,2,338,325,0,11,2,333,5,760,422,174,61,26,72
16,DÂMBOVIŢA,"SALA DE SPORT",83,"MUNICIPIUL MORENI",65841,1,PROV,PRCNCT,PCJ,PCJ_SV,"2024-06-10 06:13:35",635,632,0,3,0,322,319,0,3,0,309,13,700,378,150,40,48,71
16,DÂMBOVIŢA,"ŞCOALA ANINOASA",131,ANINOASA,65379,1,PROV,PRCNCT,PCJ,PCJ_SV,"2024-06-10 06:33:57",1006,997,0,7,2,565,556,0,7,2,542,23,1100,535,344,121,36,41
16,DÂMBOVIŢA,"ŞCOALA ANINOASA",130,ANINOASA,65379,1,PROV,PRCNCT,PCJ,PCJ_SV,"2024-06-10 06:37:38",1095,1064,0,22,9,643,612,0,22,9,621,22,1160,517,413,124,37,47
16,DÂMBOVIŢA,"ŞCOALA BECHINEŞTI",247,FINTA,67470,1,PROV,PRCNCT,PCJ,PCJ_SV,"2024-06-10 06:31:54",643,626,0,12,5,408,391,0,12,5,387,21,690,282,86,212,39,50
16,DÂMBOVIŢA,"ȘCOALA ”BUICĂ IONESCU”",251,GLODENI,67522,1,PROV,PRCNCT,PCJ,PCJ_SV,"2024-06-10 04:24:00",1120,1114,1,1,4,710,705,0,1,4,693,17,1240,530,325,280,28,60
16,DÂMBOVIŢA,"ȘCOALA ”BUICĂ IONESCU”",250,GLODENI,67522,1,PROV,PRCNCT,PCJ,PCJ_SV,"2024-06-10 04:25:06",1498,1493,0,2,3,873,868,0,2,3,837,36,1650,777,377,378,46,36
16,DÂMBOVIŢA,"ȘCOALA BURDUCA",234,DRAGODANA,67327,1,PROV,PRCNCT,PCJ,PCJ_SV,"2024-06-10 06:48:08",654,629,0,16,9,654,629,0,16,9,636,16,1060,408,340,238,47,11
16,DÂMBOVIŢA,"ȘCOALA COJOCARU",299,MOGOŞANI,68128,1,PROV,PRCNCT,PCJ,PCJ_SV,"2024-06-10 05:51:02",656,631,1,20,4,480,456,0,20,4,468,12,710,230,169,248,24,27
16,DÂMBOVIŢA,"ŞCOALA CONŢEŞTI, LOCALITATEA CONŢEŞTI, STRADA GĂRII, NR. 192",190,CONŢEŞTI,66768,1,PROV,PRCNCT,PCJ,PCJ_SV,"2024-06-10 00:55:29",204,199,0,4,1,199,194,0,4,1,194,5,490,287,133,12,37,12
16,DÂMBOVIŢA,"ŞCOALA CU CLASELE I-IV",222,CREVEDIA,102286,1,PROV,PRCNCT,PCJ,PCJ_SV,"2024-06-10 02:54:34",430,399,1,26,4,338,308,0,26,4,322,14,440,104,229,52,29,12
16,DÂMBOVIŢA,"ŞCOALA CU CLASELE I - IV ALUNIŞU",204,CORNĂŢELU,66955,1,PROV,PRCNCT,PCJ,PCJ_SV,"2024-06-10 04:07:59",307,286,0,13,8,248,227,0,13,8,239,9,310,62,193,36,9,1
16,DÂMBOVIŢA,"ŞCOALA CU CLASELE I - IV BOLOVANI",205,CORNĂŢELU,66955,1,PROV,PRCNCT,PCJ,PCJ_SV,"2024-06-10 04:33:04",587,517,0,53,17,434,364,0,53,17,392,14,560,154,208,149,28,7
16,DÂMBOVIŢA,"ŞCOALA CU CLASELE I-IV BOTENI, LOCALITATEA BOTENI, STRADA AEROPORTULUI, NR. 308G",193,CONŢEŞTI,66768,1,PROV,PRCNCT,PCJ,PCJ_SV,"2024-06-10 02:18:34",731,726,1,3,1,278,274,0,3,1,268,10,800,522,191,27,41,9
16,DÂMBOVIŢA,"ŞCOALA CU CLASELE I-IV CONŢEŞTI, LOCALITATEA CONŢEŞTI, STRADA PRIMĂRIEI, NR. 444",189,CONŢEŞTI,66768,1,PROV,PRCNCT,PCJ,PCJ_SV,"2024-06-10 04:06:50",699,684,0,12,3,343,328,0,12,3,331,12,760,417,220,19,69,23
16,DÂMBOVIŢA,"ŞCOALA CU CLASELE I-IV IAZU",184,COJASCA,66697,1,PROV,PRCNCT,PCJ,PCJ_SV,"2024-06-10 05:26:24",1111,1092,0,9,10,935,916,0,9,10,899,36,1220,285,29,850,18,2
16,DÂMBOVIŢA,"ŞCOALA CU CLASELE I-IV IAZU",185,COJASCA,66697,1,PROV,PRCNCT,PCJ,PCJ_SV,"2024-06-10 05:26:55",1058,1048,0,7,3,889,879,0,7,3,855,32,1160,273,31,796,25,3
16,DÂMBOVIŢA,"ȘCOALA CU CLASELE I-IV IEDERA DE SUS",271,IEDERA,65869,1,PROV,PRCNCT,PCJ,PCJ_SV,"2024-06-10 07:49:53",1195,1183,0,11,1,738,726,0,11,1,707,31,1310,572,363,208,75,61
16,DÂMBOVIŢA,"ȘCOALA CU CLASELE I-IV MOVILA",314,NICULEŞTI,104387,1,PROV,PRCNCT,PCJ,PCJ_SV,"2024-06-10 01:59:55",514,490,0,10,14,275,251,0,10,14,263,12,550,275,196,26,28,13
16,DÂMBOVIŢA,"ȘCOALA CU CLASELE I-IV STURZENI",169,CÂNDEŞTI,66526,1,PROV,PRCNCT,PCJ,PCJ_SV,"2024-06-10 05:48:27",421,400,0,7,14,263,242,0,7,14,253,10,440,177,99,97,51,6
16,DÂMBOVIŢA,"ȘCOALA CU CLASELE I-IV VALEA MARE",170,CÂNDEŞTI,66526,1,PROV,PRCNCT,PCJ,PCJ_SV,"2024-06-10 00:57:35",96,90,0,5,1,78,72,0,5,1,76,2,140,62,28,37,11,0
16,DÂMBOVIŢA,"ŞCOALA CU CLASELE I-VIII",424,VOINEŞTI,69526,1,PROV,PRCNCT,PCJ,PCJ_SV,"2024-06-10 05:10:51",1301,1289,0,2,10,882,870,0,2,10,849,31,1440,560,702,52,64,31
16,DÂMBOVIŢA,"ȘCOALA CU CLASELE. I-VIII ADÂNCA",258,"GURA OCNIŢEI",67595,1,PROV,PRCNCT,PCJ,PCJ_SV,"2024-06-10 08:51:56",1494,1484,1,7,2,778,769,0,7,2,763,15,1630,852,387,168,173,35
16,DÂMBOVIŢA,"ȘCOALA CU CLASELE I-VIII CIOCĂNARI",313,NICULEŞTI,104387,1,PROV,PRCNCT,PCJ,PCJ_SV,"2024-06-10 05:23:54",1015,1010,3,2,0,498,496,0,2,0,457,38,1110,612,281,91,70,15
16,DÂMBOVIŢA,"ȘCOALA CU CLASELE I - VIII CIOCĂNEȘTI",172,CIOCĂNEŞTI,101840,1,PROV,PRCNCT,PCJ,PCJ_SV,"2024-06-10 04:37:01",945,938,0,7,0,669,662,0,7,0,643,26,1030,361,412,24,197,10
16,DÂMBOVIŢA,"ȘCOALA CU CLASELE I-VIII CIOCĂNEȘTI",171,CIOCĂNEŞTI,101840,1,PROV,PRCNCT,PCJ,PCJ_SV,"2024-06-10 03:44:44",783,771,2,10,0,552,542,0,10,0,530,22,850,298,314,29,178,9
16,DÂMBOVIŢA,"ŞCOALA CU CLASELE I - VIII CORNĂŢELU",203,CORNĂŢELU,66955,1,PROV,PRCNCT,PCJ,PCJ_SV,"2024-06-10 02:50:47",316,282,0,27,7,233,199,0,27,7,230,3,310,77,140,71,12,7
16,DÂMBOVIŢA,"ȘCOALA CU CLASELE I - VIII NICULEȘTI",311,NICULEŞTI,104387,1,PROV,PRCNCT,PCJ,PCJ_SV,"2024-06-10 07:23:43",1026,1009,0,16,1,616,599,0,16,1,590,26,1110,494,497,21,64,8
16,DÂMBOVIŢA,"ȘCOALA CU CLASELE I - VIII NICULEȘTI",312,NICULEŞTI,104387,1,PROV,PRCNCT,PCJ,PCJ_SV,"2024-06-10 04:05:45",819,813,0,4,2,490,484,0,4,2,479,11,900,410,415,22,30,12
16,DÂMBOVIŢA,"ȘCOALA CU CLASELE. I-VIII SĂCUENI",259,"GURA OCNIŢEI",67595,1,PROV,PRCNCT,PCJ,PCJ_SV,"2024-06-10 06:03:22",1531,1526,1,4,0,875,870,1,4,0,860,15,1680,805,371,216,235,38
16,DÂMBOVIŢA,"ȘCOALA CU CLASELE I-VIII URZICEANCA",174,CIOCĂNEŞTI,101840,1,PROV,PRCNCT,PCJ,PCJ_SV,"2024-06-10 05:05:27",1144,1130,0,10,4,870,856,0,10,4,850,20,1250,380,625,21,189,15
16,DÂMBOVIŢA,"ȘCOALA CU CLASELE I-VIII VIZUREȘTI",175,CIOCĂNEŞTI,101840,1,PROV,PRCNCT,PCJ,PCJ_SV,"2024-06-10 02:18:03",905,900,1,4,0,583,578,1,4,0,567,16,990,407,419,6,132,10
16,DÂMBOVIŢA,"ŞCOALA CUCUTENI",310,MOŢĂIENI,65645,1,PROV,PRCNCT,PCJ,PCJ_SV,"2024-06-10 04:28:43",333,317,1,0,15,224,208,1,0,15,219,4,360,137,65,145,6,3
16,DÂMBOVIŢA,"ȘCOALA DĂRMĂNEȘTI",225,DĂRMĂNEŞTI,67256,1,PROV,PRCNCT,PCJ,PCJ_SV,"2024-06-10 09:46:46",1336,1330,0,0,6,760,754,0,0,6,738,22,1470,710,172,354,101,111
16,DÂMBOVIŢA,"ȘCOALA DRAGODANA",233,DRAGODANA,67327,1,PROV,PRCNCT,PCJ,PCJ_SV,"2024-06-10 05:10:35",1309,1278,0,18,13,755,724,0,18,13,725,30,1410,655,445,149,100,31
16,DÂMBOVIŢA,"ŞCOALA FRASIN DEAL",177,COBIA,66580,1,PROV,PRCNCT,PCJ,PCJ_SV,"2024-06-10 03:23:43",551,530,0,7,14,376,355,0,7,14,362,14,580,204,282,41,30,9
16,DÂMBOVIŢA,"ṢCOALA GENERALĂ",157,BUCIUMENI,66438,1,PROV,PRCNCT,PCJ,PCJ_SV,"2024-06-10 03:39:56",1100,1084,0,3,13,512,496,0,3,13,496,16,1210,698,313,98,58,27
16,DÂMBOVIŢA,"ŞCOALA GENERALĂ BĂDULEŞTI",217,CRÂNGURILE,67167,1,PROV,PRCNCT,PCJ,PCJ_SV,"2024-06-10 03:08:41",1137,1136,0,1,0,755,754,0,1,0,730,25,1250,495,463,194,53,20
16,DÂMBOVIŢA,"ȘCOALA GENERALĂ BĂNEȘTI",369,SĂLCIOARA,68789,1,PROV,PRCNCT,PCJ,PCJ_SV,"2024-06-10 03:22:33",341,335,0,6,0,228,222,0,6,0,220,7,370,143,114,81,20,5
16,DÂMBOVIŢA,"ȘCOALA GENERALĂ COLACU",118,"ORAŞ RĂCARI",68627,1,PROV,PRCNCT,PCJ,PCJ_SV,"2024-06-10 03:39:48",725,648,1,23,53,512,436,0,23,53,492,20,780,268,79,362,42,9
16,DÂMBOVIŢA,"ŞCOALA GENERALĂ CREVEDIA",220,CREVEDIA,102286,1,PROV,PRCNCT,PCJ,PCJ_SV,"2024-06-10 05:29:38",1307,1273,4,23,7,932,902,0,23,7,884,48,1400,468,493,220,82,89
16,DÂMBOVIŢA,"ȘCOALA GENERALĂ CU CLASELE I-IV MICLOȘANII MICI",289,"MALU CU FLORI",67942,1,PROV,PRCNCT,PCJ,PCJ_SV,"2024-06-10 02:41:54",702,685,0,4,13,458,441,0,4,13,448,10,750,292,359,46,28,15
16,DÂMBOVIŢA,"ȘCOALA GENERALĂ CUZA-VODĂ",370,SĂLCIOARA,68789,1,PROV,PRCNCT,PCJ,PCJ_SV,"2024-06-10 04:16:41",312,305,0,7,0,193,186,0,7,0,185,8,340,147,81,71,26,7
16,DÂMBOVIŢA,"ȘCOALA GENERALĂ GHERGANI",119,"ORAŞ RĂCARI",68627,1,PROV,PRCNCT,PCJ,PCJ_SV,"2024-06-10 07:03:52",629,553,0,16,60,402,326,0,16,60,381,21,620,218,80,250,40,11
16,DÂMBOVIŢA,"ȘCOALA GENERALĂ GHINEȘTI SALA1",371,SĂLCIOARA,68789,1,PROV,PRCNCT,PCJ,PCJ_SV,"2024-06-10 09:54:08",986,981,0,5,0,602,597,0,5,0,589,13,1080,478,266,151,150,22
16,DÂMBOVIŢA,"ȘCOALA GENERALĂ HĂBENI",161,BUCŞANI,66474,1,PROV,PRCNCT,PCJ,PCJ_SV,"2024-06-10 07:26:55",1109,1093,1,8,7,668,653,0,8,7,649,19,1210,542,312,275,49,13
16,DÂMBOVIŢA,"SCOALA GENERALA I-IV COMISANI(STR.HELESTEULUI NR.2)",187,COMIŞANI,66731,1,PROV,PRCNCT,PCJ,PCJ_SV,"2024-06-10 09:45:32",1399,1387,1,0,11,836,825,0,0,11,809,27,1530,694,533,103,83,90
16,DÂMBOVIŢA,"ŞCOALA GENERALĂ MĂTĂSARU",294,MĂTĂSARU,68048,1,PROV,PRCNCT,PCJ,PCJ_SV,"2024-06-10 08:52:21",767,759,0,7,1,469,461,0,7,1,462,7,847,378,249,168,39,6
16,DÂMBOVIŢA,"ȘCOALA GENERALĂ MIRCEA-VODĂ SALA 1",372,SĂLCIOARA,68789,1,PROV,PRCNCT,PCJ,PCJ_SV,"2024-06-10 06:38:16",899,894,0,5,0,522,517,0,5,0,502,20,980,458,207,198,76,21
16,DÂMBOVIŢA,"ȘCOALA GENERALĂ MOGOȘANI",298,MOGOŞANI,68128,1,PROV,PRCNCT,PCJ,PCJ_SV,"2024-06-10 15:42:35",1389,1334,0,33,22,1042,987,0,33,22,1018,24,1470,428,450,456,64,48
16,DÂMBOVIŢA,"ȘCOALA GENERALĂ NR.2 PUCIOASA",103,"ORAŞ PUCIOASA",65921,1,PROV,PRCNCT,PCJ,PCJ_SV,"2024-06-10 03:55:18",1244,1224,6,4,10,616,600,2,4,10,594,22,1360,744,337,182,30,45
16,DÂMBOVIŢA,"ȘCOALA GENERALĂ PODU-RIZII",373,SĂLCIOARA,68789,1,PROV,PRCNCT,PCJ,PCJ_SV,"2024-06-10 05:14:03",565,561,0,4,0,420,416,0,4,0,406,14,620,200,212,147,35,12
16,DÂMBOVIŢA,"ȘCOALA GENERALĂ RACOVIȚA",162,BUCŞANI,66474,1,PROV,PRCNCT,PCJ,PCJ_SV,"2024-06-10 03:40:18",1051,1041,2,3,5,600,592,0,3,5,587,13,1150,550,326,202,42,17
16,DÂMBOVIŢA,"ȘCOALA GENERALĂ RĂȚOAIA",163,BUCŞANI,66474,1,PROV,PRCNCT,PCJ,PCJ_SV,"2024-06-10 03:07:38",391,381,1,7,2,266,257,0,7,2,257,9,420,154,141,98,15,3
16,DÂMBOVIŢA,"SCOALA GENERALA VALENI DIMBOVITA, PARTER SALA A DOUA",411,VĂLENI-DÂMBOVIŢA,69303,1,PROV,PRCNCT,PCJ,PCJ_SV,"2024-06-10 05:05:35",883,865,0,6,12,612,594,0,6,12,597,15,950,338,438,104,36,19
16,DÂMBOVIŢA,"SCOALA GENERALA VALENI DIMBOVITA, PARTER SALA PATRU",412,VĂLENI-DÂMBOVIŢA,69303,1,PROV,PRCNCT,PCJ,PCJ_SV,"2024-06-10 05:08:48",941,920,1,3,17,642,622,0,3,17,634,8,1010,368,451,137,30,16
16,DÂMBOVIŢA,"ŞCOALA GIMNAZIALĂ BÂLDANA - TĂRTĂŞEŞTI,",386,TĂRTĂŞEŞTI,105534,1,PROV,PRCNCT,PCJ,PCJ_SV,"2024-06-10 05:19:12",1397,1387,3,7,0,796,788,1,7,0,741,55,1520,724,406,74,179,82
16,DÂMBOVIŢA,"ŞCOALA GIMNAZIALĂ BRĂNEŞTI",151,BRĂNEŞTI,66009,1,PROV,PRCNCT,PCJ,PCJ_SV,"2024-06-10 04:15:03",1411,1405,0,5,1,714,708,0,5,1,703,11,1556,842,393,215,63,32
16,DÂMBOVIŢA,"ȘCOALA GIMNAZIALĂ BREZOAELE",153,BREZOAELE,101341,1,PROV,PRCNCT,PCJ,PCJ_SV,"2024-06-10 04:39:35",1100,1051,2,27,20,853,806,0,27,20,839,13,1156,304,489,283,44,23
16,DÂMBOVIŢA,"ȘCOALA GIMNAZIALĂ BREZOAIA",155,BREZOAELE,101341,1,PROV,PRCNCT,PCJ,PCJ_SV,"2024-06-10 03:08:14",1007,980,0,10,17,814,787,0,10,17,784,20,1077,273,469,265,39,11
16,DÂMBOVIŢA,"ȘCOALA GIMNAZIALĂ BREZOAIA",154,BREZOAELE,101341,1,PROV,PRCNCT,PCJ,PCJ_SV,"2024-06-10 04:11:51",799,779,0,11,9,644,624,0,11,9,620,24,857,213,348,220,37,15
16,DÂMBOVIŢA,"ȘCOALA GIMNAZIALĂ BUNGETU",410,VĂCĂREŞTI,69250,1,PROV,PRCNCT,PCJ,PCJ_SV,"2024-06-10 07:16:04",1128,1125,0,3,0,689,686,0,3,0,667,22,1240,551,163,438,41,25
16,DÂMBOVIŢA,"ȘCOALA GIMNAZIALĂ BUTIMANU",164,BUTIMANU,101564,1,PROV,PRCNCT,PCJ,PCJ_SV,"2024-06-10 08:05:20",1498,1391,1,90,16,1172,1065,1,90,16,1150,22,1550,378,943,96,92,19
16,DÂMBOVIŢA,"ŞCOALA GIMNAZIALĂ BUTOIU DE JOS",265,HULUBEŞTI,67675,1,PROV,PRCNCT,PCJ,PCJ_SV,"2024-06-10 06:24:46",780,776,0,4,0,417,413,0,4,0,406,11,850,431,141,223,30,12
16,DÂMBOVIŢA,"ŞCOALA GIMNAZIALĂ CĂTUNU",208,CORNEŞTI,67014,1,PROV,PRCNCT,PCJ,PCJ_SV,"2024-06-10 05:06:58",681,648,0,30,3,438,405,0,30,3,425,13,720,282,191,75,27,132
16,DÂMBOVIŢA,"ȘCOALA GIMNAZIALĂ ” CAZACI ”",317,NUCET,68280,1,PROV,PRCNCT,PCJ,PCJ_SV,"2024-06-10 05:56:59",1180,1171,0,3,6,635,626,0,3,6,620,15,1300,665,464,65,66,25
16,DÂMBOVIŢA,"ŞCOALA GIMNAZIALĂ COJASCA",180,COJASCA,66697,1,PROV,PRCNCT,PCJ,PCJ_SV,"2024-06-10 04:44:29",973,925,1,20,27,675,629,0,20,26,626,49,1040,365,245,302,63,16
16,DÂMBOVIŢA,"ŞCOALA GIMNAZIALĂ COJASCA",181,COJASCA,66697,1,PROV,PRCNCT,PCJ,PCJ_SV,"2024-06-10 05:28:02",785,760,0,18,7,599,574,0,18,7,566,33,830,231,83,440,36,7
16,DÂMBOVIŢA,"ŞCOALA GIMNAZIALÃ ”CONSTANTIN SECÃREANU” RUNCU",366,RUNCU,68716,1,PROV,PRCNCT,PCJ,PCJ_SV,"2024-06-10 03:08:01",1035,1024,0,3,8,510,499,0,3,8,499,11,1130,620,255,195,32,17
16,DÂMBOVIŢA,"ŞCOALA GIMNAZIALĂ CORBII MARI",194,"CORBII MARI",66857,1,PROV,PRCNCT,PCJ,PCJ_SV,"2024-06-10 07:30:46",1411,1398,3,10,0,912,902,0,10,0,890,22,1550,638,737,75,52,26
16,DÂMBOVIŢA,"ȘCOALA GIMNAZIALĂ ”CORESI”",39,"MUNICIPIUL TÂRGOVIŞTE",65342,1,PROV,PRCNCT,PCJ,PCJ_SV,"2024-06-10 05:09:14",1061,1053,0,8,0,482,474,0,8,0,468,14,1170,688,287,82,33,66
16,DÂMBOVIŢA,"ŞCOALA GIMNAZIALĂ CORNEŞTI",206,CORNEŞTI,67014,1,PROV,PRCNCT,PCJ,PCJ_SV,"2024-06-10 10:17:26",1345,1306,3,24,12,867,831,0,24,12,833,34,1440,573,373,61,86,313
16,DÂMBOVIŢA,"ȘCOALA GIMNAZIALĂ CROVU",324,ODOBEŞTI,68342,1,PROV,PRCNCT,PCJ,PCJ_SV,"2024-06-10 07:37:16",1107,1102,0,4,1,798,793,0,4,1,745,53,1213,415,477,220,31,17
16,DÂMBOVIŢA,"ŞCOALA GIMNAZIALĂ CU CLASELE I-VIII GURA BĂRBULEȚULUI",141,BĂRBULEŢU,66223,1,PROV,PRCNCT,PCJ,PCJ_SV,"2024-06-10 00:51:13",469,467,0,2,0,248,246,0,2,0,243,5,510,262,202,13,23,5
16,DÂMBOVIŢA,"ȘCOALA GIMNAZIALĂ DĂRMĂNEȘTI",226,DĂRMĂNEŞTI,67256,1,PROV,PRCNCT,PCJ,PCJ_SV,"2024-06-10 09:04:44",1554,1536,6,2,10,888,876,0,2,10,857,31,1700,812,199,432,112,114
16,DÂMBOVIŢA,"ŞCOALA GIMNAZIALĂ DÂRZA",223,CREVEDIA,102286,1,PROV,PRCNCT,PCJ,PCJ_SV,"2024-06-10 06:13:24",1576,1515,3,51,7,1037,978,1,51,7,992,45,1670,633,334,332,108,218
16,DÂMBOVIŢA,"ŞCOALA GIMNAZIALĂ DECINDENI –DRAGOMIREŞTI",239,DRAGOMIREŞTI,67407,1,PROV,PRCNCT,PCJ,PCJ_SV,"2024-06-10 06:05:42",1033,1027,1,5,0,649,643,1,5,0,624,25,1129,480,477,36,82,29
16,DÂMBOVIŢA,"ŞCOALA GIMNAZIALĂ DECINDENI-DRAGOMIREŞTI",240,DRAGOMIREŞTI,67407,1,PROV,PRCNCT,PCJ,PCJ_SV,"2024-06-10 06:26:04",1058,1056,0,2,0,638,636,0,2,0,619,19,1160,522,480,38,77,24
16,DÂMBOVIŢA,"ȘCOALA GIMNAZIALĂ ”DONICI ELENA CANTACUZINO” PUCIOASA",107,"ORAŞ PUCIOASA",65921,1,PROV,PRCNCT,PCJ,PCJ_SV,"2024-06-10 05:42:29",1248,1235,0,7,6,559,546,0,7,6,541,18,1370,811,345,120,40,36
16,DÂMBOVIŢA,"ȘCOALA GIMNAZIALĂ ”DORA DALLES” BUCȘANI",160,BUCŞANI,66474,1,PROV,PRCNCT,PCJ,PCJ_SV,"2024-06-10 06:14:45",1411,1393,1,3,14,890,873,0,3,14,860,30,1550,660,370,349,121,20
16,DÂMBOVIŢA,"ȘCOALA GIMNAZIALĂ ”DORA DALLES” BUCȘANI",159,BUCŞANI,66474,1,PROV,PRCNCT,PCJ,PCJ_SV,"2024-06-10 02:55:18",1469,1445,0,6,18,909,885,0,6,18,871,38,1600,691,454,294,105,18
16,DÂMBOVIŢA,"ŞCOALA GIMNAZIALĂ DRĂGĂEŞTI-PĂMÂNTENI",291,MĂNEŞTI,68002,1,PROV,PRCNCT,PCJ,PCJ_SV,"2024-06-10 06:05:02",1930,1924,0,6,0,1113,1107,0,6,0,1060,47,2120,1007,760,155,126,19
16,DÂMBOVIŢA,"ŞCOALA GIMNAZIALĂ DRĂGĂEŞTI-UNGURENI",292,MĂNEŞTI,68002,1,PROV,PRCNCT,PCJ,PCJ_SV,"2024-06-10 04:10:01",1096,1090,1,5,0,659,654,0,5,0,644,15,1200,541,437,91,76,40
16,DÂMBOVIŢA,"ŞCOALA GIMNAZIALĂ DRAGOMIREŞTI",238,DRAGOMIREŞTI,67407,1,PROV,PRCNCT,PCJ,PCJ_SV,"2024-06-10 04:20:37",1796,1787,5,4,0,951,947,0,4,0,920,31,1970,1019,609,127,135,49
16,DÂMBOVIŢA,"ȘCOALA GIMNAZIALĂ FIERBINȚI",377,ŞELARU,68887,1,PROV,PRCNCT,PCJ,PCJ_SV,"2024-06-10 05:43:23",1173,1158,0,15,0,829,814,0,15,0,806,23,1270,441,633,93,66,14
16,DÂMBOVIŢA,"ŞCOALA GIMNAZIALĂ FINTA",246,FINTA,67470,1,PROV,PRCNCT,PCJ,PCJ_SV,"2024-06-10 05:57:35",1000,974,0,14,12,666,640,0,14,12,658,8,1070,404,208,328,49,73
16,DÂMBOVIŢA,"ŞCOALA GIMNAZIALĂ FÎNTÎNELE",183,COJASCA,66697,1,PROV,PRCNCT,PCJ,PCJ_SV,"2024-06-10 03:14:37",994,986,0,6,2,395,387,0,6,2,371,24,1102,707,312,50,8,1
16,DÂMBOVIŢA,"ŞCOALA GIMNAZIALĂ FÎNTÎNELE",182,COJASCA,66697,1,PROV,PRCNCT,PCJ,PCJ_SV,"2024-06-10 05:17:36",1100,1085,1,14,0,530,516,0,14,0,497,33,1200,670,467,20,10,0
16,DÂMBOVIŢA,"ŞCOALA GIMNAZIALĂ FRASINU",210,CORNEŞTI,67014,1,PROV,PRCNCT,PCJ,PCJ_SV,"2024-06-10 03:25:30",486,465,2,19,0,272,253,0,19,0,251,21,520,248,101,20,22,108
16,DÂMBOVIŢA,"ȘCOALA GIMNAZIALĂ GHEBOAIA",249,FINTA,67470,1,PROV,PRCNCT,PCJ,PCJ_SV,"2024-06-10 04:17:36",774,768,0,3,3,475,469,0,3,3,447,28,850,375,94,153,45,155
16,DÂMBOVIŢA,"ȘCOALA GIMNAZIALĂ GHEBOAIA",248,FINTA,67470,1,PROV,PRCNCT,PCJ,PCJ_SV,"2024-06-10 04:08:59",865,855,0,6,4,592,582,0,6,4,574,18,940,348,154,199,40,181
16,DÂMBOVIŢA,"ȘCOALA GIMNAZIALĂ GORGOTA",361,RĂZVAD,65431,1,PROV,PRCNCT,PCJ,PCJ_SV,"2024-06-10 04:10:23",1056,1047,0,9,0,584,575,0,9,0,578,6,1150,566,509,24,28,17
16,DÂMBOVIŢA,"ȘCOALA GIMNAZIALĂ GRECI",330,PETREŞTI,65752,1,PROV,PRCNCT,PCJ,PCJ_SV,"2024-06-10 13:35:18",1206,1188,1,4,13,771,754,0,4,13,740,31,1330,559,233,399,86,22
16,DÂMBOVIŢA,"ȘCOALA GIMNAZIALĂ ”GRIGORE ALEXANDRESCU”",55,"MUNICIPIUL TÂRGOVIŞTE",65342,1,PROV,PRCNCT,PCJ,PCJ_SV,"2024-06-10 03:51:22",1306,1299,0,6,1,487,480,0,6,1,465,22,1450,963,328,55,52,30
16,DÂMBOVIŢA,"ȘCOALA GIMNAZIALĂ ”GRIGORE ALEXANDRESCU”",57,"MUNICIPIUL TÂRGOVIŞTE",65342,1,PROV,PRCNCT,PCJ,PCJ_SV,"2024-06-10 03:03:10",748,738,1,7,2,323,314,0,7,2,316,7,830,507,211,41,32,32
16,DÂMBOVIŢA,"ȘCOALA GIMNAZIALĂ ”GRIGORE ALEXANDRESCU”",56,"MUNICIPIUL TÂRGOVIŞTE",65342,1,PROV,PRCNCT,PCJ,PCJ_SV,"2024-06-10 05:50:19",1223,1212,1,10,0,480,470,0,10,0,468,12,1340,860,331,53,48,36
16,DÂMBOVIŢA,"ȘCOALA GIMNAZIALĂ ”GRIGORE ALEXANDRESCU”",58,"MUNICIPIUL TÂRGOVIŞTE",65342,1,PROV,PRCNCT,PCJ,PCJ_SV,"2024-06-10 06:22:49",721,717,0,4,0,294,290,0,4,0,279,15,790,496,206,33,24,16
16,DÂMBOVIŢA,"ȘCOALA GIMNAZIALĂ ”GRIGORE RĂDULESCU” BEZDEAD",142,BEZDEAD,66330,1,PROV,PRCNCT,PCJ,PCJ_SV,"2024-06-10 03:59:36",1433,1411,0,2,20,785,763,0,2,20,766,19,1580,795,180,547,24,15
16,DÂMBOVIŢA,"ŞCOALA GIMNAZIALĂ GROZĂVEŞTI I",196,"CORBII MARI",66857,1,PROV,PRCNCT,PCJ,PCJ_SV,"2024-06-10 02:18:52",642,640,0,2,0,320,318,0,2,0,309,11,710,390,274,11,18,6
16,DÂMBOVIŢA,"ŞCOALA GIMNAZIALĂ GURA FOII",253,"GURA FOII",65707,1,PROV,PRCNCT,PCJ,PCJ_SV,"2024-06-10 07:09:05",1213,1169,2,18,24,916,872,2,18,24,885,29,1280,366,502,309,48,26
16,DÂMBOVIŢA,"ȘCOALA GIMNAZIALĂ GURA VULCANEI",434,VULCANA-PANDELE,179640,1,PROV,PRCNCT,PCJ,PCJ_SV,"2024-06-10 06:23:22",812,807,0,5,0,415,410,0,5,0,406,9,890,475,262,59,61,24
16,DÂMBOVIŢA,"ȘCOALA GIMNAZIALĂ GURA VULCANEI",433,VULCANA-PANDELE,179640,1,PROV,PRCNCT,PCJ,PCJ_SV,"2024-06-10 06:44:38",908,893,2,5,8,482,468,1,5,8,472,10,980,498,325,83,27,37
16,DÂMBOVIŢA,"ȘCOALA GIMNAZIALĂ ”IANCU VĂCĂRESCU” - VĂCĂREȘTI",408,VĂCĂREŞTI,69250,1,PROV,PRCNCT,PCJ,PCJ_SV,"2024-06-10 05:47:20",1128,1124,0,4,0,593,589,0,4,0,570,23,1240,647,278,212,50,30
16,DÂMBOVIŢA,"ȘCOALA GIMNAZIALĂ ”IANCU VĂCĂRESCU” - VĂCĂREȘTI",407,VĂCĂREŞTI,69250,1,PROV,PRCNCT,PCJ,PCJ_SV,"2024-06-10 06:49:49",1400,1397,0,3,0,787,784,0,3,0,765,20,1530,745,389,266,64,46
16,DÂMBOVIŢA,"ȘCOALA GIMNAZIALĂ IEDERA DE JOS",268,IEDERA,65869,1,PROV,PRCNCT,PCJ,PCJ_SV,"2024-06-11 16:16:26",1206,1197,0,7,2,673,664,0,7,2,626,47,1320,647,235,224,111,56
16,DÂMBOVIŢA,"ȘCOALA GIMNAZIALĂ ”IOAN ALEXANDRU BRĂTESCU-VOINEȘTI”",37,"MUNICIPIUL TÂRGOVIŞTE",65342,1,PROV,PRCNCT,PCJ,PCJ_SV,"2024-06-10 02:12:41",843,836,0,7,0,251,244,0,7,0,229,22,930,679,146,27,41,15
16,DÂMBOVIŢA,"ȘCOALA GIMNAZIALĂ ”IOAN ALEXANDRU BRĂTESCU-VOINEȘTI”",35,"MUNICIPIUL TÂRGOVIŞTE",65342,1,PROV,PRCNCT,PCJ,PCJ_SV,"2024-06-10 02:16:38",1038,1030,4,4,0,443,439,0,4,0,426,17,1140,697,268,69,43,46
16,DÂMBOVIŢA,"ȘCOALA GIMNAZIALĂ ”IOAN ALEXANDRU BRĂTESCU-VOINEȘTI”",36,"MUNICIPIUL TÂRGOVIŞTE",65342,1,PROV,PRCNCT,PCJ,PCJ_SV,"2024-06-10 03:55:50",833,824,3,6,0,377,371,0,6,0,364,13,910,533,203,62,39,60
16,DÂMBOVIŢA,"SCOALA GIMNAZIALA ION CONSTANTINESCU VIISOARA",399,ULMI,65501,1,PROV,PRCNCT,PCJ,PCJ_SV,"2024-06-10 06:07:12",1174,1167,0,7,0,703,696,0,7,0,685,18,1290,587,544,54,64,23
16,DÂMBOVIŢA,"ŞCOALA GIMNAZIALĂ ION HARALMBIE VALEA LUNGĂ GORGOTA",402,"VALEA LUNGĂ",69063,1,PROV,PRCNCT,PCJ,PCJ_SV,"2024-06-10 06:12:12",996,994,0,2,0,503,501,0,2,0,486,17,1100,597,330,46,88,22
16,DÂMBOVIŢA,"ŞCOALA GIMNAZIALĂ JUGURENI",395,ULIEŞTI,68976,1,PROV,PRCNCT,PCJ,PCJ_SV,"2024-06-10 09:06:18",1229,1210,0,16,3,908,889,0,16,3,881,27,1340,432,376,438,51,16
16,DÂMBOVIŢA,"ȘCOALA GIMNAZIALĂ LUCIANCA",165,BUTIMANU,101564,1,PROV,PRCNCT,PCJ,PCJ_SV,"2024-06-10 04:36:22",425,408,0,15,2,331,314,0,15,2,320,11,450,119,266,17,31,6
16,DÂMBOVIŢA,"ȘCOALA GIMNAZIALĂ MALU CU FLORI, NR. 139BIS",288,"MALU CU FLORI",67942,1,PROV,PRCNCT,PCJ,PCJ_SV,"2024-06-10 05:16:43",1140,1119,1,2,18,742,722,0,2,18,721,21,1230,488,505,87,56,73
16,DÂMBOVIŢA,"ȘCOALA GIMNAZIALĂ MALURI",114,"ORAŞ PUCIOASA",65921,1,PROV,PRCNCT,PCJ,PCJ_SV,"2024-06-10 00:34:44",102,94,1,7,0,60,52,1,7,0,57,3,110,50,43,6,3,5
16,DÂMBOVIŢA,"ȘCOALA GIMNAZIALĂ MĂNEȘTI",290,MĂNEŞTI,68002,1,PROV,PRCNCT,PCJ,PCJ_SV,"2024-06-10 04:23:13",1090,1085,2,3,0,664,661,0,3,0,635,29,1190,526,369,127,122,17
16,DÂMBOVIŢA,"ȘCOALA GIMNAZIALĂ ”MATEI BASARAB”",16,"MUNICIPIUL TÂRGOVIŞTE",65342,1,PROV,PRCNCT,PCJ,PCJ_SV,"2024-06-10 05:33:29",1390,1380,0,10,0,649,639,0,10,0,625,24,1530,881,381,123,53,68
16,DÂMBOVIŢA,"ȘCOALA GIMNAZIALĂ ”MATEI BASARAB”",14,"MUNICIPIUL TÂRGOVIŞTE",65342,1,PROV,PRCNCT,PCJ,PCJ_SV,"2024-06-10 05:09:50",901,891,2,8,0,423,415,0,8,0,409,14,980,557,258,66,47,38
16,DÂMBOVIŢA,"ȘCOALA GIMNAZIALĂ ”MATEI BASARAB”",15,"MUNICIPIUL TÂRGOVIŞTE",65342,1,PROV,PRCNCT,PCJ,PCJ_SV,"2024-06-10 03:20:01",867,862,0,5,0,412,407,0,5,0,397,15,950,538,239,82,38,38
16,DÂMBOVIŢA,"ȘCOALA GIMNAZIALĂ ”MIHAI VITEAZUL” PUCIOASA",105,"ORAŞ PUCIOASA",65921,1,PROV,PRCNCT,PCJ,PCJ_SV,"2024-06-10 06:12:18",1171,1156,5,6,4,564,554,0,6,4,540,24,1290,726,332,128,47,33
16,DÂMBOVIŢA,"ȘCOALA GIMNAZIALĂ ”MIHAI VITEAZUL” PUCIOASA",104,"ORAŞ PUCIOASA",65921,1,PROV,PRCNCT,PCJ,PCJ_SV,"2024-06-10 04:05:03",999,986,2,11,0,477,466,0,11,0,457,20,1090,613,278,121,29,29
16,DÂMBOVIŢA,"ȘCOALA GIMNAZIALĂ „ NICOLAE VLAD „",351,PUCHENI,68565,1,PROV,PRCNCT,PCJ,PCJ_SV,"2024-06-10 04:57:51",1253,1188,0,49,16,987,923,0,49,15,966,21,1330,343,663,261,29,13
16,DÂMBOVIŢA,"ȘCOALA GIMNAZIALĂ NR.1",92,"ORAŞ GĂEŞTI",65681,1,PROV,PRCNCT,PCJ,PCJ_SV,"2024-06-10 04:38:56",902,896,0,4,2,530,524,0,4,2,506,15,990,449,259,177,41,29
16,DÂMBOVIŢA,"ȘCOALA GIMNAZIALĂ NR.1",93,"ORAŞ GĂEŞTI",65681,1,PROV,PRCNCT,PCJ,PCJ_SV,"2024-06-10 06:30:07",864,855,2,4,3,513,506,0,4,3,493,19,940,428,257,181,34,21
16,DÂMBOVIŢA,"ȘCOALA GIMNAZIALĂ NR. 1 GHIRDOVENI",272,"I. L. CARAGIALE",67737,1,PROV,PRCNCT,PCJ,PCJ_SV,"2024-06-10 05:08:29",1490,1482,1,2,5,736,729,0,2,5,703,33,1640,904,378,210,74,41
16,DÂMBOVIŢA,"ȘCOALA GIMNAZIALĂ NR. 1 HULUBEȘTI",264,HULUBEŞTI,67675,1,PROV,PRCNCT,PCJ,PCJ_SV,"2024-06-10 02:42:48",665,662,0,3,0,456,453,0,3,0,444,12,730,274,205,99,66,74
16,DÂMBOVIŢA,"ŞCOALA GIMNAZIALĂ NR. 1 LUNGULEŢU",286,LUNGULEŢU,67906,1,PROV,PRCNCT,PCJ,PCJ_SV,"2024-06-10 07:43:58",1390,1388,0,2,0,929,927,0,2,0,875,54,1530,601,671,127,56,21
16,DÂMBOVIŢA,"ȘCOALA GIMNAZIALĂ NR. 1 „MIHAI VITEAZUL” PUCIOASA",106,"ORAŞ PUCIOASA",65921,1,PROV,PRCNCT,PCJ,PCJ_SV,"2024-06-10 03:36:14",799,789,0,10,0,354,344,0,10,0,334,20,880,526,178,101,17,38
16,DÂMBOVIŢA,"ŞCOALA GIMNAZIALĂ NR. 1 UNGURENI",201,"CORBII MARI",66857,1,PROV,PRCNCT,PCJ,PCJ_SV,"2024-06-10 05:16:00",651,643,1,7,0,437,430,0,7,0,423,11,710,266,355,43,17,8
16,DÂMBOVIŢA,"ŞCOALA GIMNAZIALĂ NR.2",66,"MUNICIPIUL MORENI",65841,1,PROV,PRCNCT,PCJ,PCJ_SV,"2024-06-10 05:26:29",1045,1035,1,7,2,510,500,1,7,2,487,23,1140,630,299,74,51,63
16,DÂMBOVIŢA,"ȘCOALA GIMNAZIALĂ NR. 2",381,ŞOTÂNGA,65477,1,PROV,PRCNCT,PCJ,PCJ_SV,"2024-06-10 06:02:16",1089,1085,1,3,0,465,462,0,3,0,437,28,1190,725,308,40,58,31
16,DÂMBOVIŢA,"ȘCOALA GIMNAZIALĂ NR. 2 GHIRDOVENI",273,"I. L. CARAGIALE",67737,1,PROV,PRCNCT,PCJ,PCJ_SV,"2024-06-10 05:12:00",1192,1186,1,1,4,691,686,0,1,4,658,33,1310,619,365,170,77,46
16,DÂMBOVIŢA,"ŞCOALA GIMNAZIALĂ NR. 2 LUNGULEŢU",285,LUNGULEŢU,67906,1,PROV,PRCNCT,PCJ,PCJ_SV,"2024-06-10 05:27:48",869,868,0,1,0,578,577,0,1,0,547,31,960,382,435,75,29,8
16,DÂMBOVIŢA,"ŞCOALA GIMNAZIALĂ NR. 2 LUNGULEŢU",284,LUNGULEŢU,67906,1,PROV,PRCNCT,PCJ,PCJ_SV,"2024-06-10 03:02:02",984,980,0,4,0,653,649,0,4,0,628,25,1070,417,467,92,51,18
16,DÂMBOVIŢA,"ȘCOALA GIMNAZIALA NR. 2 TITU",123,"ORAŞ TITU",66081,1,PROV,PRCNCT,PCJ,PCJ_SV,"2024-06-10 09:24:20",1235,1211,0,4,20,730,706,0,4,20,696,34,1330,600,335,276,59,26
16,DÂMBOVIŢA,"ȘCOALA GIMNAZIALA NR. 2 TITU",124,"ORAŞ TITU",66081,1,PROV,PRCNCT,PCJ,PCJ_SV,"2024-06-10 05:37:57",1028,1014,1,9,4,614,601,0,9,4,584,30,1110,496,263,246,55,20
16,DÂMBOVIŢA,"ŞCOALA GIMNAZIALĂ NR.3",74,"MUNICIPIUL MORENI",65841,1,PROV,PRCNCT,PCJ,PCJ_SV,"2024-06-10 03:42:55",698,695,1,2,0,341,339,0,2,0,329,12,770,429,173,49,33,74
16,DÂMBOVIŢA,"ŞCOALA GIMNAZIALĂ NR.3",76,"MUNICIPIUL MORENI",65841,1,PROV,PRCNCT,PCJ,PCJ_SV,"2024-06-10 04:29:32",928,917,0,6,5,428,417,0,6,5,411,17,1020,592,197,79,32,103
16,DÂMBOVIŢA,"ŞCOALA GIMNAZIALĂ NR.3",72,"MUNICIPIUL MORENI",65841,1,PROV,PRCNCT,PCJ,PCJ_SV,"2024-06-10 06:19:57",1234,1231,1,1,1,624,622,0,1,1,610,14,1350,726,320,113,48,129
16,DÂMBOVIŢA,"ŞCOALA GIMNAZIALĂ NR.3",75,"MUNICIPIUL MORENI",65841,1,PROV,PRCNCT,PCJ,PCJ_SV,"2024-06-10 08:11:19",926,918,0,6,2,442,434,0,6,2,439,3,1010,568,210,82,47,100
16,DÂMBOVIŢA,"ŞCOALA GIMNAZIALĂ NR.3",73,"MUNICIPIUL MORENI",65841,1,PROV,PRCNCT,PCJ,PCJ_SV,"2024-06-10 04:55:34",718,712,0,5,1,347,341,0,5,1,333,14,790,443,160,75,25,73
16,DÂMBOVIŢA,"ȘCOALA GIMNAZIALĂ NR.3 DOICEȘTI",230,DOICEŞTI,65413,1,PROV,PRCNCT,PCJ,PCJ_SV,"2024-06-10 05:16:09",1539,1516,0,4,19,885,862,0,4,19,831,31,1670,808,607,167,49,8
16,DÂMBOVIŢA,"ȘCOALA GIMNAZIALĂ NR. 3 PUCIOASA",111,"ORAŞ PUCIOASA",65921,1,PROV,PRCNCT,PCJ,PCJ_SV,"2024-06-10 03:18:39",1163,1153,0,9,1,485,475,0,9,1,466,19,1280,795,340,68,35,23
16,DÂMBOVIŢA,"ŞCOALA GIMNAZIALĂ NR.4",79,"MUNICIPIUL MORENI",65841,1,PROV,PRCNCT,PCJ,PCJ_SV,"2024-06-10 05:16:57",829,820,0,7,2,390,381,0,7,2,366,24,910,520,178,61,32,95
16,DÂMBOVIŢA,"ŞCOALA GIMNAZIALĂ NR.4",77,"MUNICIPIUL MORENI",65841,1,PROV,PRCNCT,PCJ,PCJ_SV,"2024-06-10 07:57:03",908,897,1,7,3,402,392,0,7,3,395,7,990,588,181,67,40,107
16,DÂMBOVIŢA,"ŞCOALA GIMNAZIALĂ NR.4",80,"MUNICIPIUL MORENI",65841,1,PROV,PRCNCT,PCJ,PCJ_SV,"2024-06-10 06:54:37",877,869,0,6,2,426,418,0,6,2,412,14,960,534,158,89,51,114
16,DÂMBOVIŢA,"ŞCOALA GIMNAZIALĂ NR.4",78,"MUNICIPIUL MORENI",65841,1,PROV,PRCNCT,PCJ,PCJ_SV,"2024-06-10 05:00:25",619,613,0,5,1,271,265,0,5,1,259,12,670,399,113,50,26,70
16,DÂMBOVIŢA,"ŞCOALA GIMNAZIALĂ NR.4",81,"MUNICIPIUL MORENI",65841,1,PROV,PRCNCT,PCJ,PCJ_SV,"2024-06-10 06:39:41",802,792,0,8,2,400,390,0,8,2,386,14,870,470,203,56,34,93
16,DÂMBOVIŢA,"ȘCOALA GIMNAZIALĂ ” NUCET ”",315,NUCET,68280,1,PROV,PRCNCT,PCJ,PCJ_SV,"2024-06-10 04:54:59",957,943,1,0,13,542,529,0,0,13,528,14,1030,488,398,79,43,8
16,DÂMBOVIŢA,"ȘCOALA GIMNAZIALĂ ”NUCET”",316,NUCET,68280,1,PROV,PRCNCT,PCJ,PCJ_SV,"2024-06-10 04:09:16",890,878,1,3,8,513,502,0,3,8,492,21,970,457,362,64,46,20
16,DÂMBOVIŢA,"ȘCOALA GIMNAZIALĂ ODOBEȘTI",322,ODOBEŞTI,68342,1,PROV,PRCNCT,PCJ,PCJ_SV,"2024-06-10 04:35:48",1287,1270,2,15,0,928,913,0,15,0,878,50,1400,472,448,317,84,29
16,DÂMBOVIŢA,"ŞCOALA GIMNAZIALĂ PĂTROAIA VALE",218,CRÂNGURILE,67167,1,PROV,PRCNCT,PCJ,PCJ_SV,"2024-06-10 04:06:00",900,888,0,12,0,614,602,0,12,0,586,28,990,376,305,226,40,15
16,DÂMBOVIŢA,"ŞCOALA GIMNAZIALĂ PERŞINARI",327,PERŞINARI,179935,1,PROV,PRCNCT,PCJ,PCJ_SV,"2024-06-10 06:08:08",1143,1125,0,1,17,624,606,0,1,17,600,23,1260,637,353,129,79,39
16,DÂMBOVIŢA,"ŞCOALA GIMNAZIALĂ PERȘINARI",328,PERŞINARI,179935,1,PROV,PRCNCT,PCJ,PCJ_SV,"2024-06-10 06:38:46",1146,1125,0,1,20,666,645,0,1,20,642,24,1260,594,388,74,134,46
16,DÂMBOVIŢA,"ŞCOALA GIMNAZIALĂ PETREŞTI",198,"CORBII MARI",66857,1,PROV,PRCNCT,PCJ,PCJ_SV,"2024-06-10 03:15:29",486,473,0,13,0,310,297,0,13,0,289,9,530,232,251,14,17,7
16,DÂMBOVIŢA,"ȘCOALA GIMNAZIALA PICTOR NICOLAE GRIGORESCU",126,"ORAŞ TITU",66081,1,PROV,PRCNCT,PCJ,PCJ_SV,"2024-06-10 05:41:33",1287,1255,0,20,12,789,757,0,20,12,760,26,1380,571,403,271,48,38
16,DÂMBOVIŢA,"ȘCOALA GIMNAZIALĂ ”PROFESOR ILIE POPESCU”",379,ŞOTÂNGA,65477,1,PROV,PRCNCT,PCJ,PCJ_SV,"2024-06-10 03:43:46",1440,1439,0,1,0,710,709,0,1,0,685,25,1590,880,537,54,39,55
16,DÂMBOVIŢA,"ȘCOALA GIMNAZIALĂ ”PROF. PAUL BANICĂ”",26,"MUNICIPIUL TÂRGOVIŞTE",65342,1,PROV,PRCNCT,PCJ,PCJ_SV,"2024-06-10 04:50:10",1014,991,1,6,16,387,365,0,6,16,378,9,1090,703,249,59,35,35
16,DÂMBOVIŢA,"ȘCOALA GIMNAZIALĂ ”PROF. PAUL BANICĂ”",25,"MUNICIPIUL TÂRGOVIŞTE",65342,1,PROV,PRCNCT,PCJ,PCJ_SV,"2024-06-10 06:43:11",1079,1063,0,6,10,444,428,0,6,10,430,14,1170,726,263,68,54,45
16,DÂMBOVIŢA,"ȘCOALA GIMNAZIALĂ PUCIOASA-SAT",115,"ORAŞ PUCIOASA",65921,1,PROV,PRCNCT,PCJ,PCJ_SV,"2024-06-10 03:44:55",338,333,0,3,2,182,177,0,3,2,177,5,370,188,120,31,16,10
16,DÂMBOVIŢA,"ȘCOALA GIMNAZIALĂ RACIU",353,RACIU,179891,1,PROV,PRCNCT,PCJ,PCJ_SV,"2024-06-10 05:16:52",1250,1238,2,7,3,718,708,0,7,3,698,20,1370,652,404,177,51,66
16,DÂMBOVIŢA,"ȘCOALA GIMNAZIALĂ ”RADU CEL MARE”",100,"ORAŞ GĂEŞTI",65681,1,PROV,PRCNCT,PCJ,PCJ_SV,"2024-06-10 03:31:48",591,582,1,8,0,347,339,0,8,0,336,11,640,293,199,96,18,23
16,DÂMBOVIŢA,"ȘCOALA GIMNAZIALĂ ”RADU CEL MARE”",5,"MUNICIPIUL TÂRGOVIŞTE",65342,1,PROV,PRCNCT,PCJ,PCJ_SV,"2024-06-10 06:57:51",1201,1193,0,7,1,495,487,0,7,1,478,17,1340,845,303,72,52,51
16,DÂMBOVIŢA,"ȘCOALA GIMNAZIALĂ ”RADU CEL MARE”",101,"ORAŞ GĂEŞTI",65681,1,PROV,PRCNCT,PCJ,PCJ_SV,"2024-06-10 07:52:01",1152,1139,0,13,0,733,720,0,13,0,705,28,1240,507,341,278,49,37
16,DÂMBOVIŢA,"ȘCOALA GIMNAZIALĂ ”RADU CEL MARE”",4,"MUNICIPIUL TÂRGOVIŞTE",65342,1,PROV,PRCNCT,PCJ,PCJ_SV,"2024-06-10 02:48:32",1066,1060,0,6,0,441,435,0,6,0,418,23,1200,759,263,91,42,22
16,DÂMBOVIŢA,"ȘCOALA GIMNAZIALĂ ”RADU CEL MARE”",102,"ORAŞ GĂEŞTI",65681,1,PROV,PRCNCT,PCJ,PCJ_SV,"2024-06-10 15:52:12",1556,1543,0,10,3,967,954,0,10,3,946,21,1700,731,437,402,58,49
16,DÂMBOVIŢA,"ȘCOALA GIMNAZIALĂ ”RADU CEL MARE”",6,"MUNICIPIUL TÂRGOVIŞTE",65342,1,PROV,PRCNCT,PCJ,PCJ_SV,"2024-06-10 06:33:10",1248,1235,3,10,0,512,502,0,10,0,487,25,1374,862,336,74,38,39
16,DÂMBOVIŢA,"ȘCOALA GIMNAZIALĂ ”RADU CEL MARE”",7,"MUNICIPIUL TÂRGOVIŞTE",65342,1,PROV,PRCNCT,PCJ,PCJ_SV,"2024-06-10 05:22:19",1253,1244,0,9,0,549,540,0,9,0,532,17,1390,841,341,89,52,50
16,DÂMBOVIŢA,"ŞCOALA GIMNAZIALĂ RĂSCĂEŢI",357,RĂSCĂEŢI,179926,1,PROV,PRCNCT,PCJ,PCJ_SV,"2024-06-10 05:34:50",957,936,0,2,19,677,658,0,2,17,661,16,1050,373,97,485,56,23
16,DÂMBOVIŢA,"ȘCOALA GIMNAZIALĂ RÂU ALB DE JOS",364,"RÂU ALB",179917,1,PROV,PRCNCT,PCJ,PCJ_SV,"2024-06-10 04:24:41",1222,1138,0,60,24,836,752,0,60,24,816,20,1250,414,402,91,306,17
16,DÂMBOVIŢA,"ȘCOALA GIMNAZIALĂ RĂZVAD",359,RĂZVAD,65431,1,PROV,PRCNCT,PCJ,PCJ_SV,"2024-06-10 06:18:55",1089,1082,2,3,2,604,599,0,3,2,586,17,1190,581,409,68,62,47
16,DÂMBOVIŢA,"ŞCOALA GIMNAZIALĂ RȊNCĂCIOV-DRAGOMIREŞTI",244,DRAGOMIREŞTI,67407,1,PROV,PRCNCT,PCJ,PCJ_SV,"2024-06-10 03:30:21",762,757,1,4,0,380,375,1,4,0,363,17,830,450,260,38,39,26
16,DÂMBOVIŢA,"ŞCOALA GIMNAZIALĂ RȊNCĂCIOV-DRAGOMIREŞTI",243,DRAGOMIREŞTI,67407,1,PROV,PRCNCT,PCJ,PCJ_SV,"2024-06-10 02:27:36",852,849,0,3,0,434,431,0,3,0,417,17,940,506,292,35,49,41
16,DÂMBOVIŢA,"ȘCOALA GIMNAZIALA SCHEIU DE JOS",281,LUDEŞTI,67835,1,PROV,PRCNCT,PCJ,PCJ_SV,"2024-06-10 03:49:13",788,783,0,5,0,442,437,0,5,0,395,39,860,426,274,82,29,10
16,DÂMBOVIŢA,"ȘCOALA GIMNAZIALĂ ”ȘERBAN CIOCULESCU”",99,"ORAŞ GĂEŞTI",65681,1,PROV,PRCNCT,PCJ,PCJ_SV,"2024-06-10 07:55:15",1230,1215,0,11,4,692,677,0,11,4,675,17,1340,648,369,230,42,34
16,DÂMBOVIŢA,"ȘCOALA GIMNAZIALĂ ”ȘERBAN CIOCULESCU”",97,"ORAŞ GĂEŞTI",65681,1,PROV,PRCNCT,PCJ,PCJ_SV,"2024-06-10 07:01:31",790,780,0,8,2,439,429,0,8,2,420,19,860,421,207,161,37,15
16,DÂMBOVIŢA,"ȘCOALA GIMNAZIALĂ ”ȘERBAN CIOCULESCU”",98,"ORAŞ GĂEŞTI",65681,1,PROV,PRCNCT,PCJ,PCJ_SV,"2024-06-10 05:47:07",1096,1087,2,6,1,552,545,0,6,1,546,6,1200,648,281,189,45,31
16,DÂMBOVIŢA,"ȘCOALA GIMNAZIALĂ ”ȘERBAN CIOCULESCU”",96,"ORAŞ GĂEŞTI",65681,1,PROV,PRCNCT,PCJ,PCJ_SV,"2024-06-10 08:24:41",1249,1236,0,11,2,705,692,0,11,2,692,13,1360,655,352,240,54,46
16,DÂMBOVIŢA,"ŞCOALA GIMNAZIALĂ SERDANU",287,LUNGULEŢU,67906,1,PROV,PRCNCT,PCJ,PCJ_SV,"2024-06-10 07:35:01",1055,1053,0,2,0,706,704,0,2,0,689,17,1168,462,494,132,51,12
16,DÂMBOVIŢA,"ȘCOALA GIMNAZIALĂ SLOBOZIA MOARĂ",375,"SLOBOZIA MOARĂ",105142,1,PROV,PRCNCT,PCJ,PCJ_SV,"2024-06-10 05:58:59",838,809,0,16,13,678,652,0,16,10,643,22,890,225,301,225,98,19
16,DÂMBOVIŢA,"ȘCOALA GIMNAZIALĂ SLOBOZIA MOARĂ",374,"SLOBOZIA MOARĂ",105142,1,PROV,PRCNCT,PCJ,PCJ_SV,"2024-06-10 04:46:08",871,828,2,22,19,715,672,2,22,19,684,31,930,215,334,268,66,16
16,DÂMBOVIŢA,"ȘCOALA GIMNAZIALĂ ”SMARANDA GHEORGHIU”",62,"MUNICIPIUL TÂRGOVIŞTE",65342,1,PROV,PRCNCT,PCJ,PCJ_SV,"2024-06-10 07:40:42",1464,1457,0,7,0,629,622,0,7,0,610,19,1630,1001,429,63,69,49
16,DÂMBOVIŢA,"ȘCOALA GIMNAZIALĂ ”SMARANDA GHEORGHIU”",63,"MUNICIPIUL TÂRGOVIŞTE",65342,1,PROV,PRCNCT,PCJ,PCJ_SV,"2024-06-10 05:22:54",1664,1656,0,6,2,1664,1656,0,6,2,649,34,1830,1147,429,67,111,42
16,DÂMBOVIŢA,"ȘCOALA GIMNAZIALĂ ”SMARANDA GHEORGHIU”",60,"MUNICIPIUL TÂRGOVIŞTE",65342,1,PROV,PRCNCT,PCJ,PCJ_SV,"2024-06-10 06:01:57",1463,1450,3,10,0,626,616,0,10,0,607,19,1600,974,410,70,57,70
16,DÂMBOVIŢA,"ȘCOALA GIMNAZIALĂ ”SMARANDA GHEORGHIU”",61,"MUNICIPIUL TÂRGOVIŞTE",65342,1,PROV,PRCNCT,PCJ,PCJ_SV,"2024-06-10 05:02:56",1246,1239,3,4,0,545,541,0,4,0,517,28,1370,825,337,68,69,43
16,DÂMBOVIŢA,"ȘCOALA GIMNAZIALĂ ”STAN ȘTEFAN”",422,VLĂDENI,179711,1,PROV,PRCNCT,PCJ,PCJ_SV,"2024-06-10 06:17:57",1268,1258,1,3,6,723,714,0,3,6,691,26,1390,673,468,92,50,81
16,DÂMBOVIŢA,"ȘCOALA GIMNAZIALĂ ȘUȚA SEACĂ - RACIU",355,RACIU,179891,1,PROV,PRCNCT,PCJ,PCJ_SV,"2024-06-10 06:09:06",705,700,0,1,4,414,409,0,1,4,395,19,770,356,267,34,41,53
16,DÂMBOVIŢA,"ŞCOALA GIMNAZIALĂ TĂRTĂŞEŞTI",384,TĂRTĂŞEŞTI,105534,1,PROV,PRCNCT,PCJ,PCJ_SV,"2024-06-10 04:45:47",853,837,1,15,0,497,482,0,15,0,465,32,926,425,285,66,81,33
16,DÂMBOVIŢA,"ȘCOALA GIMNAZIALĂ ”TEIUL DOAMNEI” - CORP B",382,ŞOTÂNGA,65477,1,PROV,PRCNCT,PCJ,PCJ_SV,"2024-06-10 03:50:55",819,819,0,0,0,378,378,0,0,0,360,18,910,532,241,32,39,48
16,DÂMBOVIŢA,"ȘCOALA GIMNAZIALĂ TELEȘTI",283,LUDEŞTI,67835,1,PROV,PRCNCT,PCJ,PCJ_SV,"2024-06-10 03:58:01",1357,1352,1,3,1,764,760,0,3,1,747,17,1490,726,591,35,105,16
16,DÂMBOVIŢA,"ȘCOALA GIMNAZIALĂ TOMȘANI",216,"COSTEŞTII DIN VALE",67121,1,PROV,PRCNCT,PCJ,PCJ_SV,"2024-06-10 05:51:20",979,960,0,4,15,708,689,0,4,15,683,25,1080,372,395,212,63,13
16,DÂMBOVIŢA,"ŞCOALA GIMNAZIALĂ ULIEŞTI",392,ULIEŞTI,68976,1,PROV,PRCNCT,PCJ,PCJ_SV,"2024-06-10 09:15:10",1033,1018,0,11,4,786,771,0,11,4,764,7,1130,359,330,316,108,10
16,DÂMBOVIŢA,"SCOALA GIMNAZIALA ULMI",396,ULMI,65501,1,PROV,PRCNCT,PCJ,PCJ_SV,"2024-06-10 03:34:09",1154,1146,3,5,0,637,632,0,5,0,613,21,1270,636,461,70,50,32
16,DÂMBOVIŢA,"ŞCOALA GIMNAZIALĂ UNGURENI-DRAGOMIREŞTI",245,DRAGOMIREŞTI,67407,1,PROV,PRCNCT,PCJ,PCJ_SV,"2024-06-10 03:35:11",1088,1083,0,5,0,484,479,0,5,0,462,22,1190,706,303,29,104,26
16,DÂMBOVIŢA,"ŞCOALA GIMNAZIALĂ VALEA MARE",405,"VALEA MARE",69170,1,PROV,PRCNCT,PCJ,PCJ_SV,"2024-06-10 03:54:01",1152,1150,0,2,0,711,709,0,2,0,690,21,1270,559,537,42,82,29
16,DÂMBOVIŢA,"ȘCOALA GIMNAZIALĂ VALEA VOIEVOZILOR",363,RĂZVAD,65431,1,PROV,PRCNCT,PCJ,PCJ_SV,"2024-06-10 03:43:26",1414,1406,3,5,0,771,766,0,5,0,745,26,1560,789,486,86,84,89
16,DÂMBOVIŢA,"ȘCOALA GIMNAZIALĂ VALEA VOIEVOZILOR",362,RĂZVAD,65431,1,PROV,PRCNCT,PCJ,PCJ_SV,"2024-06-10 03:43:07",1533,1517,5,8,3,796,785,0,8,3,766,19,1670,885,493,84,100,89
16,DÂMBOVIŢA,"ȘCOALA GIMNAZIALӐ GURA ȘUȚII",260,"GURA ŞUŢII",67648,1,PROV,PRCNCT,PCJ,PCJ_SV,"2024-06-10 02:57:12",876,840,1,0,35,561,525,1,0,35,551,10,970,409,496,20,24,11
16,DÂMBOVIŢA,"ȘCOALA GIMNAZIALӐ GURA ȘUȚII",261,"GURA ŞUŢII",67648,1,PROV,PRCNCT,PCJ,PCJ_SV,"2024-06-10 02:50:44",881,843,0,1,37,568,530,0,1,37,515,12,970,406,449,16,39,11
16,DÂMBOVIŢA,"ȘCOALA GIMNAZIALӐ SPERIEȚENI",263,"GURA ŞUŢII",67648,1,PROV,PRCNCT,PCJ,PCJ_SV,"2024-06-10 06:18:34",1456,1438,1,2,15,647,630,0,2,15,627,20,1606,959,452,41,111,23
16,DÂMBOVIŢA,"SCOALA GLOD",302,MOROENI,68182,1,PROV,PRCNCT,PCJ,PCJ_SV,"2024-06-10 11:27:02",1422,1409,0,11,2,1044,1031,0,11,2,978,62,1560,520,616,283,64,15
16,DÂMBOVIŢA,"ȘCOALA ÎNVĂȚĂTOR IULIAN RUSU",229,DOBRA,67292,1,PROV,PRCNCT,PCJ,PCJ_SV,"2024-06-10 08:21:05",1498,1472,0,10,16,920,894,0,10,16,890,30,1620,700,610,207,57,16
16,DÂMBOVIŢA,"ŞCOALA LUCIENI",278,LUCIENI,67773,1,PROV,PRCNCT,PCJ,PCJ_SV,"2024-06-10 04:25:25",1075,1072,1,2,0,635,633,0,2,0,612,21,1180,545,426,113,52,21
16,DÂMBOVIŢA,"ŞCOALA LUCIENI",277,LUCIENI,67773,1,PROV,PRCNCT,PCJ,PCJ_SV,"2024-06-10 03:41:10",984,974,0,10,0,634,624,0,10,0,610,24,1070,436,444,78,58,30
16,DÂMBOVIŢA,"ŞCOALA MĂNĂSTIREA",178,COBIA,66580,1,PROV,PRCNCT,PCJ,PCJ_SV,"2024-06-10 09:48:57",418,392,0,10,16,299,273,0,10,16,268,5,430,157,216,15,33,4
16,DÂMBOVIŢA,"ȘCOALA MĂRGINENII DE SUS",227,DĂRMĂNEŞTI,67256,1,PROV,PRCNCT,PCJ,PCJ_SV,"2024-06-10 03:48:09",872,867,0,4,1,534,529,0,4,1,507,27,960,426,103,316,44,44
16,DÂMBOVIŢA,"ȘCOALA MERII",300,MOGOŞANI,68128,1,PROV,PRCNCT,PCJ,PCJ_SV,"2024-06-10 15:41:53",781,753,0,20,8,602,574,0,20,8,588,14,830,228,217,291,38,42
16,DÂMBOVIŢA,"SCOALA MUSCEL",305,MOROENI,68182,1,PROV,PRCNCT,PCJ,PCJ_SV,"2024-06-10 01:43:52",69,61,0,7,1,47,39,0,7,1,46,1,70,23,22,17,6,1
16,DÂMBOVIŢA,"SCOALA NOUA GENERALA MESTEACAN",413,VĂLENI-DÂMBOVIŢA,69303,1,PROV,PRCNCT,PCJ,PCJ_SV,"2024-06-10 02:55:54",222,210,0,10,2,187,175,0,10,2,170,5,230,55,128,27,12,3
16,DÂMBOVIŢA,"ŞCOALA NOUĂ VIFORÂTA",134,ANINOASA,65379,1,PROV,PRCNCT,PCJ,PCJ_SV,"2024-06-10 08:24:20",1160,1148,1,5,6,661,649,1,5,6,636,25,1270,609,362,153,77,44
16,DÂMBOVIŢA,"ŞCOALA NOUĂ VIFORÂTA",133,ANINOASA,65379,1,PROV,PRCNCT,PCJ,PCJ_SV,"2024-06-10 06:15:00",1035,1008,0,8,19,622,595,0,8,19,594,28,1330,708,358,158,52,26
16,DÂMBOVIŢA,"ȘCOALA NR.1 POIANA",340,POIANA,68431,1,PROV,PRCNCT,PCJ,PCJ_SV,"2024-06-10 05:48:26",1026,1026,0,0,0,677,677,0,0,0,656,21,1130,453,541,52,49,14
16,DÂMBOVIŢA,"ȘCOALA NR.1 POIANA, SAT POIANA",339,POIANA,68431,1,PROV,PRCNCT,PCJ,PCJ_SV,"2024-06-10 02:48:48",880,880,0,0,0,560,560,0,0,0,544,16,970,410,464,33,32,15
16,DÂMBOVIŢA,"ȘCOALA NR.2 PICIOR DE MUNTE - BOBOCI",236,DRAGODANA,67327,1,PROV,PRCNCT,PCJ,PCJ_SV,"2024-06-10 06:47:47",1102,1063,0,31,8,699,660,0,31,8,665,34,1170,471,365,192,108,0
16,DÂMBOVIŢA,"ȘCOALA NR.2 PICIOR DE MUNTE - BOBOCI",237,DRAGODANA,67327,1,PROV,PRCNCT,PCJ,PCJ_SV,"2024-06-10 05:04:45",718,712,0,4,2,416,410,0,4,2,405,11,780,364,223,103,53,26
16,DÂMBOVIŢA,"ȘCOALA NR.2 POIANA",341,POIANA,68431,1,PROV,PRCNCT,PCJ,PCJ_SV,"2024-06-10 03:33:04",846,839,0,7,0,483,476,0,7,0,466,17,920,437,399,28,32,7
16,DÂMBOVIŢA,"ŞCOALA OLTENI",279,LUCIENI,67773,1,PROV,PRCNCT,PCJ,PCJ_SV,"2024-06-10 01:38:56",475,458,0,17,0,305,288,0,17,0,298,7,500,195,258,13,17,10
16,DÂMBOVIŢA,"ŞCOALA PITARU",344,POTLOGI,68468,1,PROV,PRCNCT,PCJ,PCJ_SV,"2024-06-10 03:03:20",695,684,0,11,0,382,371,0,11,0,370,12,750,368,300,35,24,11
16,DÂMBOVIŢA,"ŞCOALA POTLOGI",343,POTLOGI,68468,1,PROV,PRCNCT,PCJ,PCJ_SV,"2024-06-10 04:11:43",1227,1214,1,12,0,752,740,0,12,0,736,16,1340,588,565,116,38,17
16,DÂMBOVIŢA,"ŞCOALA POTLOGI",342,POTLOGI,68468,1,PROV,PRCNCT,PCJ,PCJ_SV,"2024-06-10 03:57:48",1213,1206,0,7,0,710,703,0,7,0,690,20,1330,620,487,147,44,12
16,DÂMBOVIŢA,"ȘCOALA PREOT PANAIT GEORGESCU",228,DOBRA,67292,1,PROV,PRCNCT,PCJ,PCJ_SV,"2024-06-10 05:53:52",1440,1409,0,14,17,990,959,0,14,17,976,14,1570,580,764,125,63,24
16,DÂMBOVIŢA,"ȘCOALA PRIMARĂ BROȘTENI",349,PRODULEŞTI,68529,1,PROV,PRCNCT,PCJ,PCJ_SV,"2024-06-10 02:14:47",516,513,0,1,2,254,251,0,1,2,248,6,570,0,192,21,30,5
16,DÂMBOVIŢA,"ŞCOALA PRIMARĂ BUJOREANCA",207,CORNEŞTI,67014,1,PROV,PRCNCT,PCJ,PCJ_SV,"2024-06-10 01:32:04",375,359,0,16,0,237,221,0,16,0,228,9,400,163,101,22,28,77
16,DÂMBOVIŢA,"ȘCOALA PRIMARĂ COSTEȘTII DIN DEAL",350,PRODULEŞTI,68529,1,PROV,PRCNCT,PCJ,PCJ_SV,"2024-06-10 02:33:25",756,741,0,8,7,478,463,0,8,7,454,24,820,342,356,27,52,19
16,DÂMBOVIŢA,"ŞCOALA PRIMARĂ CRIVĂŢU",209,CORNEŞTI,67014,1,PROV,PRCNCT,PCJ,PCJ_SV,"2024-06-10 01:45:56",202,194,0,7,1,145,137,0,7,1,142,3,220,75,99,13,6,24
16,DÂMBOVIŢA,"ŞCOALA PRIMARĂ DRĂGHINEASCA",356,RĂSCĂEŢI,179926,1,PROV,PRCNCT,PCJ,PCJ_SV,"2024-06-10 06:30:07",800,791,0,1,8,615,606,0,1,8,601,14,880,265,85,428,67,21
16,DÂMBOVIŢA,"ŞCOALA PRIMARĂ”GRIGORE STĂNESCU ” POSTÎRNACU",212,CORNEŞTI,67014,1,PROV,PRCNCT,PCJ,PCJ_SV,"2024-06-10 08:08:02",661,643,0,15,3,345,327,0,15,3,320,25,710,364,120,33,41,126
16,DÂMBOVIŢA,"ŞCOALA PRIMARĂ HANU LUI PALĂ",394,ULIEŞTI,68976,1,PROV,PRCNCT,PCJ,PCJ_SV,"2024-06-10 02:39:11",279,271,0,8,0,203,195,0,8,0,199,4,296,93,95,98,3,3
16,DÂMBOVIŢA,"ŞCOALA PRIMARĂ IBRIANU",211,CORNEŞTI,67014,1,PROV,PRCNCT,PCJ,PCJ_SV,"2024-06-10 03:33:50",603,584,0,17,2,389,370,0,17,2,371,18,650,261,137,50,60,124
16,DÂMBOVIŢA,"ȘCOALA PRIMARĂ ” ILFOVENI ”",318,NUCET,68280,1,PROV,PRCNCT,PCJ,PCJ_SV,"2024-06-10 01:23:07",451,447,0,4,0,240,236,0,4,0,231,9,500,260,181,21,19,10
16,DÂMBOVIŢA,"ȘCOALA PRIMARĂ MIJA",276,"I. L. CARAGIALE",67737,1,PROV,PRCNCT,PCJ,PCJ_SV,"2024-06-10 03:27:06",592,589,0,3,0,276,273,0,3,0,265,11,650,374,92,125,40,8
16,DÂMBOVIŢA,"ȘCOALA PRIMARĂ MIULEȘTI",325,ODOBEŞTI,68342,1,PROV,PRCNCT,PCJ,PCJ_SV,"2024-06-10 03:27:12",448,443,0,5,0,323,318,0,5,0,313,10,487,164,163,133,13,4
16,DÂMBOVIŢA,"ŞCOALA PRIMARĂ NR. 2 GROZĂVEŞTI",197,"CORBII MARI",66857,1,PROV,PRCNCT,PCJ,PCJ_SV,"2024-06-10 06:46:11",1064,1060,0,4,0,629,625,0,4,0,603,26,1170,541,505,40,48,10
16,DÂMBOVIŢA,"ŞCOALA PRIMARĂ ODAIA TURCULUI",295,MĂTĂSARU,68048,1,PROV,PRCNCT,PCJ,PCJ_SV,"2024-06-10 10:15:47",828,820,0,4,4,606,598,0,4,4,589,17,920,314,342,193,38,16
16,DÂMBOVIŢA,"ȘCOALA PRIMARĂ POTOCELU",280,LUDEŞTI,67835,1,PROV,PRCNCT,PCJ,PCJ_SV,"2024-06-10 04:48:06",1020,1015,1,4,0,484,480,0,4,0,438,46,1115,631,313,26,83,16
16,DÂMBOVIŢA,"ŞCOALA PRIMARĂ SATU NOU",199,"CORBII MARI",66857,1,PROV,PRCNCT,PCJ,PCJ_SV,"2024-06-10 03:04:07",366,363,0,3,0,263,260,0,3,0,253,10,410,147,216,19,15,3
16,DÂMBOVIŢA,"ȘCOALA PRIMARĂ SCHEIU DE SUS",282,LUDEŞTI,67835,1,PROV,PRCNCT,PCJ,PCJ_SV,"2024-06-10 04:11:17",750,748,0,2,0,437,435,0,2,0,406,31,830,393,286,84,24,12
16,DÂMBOVIŢA,"ȘCOALA PRIMARĂ SILIȘTEA - RACIU",354,RACIU,179891,1,PROV,PRCNCT,PCJ,PCJ_SV,"2024-06-10 04:49:40",718,704,0,6,8,448,434,0,6,8,420,14,790,356,286,55,37,42
16,DÂMBOVIŢA,"ŞCOALA PRIMARĂ UNGURENI",213,CORNEŞTI,67014,1,PROV,PRCNCT,PCJ,PCJ_SV,"2024-06-10 05:39:51",670,654,0,13,3,457,441,0,13,3,438,19,730,273,125,28,56,229
16,DÂMBOVIŢA,"ŞCOALA PRIMARĂ VADU STANCHII",202,"CORBII MARI",66857,1,PROV,PRCNCT,PCJ,PCJ_SV,"2024-06-10 04:49:40",366,357,1,8,0,235,227,0,8,0,226,9,396,161,195,20,8,3
16,DÂMBOVIŢA,"ŞCOALA PRIMARĂ VOIA",219,CRÂNGURILE,67167,1,PROV,PRCNCT,PCJ,PCJ_SV,"2024-06-10 03:36:10",668,664,1,3,0,441,437,1,3,0,389,52,730,289,242,135,11,1
16,DÂMBOVIŢA,"ȘCOALA PRIMARĂ ZIDURILE",326,ODOBEŞTI,68342,1,PROV,PRCNCT,PCJ,PCJ_SV,"2024-06-10 06:36:41",660,650,0,9,1,471,461,0,9,1,456,15,715,244,280,133,22,21
16,DÂMBOVIŢA,"ŞCOALA PROFESIONALĂ BĂLENI",135,BĂLENI,66198,1,PROV,PRCNCT,PCJ,PCJ_SV,"2024-06-10 09:07:22",1484,1481,1,2,0,886,884,0,2,0,855,31,1630,744,392,363,65,35
16,DÂMBOVIŢA,"ŞCOALA ROMÂNEŞTI",346,POTLOGI,68468,1,PROV,PRCNCT,PCJ,PCJ_SV,"2024-06-10 08:22:39",1851,1844,0,7,0,762,755,0,7,0,728,34,2020,1258,508,95,45,80
16,DÂMBOVIŢA,"ŞCOALA ROMÂNEŞTI",345,POTLOGI,68468,1,PROV,PRCNCT,PCJ,PCJ_SV,"2024-06-10 06:04:41",1319,1317,0,2,0,553,551,0,2,0,528,25,1460,907,444,44,20,20
16,DÂMBOVIŢA,"ȘCOALA SĂLCUȚA",125,"ORAŞ TITU",66081,1,PROV,PRCNCT,PCJ,PCJ_SV,"2024-06-10 09:30:23",1080,1059,1,6,14,661,641,0,6,14,627,34,1170,509,266,281,63,17
16,DÂMBOVIŢA,"ŞCOALA SĂTENI",132,ANINOASA,65379,1,PROV,PRCNCT,PCJ,PCJ_SV,"2024-06-10 06:37:43",1271,1257,0,4,10,710,696,0,4,10,684,26,1380,670,535,76,33,40
16,DÂMBOVIŢA,"ŞCOALA ”SPIRU HARET” BRANISTEA CLASELE I-VIII, SALA DE CLASA NR. 1",146,BRANIŞTEA,66152,1,PROV,PRCNCT,PCJ,PCJ_SV,"2024-06-10 06:57:33",1220,1160,1,30,29,937,878,0,30,29,904,33,1260,323,450,407,35,12
16,DÂMBOVIŢA,"ŞCOALA ”SPIRU HARET” BRANISTEA CLASELE I-VIII, SALA DE CLASA NR. 2",147,BRANIŞTEA,66152,1,PROV,PRCNCT,PCJ,PCJ_SV,"2024-06-10 07:29:34",1073,1024,0,17,32,838,789,0,17,32,816,21,1130,293,403,357,38,18
16,DÂMBOVIŢA,"ȘCOALA URSEIU",421,VIŞINEŞTI,69394,1,PROV,PRCNCT,PCJ,PCJ_SV,"2024-06-10 00:27:10",483,470,0,3,10,296,283,0,3,10,285,11,530,234,227,27,20,11
16,DÂMBOVIŢA,"SCOALA VALEA LARGA",352,PUCHENI,68565,1,PROV,PRCNCT,PCJ,PCJ_SV,"2024-06-10 02:29:52",209,193,0,12,4,147,131,0,12,4,136,11,220,73,119,11,4,2
16,DÂMBOVIŢA,"SCOALA VECHE-GRADINITA",303,MOROENI,68182,1,PROV,PRCNCT,PCJ,PCJ_SV,"2024-06-10 07:20:42",969,953,0,5,11,651,635,0,5,11,637,14,1050,399,364,208,33,32
16,DÂMBOVIŢA,"SCOALA VECHE - GRĂDINIȚA MORENI",304,MOROENI,68182,1,PROV,PRCNCT,PCJ,PCJ_SV,"2024-06-10 07:37:45",1144,1110,0,5,29,749,715,0,5,29,728,21,1260,510,335,327,45,21
16,DÂMBOVIŢA,"ŞCOALA VLĂSCENI",347,POTLOGI,68468,1,PROV,PRCNCT,PCJ,PCJ_SV,"2024-06-10 03:12:45",573,562,1,10,0,333,322,1,10,0,324,9,620,287,264,47,11,2
16,DÂMBOVIŢA,"ȘCOALA ZĂVOIU",301,MOGOŞANI,68128,1,PROV,PRCNCT,PCJ,PCJ_SV,"2024-06-10 06:04:57",808,711,0,84,13,653,556,0,84,13,628,17,780,135,99,382,44,103
