precinct_county_nce,precinct_county_name,precinct_name,precinct_nr,uat_name,uat_siruta,report_version,report_stage_code,report_type_scope_code,report_type_category_code,report_type_code,created_at,a,a1,a2,a3,a4,b,b1,b2,b3,b4,c,d,e,f,"PUCHEANU IONUŢ-FLORIN-PARTIDUL SOCIAL DEMOCRAT-voturi","VREME DANIELA-SIMONA-ALIANȚA PENTRU UNIREA ROMÂNILOR-voturi","ATANASIU ONUŢ-VALERIU-PARTIDUL NAȚIONAL LIBERAL-voturi","AMBRINOC STĂNICĂ-PARTIDUL PRO ROMÂNIA-voturi","TĂUNE MARCELINA-ROMÂNIA SOCIALISTĂ-voturi","DOBRESCU BOGDAN-PARTIDUL S.O.S. ROMÂNIA-voturi","ŞARPE DANIELA-ANCUŢA-ALIANȚA DREAPTA UNITĂ USR - PMP - FORȚA DREPTEI-voturi","DURBACĂ EUGEN-PARTIDUL CONSERVATOR DEMOCRAT-voturi","CĂSTĂIAN DORU-VALENTIN-PACT PENTRU GALAȚI-voturi","ROMAN APOSTOL-PICU-PARTIDUL UMANIST SOCIAL LIBERAL-voturi","DERMENGI MIHAI-voturi"
18,GALAŢI,"COLEGIUL DE INDUSTRIE ALIMENTARĂ ”ELENA DOAMNA” (GRUP ȘCOLAR ”ELENA DOAMNA”)",43,"MUNICIPIUL GALAŢI",75098,1,PROV,PRCNCT,P,P_SV,"2024-06-10 06:02:55",1572,1541,0,12,19,537,506,0,12,19,517,20,600,63,285,37,25,5,5,20,42,6,54,24,14
18,GALAŢI,"COLEGIUL DE INDUSTRIE ALIMENTARĂ ”ELENA DOAMNA” (GRUP ȘCOLAR ”ELENA DOAMNA”)",42,"MUNICIPIUL GALAŢI",75098,1,PART,PRCNCT,P,P_SV,"2024-06-10 03:40:59",1731,1714,1,11,5,605,588,1,11,5,580,14,2000,1406,327,38,43,8,4,16,40,3,57,40,4
18,GALAŢI,"COLEGIUL ECONOMIC ”VIRGIL MADGEARU” (GRUP ȘCOLAR ECONOMIC ADMINISTRATIV ”VIRGIL MADGEARU”)",59,"MUNICIPIUL GALAŢI",75098,1,PROV,PRCNCT,P,P_SV,"2024-06-10 04:42:03",1772,1762,0,10,0,651,641,0,10,0,636,15,2000,1349,432,29,43,4,1,18,34,3,41,24,7
18,GALAŢI,"COLEGIUL ECONOMIC ”VIRGIL MADGEARU” (GRUP ȘCOLAR ECONOMIC ADMINISTRATIV ”VIRGIL MADGEARU”)",58,"MUNICIPIUL GALAŢI",75098,1,PART,PRCNCT,P,P_SV,"2024-06-10 04:25:50",1944,1916,0,6,22,459,431,0,6,22,447,12,2000,1541,300,28,15,5,2,8,29,2,29,20,9
18,GALAŢI,"COLEGIUL ECONOMIC ”VIRGIL MADGEARU” (GRUP ȘCOLAR ECONOMIC ADMINISTRATIV ”VIRGIL MADGEARU”)",55,"MUNICIPIUL GALAŢI",75098,1,PART,PRCNCT,P,P_SV,"2024-06-10 03:00:18",1937,1899,0,7,31,223,185,0,7,31,220,3,2000,1777,123,22,10,1,0,14,10,2,15,17,6
18,GALAŢI,"COLEGIUL ECONOMIC ”VIRGIL MADGEARU” (GRUP ȘCOLAR ECONOMIC ADMINISTRATIV ”VIRGIL MADGEARU”)",56,"MUNICIPIUL GALAŢI",75098,1,PROV,PRCNCT,P,P_SV,"2024-06-10 05:46:09",1897,1843,0,4,50,158,104,0,4,50,134,24,2000,1066,76,14,6,0,1,2,8,2,16,6,3
18,GALAŢI,"COLEGIUL ECONOMIC ”VIRGIL MADGEARU” (GRUP ȘCOLAR ECONOMIC ADMINISTRATIV ”VIRGIL MADGEARU”)",57,"MUNICIPIUL GALAŢI",75098,1,PART,PRCNCT,P,P_SV,"2024-06-10 04:17:18",1848,1811,0,5,32,139,102,0,5,32,137,2,2000,1859,84,17,9,1,0,4,6,1,5,7,3
18,GALAŢI,"COLEGIUL NAȚIONAL ”ALEXANDRU IOAN CUZA” (GRĂDINIȚA NR. 59 - FOSTA ȘCOALĂ GENERALĂ NR. 8)",52,"MUNICIPIUL GALAŢI",75098,1,PROV,PRCNCT,P,P_SV,"2024-06-10 06:22:00",1396,1386,2,7,1,600,592,0,7,1,590,10,1600,1000,412,27,27,2,3,10,37,4,51,11,6
18,GALAŢI,"COLEGIUL NAȚIONAL ”ALEXANDRU IOAN CUZA” (GRĂDINIȚA NR. 59 - FOSTA ȘCOALĂ GENERALĂ NR. 8)",53,"MUNICIPIUL GALAŢI",75098,1,PROV,PRCNCT,P,P_SV,"2024-06-10 10:40:31",1316,1304,3,8,1,488,479,0,8,1,488,0,1600,1112,315,23,31,3,3,17,34,6,47,9,0
18,GALAŢI,"COLEGIUL NAȚIONAL ”ALEXANDRU IOAN CUZA” (GRĂDINIȚA NR. 59 - FOSTA ȘCOALĂ GENERALĂ NR. 8)",51,"MUNICIPIUL GALAŢI",75098,1,PART,PRCNCT,P,P_SV,"2024-06-10 05:06:51",1188,1181,0,6,1,537,530,0,6,1,519,18,1200,663,318,24,22,4,1,7,55,4,59,18,7
18,GALAŢI,"COLEGIUL NAȚIONAL ”ALEXANDRU IOAN CUZA” (GRĂDINIȚA NR. 59 - FOSTA ȘCOALĂ GENERALĂ NR. 8)",54,"MUNICIPIUL GALAŢI",75098,1,PROV,PRCNCT,P,P_SV,"2024-06-10 09:12:29",1912,1904,1,7,0,412,405,0,7,0,402,10,2000,1585,235,33,27,4,2,16,18,6,38,16,7
18,GALAŢI,"COLEGIUL NAȚIONAL ”COSTACHE NEGRI” (LICEUL PEDAGOGIC ”COSTACHE NEGRI”)",22,"MUNICIPIUL GALAŢI",75098,1,PROV,PRCNCT,P,P_SV,"2024-06-10 06:56:31",1368,1359,2,7,0,564,557,0,7,0,550,14,1600,1036,350,22,31,2,2,17,31,4,71,14,6
18,GALAŢI,"COLEGIUL NAȚIONAL ”COSTACHE NEGRI” (LICEUL PEDAGOGIC ”COSTACHE NEGRI”)",20,"MUNICIPIUL GALAŢI",75098,1,PROV,PRCNCT,P,P_SV,"2024-06-10 03:22:49",1459,1451,0,8,0,596,588,0,8,0,580,11,1600,863,328,25,44,8,5,12,50,8,77,13,10
18,GALAŢI,"COLEGIUL NAȚIONAL ”COSTACHE NEGRI” (LICEUL PEDAGOGIC ”COSTACHE NEGRI”)",18,"MUNICIPIUL GALAŢI",75098,1,PROV,PRCNCT,P,P_SV,"2024-06-10 05:46:09",1242,1203,29,10,0,522,512,0,10,0,512,9,1600,1079,321,36,38,3,2,3,25,3,62,10,9
18,GALAŢI,"COLEGIUL NAȚIONAL ”COSTACHE NEGRI” (LICEUL PEDAGOGIC ”COSTACHE NEGRI”)",21,"MUNICIPIUL GALAŢI",75098,1,PROV,PRCNCT,P,P_SV,"2024-06-10 03:19:15",1357,1348,1,6,2,563,555,0,6,2,545,17,1600,1037,318,29,34,5,0,11,60,5,62,11,10
18,GALAŢI,"COLEGIUL NAȚIONAL ”COSTACHE NEGRI” (LICEUL PEDAGOGIC ”COSTACHE NEGRI”)",19,"MUNICIPIUL GALAŢI",75098,1,PROV,PRCNCT,P,P_SV,"2024-06-10 03:58:28",1478,1457,13,8,0,596,588,0,8,0,581,15,1600,1004,370,34,27,4,2,15,30,4,78,12,5
18,GALAŢI,"COLEGIUL NAȚIONAL ”MIHAIL KOGĂLNICEANU”",12,"MUNICIPIUL GALAŢI",75098,1,PART,PRCNCT,P,P_SV,"2024-06-10 06:19:13",1523,1508,5,9,1,608,598,0,9,1,591,17,1600,992,345,25,36,5,1,16,55,9,77,9,13
18,GALAŢI,"COLEGIUL NAȚIONAL ”MIHAIL KOGĂLNICEANU”",11,"MUNICIPIUL GALAŢI",75098,1,PROV,PRCNCT,P,P_SV,"2024-06-10 07:52:54",1401,1395,1,5,0,557,552,0,5,0,552,0,1600,1037,321,18,30,4,1,8,45,8,98,12,7
18,GALAŢI,"COLEGIUL NAȚIONAL ”MIHAIL KOGĂLNICEANU”",14,"MUNICIPIUL GALAŢI",75098,1,PROV,PRCNCT,P,P_SV,"2024-06-10 05:29:31",1122,1115,1,6,0,435,429,0,6,0,429,6,1200,765,270,25,22,0,1,7,33,1,48,12,10
18,GALAŢI,"COLEGIUL NAȚIONAL ”MIHAIL KOGĂLNICEANU”",13,"MUNICIPIUL GALAŢI",75098,1,PROV,PRCNCT,P,P_SV,"2024-06-10 04:47:36",1068,1050,5,11,2,314,301,0,11,2,297,17,1200,886,172,24,22,2,3,13,17,1,22,14,7
18,GALAŢI,"COLEGIUL NAȚIONAL ”VASILE ALECSANDRI”",29,"MUNICIPIUL GALAŢI",75098,1,PART,PRCNCT,P,P_SV,"2024-06-10 05:00:43",1299,1274,19,6,0,550,544,0,6,0,542,8,1600,1050,315,36,29,1,0,8,35,1,78,31,8
18,GALAŢI,"COLEGIUL NAȚIONAL ”VASILE ALECSANDRI”",28,"MUNICIPIUL GALAŢI",75098,1,PROV,PRCNCT,P,P_SV,"2024-06-10 05:46:19",1242,1234,2,6,0,480,474,0,6,0,471,9,1200,322,235,34,31,5,0,14,46,6,76,19,5
18,GALAŢI,"COLEGIUL NAȚIONAL ”VASILE ALECSANDRI”",27,"MUNICIPIUL GALAŢI",75098,1,PROV,PRCNCT,P,P_SV,"2024-06-10 02:53:35",894,886,0,8,0,381,373,0,8,0,373,8,800,419,199,44,23,7,3,13,20,0,41,19,4
18,GALAŢI,"GRĂDINIȚA CU PROGRAM NORMAL NR. 20, ARONDATĂ ȘCOLII GIMNAZIALE ”MIRON COSTIN” (GRĂDINIȚA NR. 20 - ANEXA ȘCOLII NR. 12)",175,"MUNICIPIUL GALAŢI",75098,1,PART,PRCNCT,P,P_SV,"2024-06-10 05:28:02",1735,1718,8,9,0,683,674,0,9,0,663,11,2000,1317,419,38,42,1,0,20,46,2,77,14,4
18,GALAŢI,"GRĂDINIȚA CU PROGRAM NORMAL NR. 20, ARONDATĂ ȘCOLII GIMNAZIALE ”MIRON COSTIN” (GRĂDINIȚA NR. 20 - ANEXA ȘCOLII NR. 12)",176,"MUNICIPIUL GALAŢI",75098,1,PART,PRCNCT,P,P_SV,"2024-06-10 05:37:28",1307,1298,1,8,0,472,464,0,8,0,469,3,1600,1128,323,26,35,5,1,12,22,3,27,7,8
18,GALAŢI,"GRĂDINIȚA CU PROGRAM NORMAL NR. 29, ARONDATĂ GRĂDINIȚEI CU PROGRAM PRELUNGIT ”CAMIL RESSU” (GRĂDINIȚA FILEȘTI - GRĂDINIȚA NR.29)",140,"MUNICIPIUL GALAŢI",75098,1,PROV,PRCNCT,P,P_SV,"2024-06-10 06:02:25",477,469,0,8,0,207,199,0,8,0,202,5,500,293,114,18,5,1,2,12,12,7,9,18,4
18,GALAŢI,"GRĂDINIȚA CU PROGRAM NORMAL NR. 59 (FOSTA ȘCOALĂ GIMNAZIALĂ ”NICOLAE MANTU”)",96,"MUNICIPIUL GALAŢI",75098,1,PROV,PRCNCT,P,P_SV,"2024-06-10 07:28:01",1370,1360,1,9,0,556,546,1,9,0,525,12,2000,1451,334,34,45,5,3,10,25,5,43,7,14
18,GALAŢI,"GRĂDINIȚA CU PROGRAM NORMAL NR. 59 (FOSTA ȘCOALĂ GIMNAZIALĂ ”NICOLAE MANTU”)",95,"MUNICIPIUL GALAŢI",75098,1,PROV,PRCNCT,P,P_SV,"2024-06-10 06:49:41",1548,1535,3,10,0,621,611,0,10,0,612,9,2000,1379,417,31,33,2,1,11,31,6,51,26,3
18,GALAŢI,"GRĂDINIȚA CU PROGRAM PRELUNGIT ”MOTANUL ÎNCĂLȚAT” (GRĂDINIȚA CU PROGRAM PRELUNGIT ”PRICHINDEL” - GRĂDINIȚA ”PRICHINDEL” - GRĂDINIȚA NR. 62)",70,"MUNICIPIUL GALAŢI",75098,1,PROV,PRCNCT,P,P_SV,"2024-06-10 06:49:02",1457,1451,0,6,0,635,629,0,6,0,621,14,1600,965,409,46,24,7,3,17,40,5,38,24,8
18,GALAŢI,"GRĂDINIȚA CU PROGRAM PRELUNGIT ”MOTANUL ÎNCĂLȚAT” (GRĂDINIȚA CU PROGRAM PRELUNGIT ”PRICHINDEL” - GRĂDINIȚA ”PRICHINDEL” - GRĂDINIȚA NR. 62)",71,"MUNICIPIUL GALAŢI",75098,1,PROV,PRCNCT,P,P_SV,"2024-06-10 05:42:32",1377,1370,0,7,0,516,509,0,7,0,506,10,1600,1084,338,36,27,6,2,13,25,2,33,16,8
18,GALAŢI,"GRĂDINIȚA CU PROGRAM PRELUNGIT ”MOTANUL ÎNCĂLȚAT” (GRĂDINIȚA CU PROGRAM PRELUNGIT ”PRICHINDEL” - GRĂDINIȚA ”PRICHINDEL” - GRĂDINIȚA NR. 62)",72,"MUNICIPIUL GALAŢI",75098,1,PROV,PRCNCT,P,P_SV,"2024-06-10 05:52:56",1310,1301,0,9,0,519,510,0,9,0,504,15,1600,1079,312,32,26,5,0,10,38,0,43,24,14
18,GALAŢI,"GRĂDINIȚA CU PROGRAM PRELUNGIT NR. 47, ARONDATĂ GRĂDINIȚEI CU PROGRAM NORMAL ”ION CREANGĂ” (GRĂDINIȚA NR.47)",152,"MUNICIPIUL GALAŢI",75098,1,PART,PRCNCT,P,P_SV,"2024-06-10 06:15:01",8004,8000,0,4,0,607,603,0,4,0,588,19,8000,7393,415,46,19,5,6,28,30,4,13,16,6
18,GALAŢI,"GRĂDINIȚA CU PROGRAM PRELUNGIT NR. 47, ARONDATĂ GRĂDINIȚEI CU PROGRAM NORMAL ”ION CREANGĂ” (GRĂDINIȚA NR.47)",154,"MUNICIPIUL GALAŢI",75098,1,PROV,PRCNCT,P,P_SV,"2024-06-10 01:25:26",1707,1702,0,5,0,241,236,0,5,0,232,9,2000,1759,150,22,8,4,1,7,6,6,2,23,3
18,GALAŢI,"GRĂDINIȚA CU PROGRAM PRELUNGIT NR. 47, ARONDATĂ GRĂDINIȚEI CU PROGRAM NORMAL ”ION CREANGĂ” (GRĂDINIȚA NR.47)",151,"MUNICIPIUL GALAŢI",75098,1,PROV,PRCNCT,P,P_SV,"2024-06-10 03:20:28",1771,1761,2,8,0,565,557,1,7,0,549,14,2000,1435,379,51,20,1,6,18,20,7,16,28,3
18,GALAŢI,"GRĂDINIȚA CU PROGRAM PRELUNGIT NR. 47, ARONDATĂ GRĂDINIȚEI CU PROGRAM NORMAL ”ION CREANGĂ” (GRĂDINIȚA NR.47)",153,"MUNICIPIUL GALAŢI",75098,1,PROV,PRCNCT,P,P_SV,"2024-06-10 05:06:50",1823,1815,4,3,1,540,536,0,3,1,538,2,2000,1460,354,40,21,1,2,23,17,8,31,32,9
18,GALAŢI,"LICEUL DE TRANSPORTURI AUTO ”TRAIAN VUIA” (COLEGIUL TEHNIC ”TRAIAN VUIA” - GRUP ŞCOLAR TRANSPORTURI AUTO)",116,"MUNICIPIUL GALAŢI",75098,1,PART,PRCNCT,P,P_SV,"2024-06-10 04:31:07",1296,1290,1,5,0,499,494,0,5,0,488,11,1600,1101,339,19,25,7,0,5,29,5,40,14,5
18,GALAŢI,"LICEUL DE TRANSPORTURI AUTO ”TRAIAN VUIA” (COLEGIUL TEHNIC ”TRAIAN VUIA” - GRUP ŞCOLAR TRANSPORTURI AUTO)",115,"MUNICIPIUL GALAŢI",75098,1,PART,PRCNCT,P,P_SV,"2024-06-10 03:21:38",1224,1198,1,7,18,479,454,0,7,18,472,7,1600,1121,346,27,17,0,2,3,21,3,37,12,4
18,GALAŢI,"LICEUL DE TRANSPORTURI AUTO ”TRAIAN VUIA” (COLEGIUL TEHNIC ”TRAIAN VUIA” - GRUP ŞCOLAR TRANSPORTURI AUTO)",117,"MUNICIPIUL GALAŢI",75098,1,PROV,PRCNCT,P,P_SV,"2024-06-10 10:32:46",1231,1224,0,7,0,485,478,0,7,0,470,6,1201,716,327,22,26,2,1,0,29,3,44,12,4
18,GALAŢI,"LICEUL TEHNOLOGIC ”ANGHEL SALIGNY” (GRUP ȘCOLAR INDUSTRIAL ”ANGHEL SALIGNY” - LICEUL INDUSTRIAL NR.9)",128,"MUNICIPIUL GALAŢI",75098,1,PART,PRCNCT,P,P_SV,"2024-06-10 03:04:58",1828,1819,2,7,0,555,548,0,7,0,539,16,2000,1445,354,59,35,0,2,24,7,6,14,27,11
18,GALAŢI,"LICEUL TEHNOLOGIC ”ANGHEL SALIGNY” (GRUP ȘCOLAR INDUSTRIAL ”ANGHEL SALIGNY” - LICEUL INDUSTRIAL NR.9)",127,"MUNICIPIUL GALAŢI",75098,1,PROV,PRCNCT,P,P_SV,"2024-06-10 05:58:35",1678,1671,0,7,0,140,133,0,7,0,138,2,2000,1860,96,14,6,2,1,4,2,1,7,5,0
18,GALAŢI,"LICEUL TEHNOLOGIC ”ANGHEL SALIGNY” (GRUP ȘCOLAR INDUSTRIAL ”ANGHEL SALIGNY” - LICEUL INDUSTRIAL NR.9)",125,"MUNICIPIUL GALAŢI",75098,1,PART,PRCNCT,P,P_SV,"2024-06-10 02:27:08",1826,1820,0,6,0,376,370,0,6,0,369,7,2000,1624,243,29,17,0,6,14,18,2,12,19,9
18,GALAŢI,"LICEUL TEHNOLOGIC ”ANGHEL SALIGNY” (GRUP ȘCOLAR INDUSTRIAL ”ANGHEL SALIGNY” - LICEUL INDUSTRIAL NR.9)",126,"MUNICIPIUL GALAŢI",75098,1,PART,PRCNCT,P,P_SV,"2024-06-10 03:15:26",1673,1669,0,4,0,62,58,0,4,0,60,2,2000,1938,32,9,3,0,1,2,3,0,5,3,2
18,GALAŢI,"LICEUL TEHNOLOGIC ”AUREL VLAICU” (COLEGIUL TEHNIC ”AUREL VLAICU” - GRUP ȘCOLAR METALURGIC - LICEUL INDUSTRIAL NR. 3 )",157,"MUNICIPIUL GALAŢI",75098,1,PROV,PRCNCT,P,P_SV,"2024-06-10 03:43:25",1855,1847,0,7,1,666,658,0,7,1,648,18,2000,1334,441,31,31,8,4,20,46,7,29,23,8
18,GALAŢI,"LICEUL TEHNOLOGIC ”AUREL VLAICU” (COLEGIUL TEHNIC ”AUREL VLAICU” - GRUP ȘCOLAR METALURGIC - LICEUL INDUSTRIAL NR. 3 )",155,"MUNICIPIUL GALAŢI",75098,1,PART,PRCNCT,P,P_SV,"2024-06-10 07:04:29",1658,1649,1,8,0,476,476,0,0,0,467,9,2000,1524,335,29,21,2,3,14,4,3,23,30,3
18,GALAŢI,"LICEUL TEHNOLOGIC ”AUREL VLAICU” (COLEGIUL TEHNIC ”AUREL VLAICU” - GRUP ȘCOLAR METALURGIC - LICEUL INDUSTRIAL NR. 3 )",156,"MUNICIPIUL GALAŢI",75098,1,PART,PRCNCT,P,P_SV,"2024-06-10 02:08:53",1796,1789,0,7,0,194,187,0,7,0,190,4,2000,1806,123,17,6,2,1,8,11,2,4,14,2
18,GALAŢI,"LICEUL TEHNOLOGIC ”AUREL VLAICU” (COLEGIUL TEHNIC ”AUREL VLAICU” - GRUP ȘCOLAR METALURGIC - LICEUL INDUSTRIAL NR. 3 )",158,"MUNICIPIUL GALAŢI",75098,1,PROV,PRCNCT,P,P_SV,"2024-06-10 09:20:51",1748,1742,0,6,0,584,578,0,6,0,540,44,2000,1416,359,50,17,4,2,18,18,9,28,26,9
18,GALAŢI,"LICEUL TEHNOLOGIC ”CAROL I” (LICEUL TEHNOLOGIC CĂI FERATE - GRUP ȘCOLAR INDUSTRIAL TRANSPORTURI CF - LICEUL CFR)",164,"MUNICIPIUL GALAŢI",75098,1,PROV,PRCNCT,P,P_SV,"2024-06-10 06:25:28",1626,1617,0,8,1,576,567,0,8,1,564,12,1600,1024,392,27,26,7,3,7,37,5,32,25,3
18,GALAŢI,"LICEUL TEHNOLOGIC ”CAROL I” (LICEUL TEHNOLOGIC CĂI FERATE - GRUP ȘCOLAR INDUSTRIAL TRANSPORTURI CF - LICEUL CFR)",162,"MUNICIPIUL GALAŢI",75098,1,PART,PRCNCT,P,P_SV,"2024-06-10 07:55:03",1720,1714,0,6,0,605,600,0,5,0,591,14,2000,1395,391,37,38,7,2,22,19,3,39,21,12
18,GALAŢI,"LICEUL TEHNOLOGIC ”CAROL I” (LICEUL TEHNOLOGIC CĂI FERATE - GRUP ȘCOLAR INDUSTRIAL TRANSPORTURI CF - LICEUL CFR)",163,"MUNICIPIUL GALAŢI",75098,1,PROV,PRCNCT,P,P_SV,"2024-06-10 06:11:53",1656,1647,4,5,0,607,602,0,5,0,596,11,1600,993,414,30,18,4,4,16,29,6,49,15,11
18,GALAŢI,"LICEUL TEHNOLOGIC ”GENERAL DE MARINA NICOLAE DUMITRESCU MAICAN” (LICEUL TEHNOLOGIC DE MARINĂ - GRUP ȘCOLAR INDUSTRIAL DE MARINĂ - LICEUL DE MARINĂ)",50,"MUNICIPIUL GALAŢI",75098,1,PART,PRCNCT,P,P_SV,"2024-06-10 05:32:13",1273,1268,1,4,0,475,471,0,4,0,464,11,1600,1125,266,29,21,6,5,8,42,5,52,22,8
18,GALAŢI,"LICEUL TEHNOLOGIC ”GENERAL DE MARINA NICOLAE DUMITRESCU MAICAN” (LICEUL TEHNOLOGIC DE MARINĂ - GRUP ȘCOLAR INDUSTRIAL DE MARINĂ - LICEUL DE MARINĂ)",49,"MUNICIPIUL GALAŢI",75098,1,PART,PRCNCT,P,P_SV,"2024-06-10 07:41:15",1538,1497,36,5,0,531,526,0,5,0,511,20,1600,1069,311,38,24,1,2,20,28,13,39,28,7
18,GALAŢI,"LICEUL TEHNOLOGIC ”GENERAL DE MARINA NICOLAE DUMITRESCU MAICAN” (LICEUL TEHNOLOGIC DE MARINĂ - GRUP ȘCOLAR INDUSTRIAL DE MARINĂ - LICEUL DE MARINĂ)",48,"MUNICIPIUL GALAŢI",75098,1,PART,PRCNCT,P,P_SV,"2024-06-10 05:12:01",1294,1282,2,5,5,403,393,0,5,5,387,16,1600,1197,238,39,6,9,4,20,15,5,19,26,6
18,GALAŢI,"LICEUL TEHNOLOGIC ”PAUL DIMO” (COLEGIUL TEHNIC ”PAUL DIMO” - LICEUL ENERGETIC NR.4)",144,"MUNICIPIUL GALAŢI",75098,1,PROV,PRCNCT,P,P_SV,"2024-06-10 02:52:36",1038,1032,0,6,0,392,386,0,6,0,380,12,1200,808,266,25,27,1,3,9,14,2,23,7,3
18,GALAŢI,"LICEUL TEHNOLOGIC ”PAUL DIMO” (COLEGIUL TEHNIC ”PAUL DIMO” - LICEUL ENERGETIC NR.4)",143,"MUNICIPIUL GALAŢI",75098,1,PART,PRCNCT,P,P_SV,"2024-06-10 04:17:38",1379,1372,0,7,0,535,528,0,7,0,524,11,1600,1065,367,37,21,2,2,9,26,4,29,18,9
18,GALAŢI,"LICEUL TEHNOLOGIC ”PAUL DIMO” (COLEGIUL TEHNIC ”PAUL DIMO” - LICEUL ENERGETIC NR.4)",142,"MUNICIPIUL GALAŢI",75098,1,PART,PRCNCT,P,P_SV,"2024-06-10 03:35:53",1324,1317,0,7,0,481,474,0,7,0,469,12,1600,1119,332,36,12,2,1,14,28,2,23,14,5
18,GALAŢI,"LICEUL TEHNOLOGIC ”PAUL DIMO” (COLEGIUL TEHNIC ”PAUL DIMO” - LICEUL ENERGETIC NR.4)",141,"MUNICIPIUL GALAŢI",75098,1,PART,PRCNCT,P,P_SV,"2024-06-10 03:28:39",1334,1325,1,8,0,466,458,0,8,0,454,12,1600,1126,343,26,11,3,1,20,13,2,11,18,6
18,GALAŢI,"LICEUL TEHNOLOGIC ”RADU NEGRU” (COLEGIUL TEHNIC ”RADU NEGRU” - GRUP ȘCOLAR ”RADU NEGRU”)",41,"MUNICIPIUL GALAŢI",75098,1,PROV,PRCNCT,P,P_SV,"2024-06-10 06:58:44",1828,1791,4,6,27,726,692,1,6,27,713,11,2000,1276,441,55,39,6,1,18,48,3,65,24,13
18,GALAŢI,"LICEUL TEHNOLOGIC ”RADU NEGRU” (COLEGIUL TEHNIC ”RADU NEGRU” - GRUP ȘCOLAR ”RADU NEGRU”)",40,"MUNICIPIUL GALAŢI",75098,1,PROV,PRCNCT,P,P_SV,"2024-06-10 07:48:00",1605,1553,3,7,42,580,534,0,7,39,560,18,1600,1017,347,51,31,9,5,20,35,5,39,13,5
18,GALAŢI,"LICEUL TEORETIC ”DUNAREA”",103,"MUNICIPIUL GALAŢI",75098,1,PROV,PRCNCT,P,P_SV,"2024-06-10 03:35:55",1275,1267,2,6,0,487,481,0,6,0,481,6,1200,713,303,31,21,9,0,4,32,11,40,20,10
18,GALAŢI,"LICEUL TEORETIC ”DUNAREA”",101,"MUNICIPIUL GALAŢI",75098,1,PROV,PRCNCT,P,P_SV,"2024-06-10 03:57:30",1085,1080,0,5,0,403,398,0,5,0,391,12,1200,797,261,21,27,1,0,8,27,0,33,11,2
18,GALAŢI,"LICEUL TEORETIC ”DUNAREA”",102,"MUNICIPIUL GALAŢI",75098,1,PART,PRCNCT,P,P_SV,"2024-06-10 04:51:16",1200,1194,2,4,0,480,476,0,4,0,470,10,1200,720,316,29,25,3,3,10,19,6,31,20,8
18,GALAŢI,"LICEUL TEORETIC ”EMIL RACOVIȚĂ” (LICEUL ”EMIL RACOVIŢĂ” - ȘCOALA GENERALĂ NR. 6)",17,"MUNICIPIUL GALAŢI",75098,1,PART,PRCNCT,P,P_SV,"2024-06-10 04:16:09",1094,1082,6,6,0,323,315,2,6,0,314,9,1200,877,193,18,20,4,2,3,20,5,34,10,5
18,GALAŢI,"LICEUL TEORETIC ”EMIL RACOVIȚĂ” (LICEUL ”EMIL RACOVIŢĂ” - ȘCOALA GENERALĂ NR. 6)",16,"MUNICIPIUL GALAŢI",75098,1,PROV,PRCNCT,P,P_SV,"2024-06-10 05:17:24",1216,1206,2,8,0,428,420,0,8,0,412,16,1200,42,264,31,25,0,1,7,32,4,32,13,3
18,GALAŢI,"LICEUL TEORETIC ”EMIL RACOVIȚĂ” (LICEUL ”EMIL RACOVIŢĂ” - ȘCOALA GENERALĂ NR. 6)",15,"MUNICIPIUL GALAŢI",75098,1,PROV,PRCNCT,P,P_SV,"2024-06-10 03:50:35",1726,1720,0,6,0,664,658,0,6,0,638,20,1342,403,403,41,43,1,0,17,38,8,66,11,10
18,GALAŢI,"LICEUL TEORETIC ”MIRCEA ELIADE” (GRUP ȘCOLAR INDUSTRIAL ”GHEORGHE ASACHI” - LICEUL INDUSTRIAL NR. 8)",160,"MUNICIPIUL GALAŢI",75098,1,PART,PRCNCT,P,P_SV,"2024-06-10 05:12:05",1685,1676,1,8,0,94,86,0,8,0,92,2,2000,1906,65,4,2,1,0,8,3,1,1,4,3
18,GALAŢI,"LICEUL TEORETIC ”MIRCEA ELIADE” (GRUP ȘCOLAR INDUSTRIAL ”GHEORGHE ASACHI” - LICEUL INDUSTRIAL NR. 8)",159,"MUNICIPIUL GALAŢI",75098,1,PROV,PRCNCT,P,P_SV,"2024-06-10 06:19:51",1894,1886,0,8,0,250,242,0,8,0,247,3,2000,1651,158,31,10,2,0,11,8,2,4,16,5
18,GALAŢI,"LICEUL TEORETIC ”MIRCEA ELIADE” (GRUP ȘCOLAR INDUSTRIAL ”GHEORGHE ASACHI” - LICEUL INDUSTRIAL NR. 8)",161,"MUNICIPIUL GALAŢI",75098,1,PART,PRCNCT,P,P_SV,"2024-06-10 03:39:54",1865,1855,1,9,0,98,89,0,9,0,97,1,2000,1902,73,4,4,2,2,3,4,1,0,4,0
18,GALAŢI,"LICEUL TEORETIC ”SFÂNTA MARIA” (GRUP ȘCOLAR INDUSTRIAL ”SFÂNTA MARIA” - LICEUL INDUSTRIAL NR.10)",130,"MUNICIPIUL GALAŢI",75098,1,PROV,PRCNCT,P,P_SV,"2024-06-10 04:09:24",1390,1380,3,7,0,543,536,0,7,0,528,15,1600,1057,345,35,25,6,4,3,34,1,54,16,5
18,GALAŢI,"LICEUL TEORETIC ”SFÂNTA MARIA” (GRUP ȘCOLAR INDUSTRIAL ”SFÂNTA MARIA” - LICEUL INDUSTRIAL NR.10)",129,"MUNICIPIUL GALAŢI",75098,1,PROV,PRCNCT,P,P_SV,"2024-06-10 08:31:51",1179,1170,2,7,0,474,467,0,7,0,463,11,1200,726,297,24,16,1,0,15,39,1,53,9,8
18,GALAŢI,"S.C. ”APA-CANAL” S.A.",9,"MUNICIPIUL GALAŢI",75098,1,PROV,PRCNCT,P,P_SV,"2024-06-10 07:34:25",1558,1541,10,7,0,655,648,0,7,0,634,21,1600,945,346,46,41,5,3,9,67,4,93,13,7
18,GALAŢI,"S.C. ”APA-CANAL” S.A.",10,"MUNICIPIUL GALAŢI",75098,1,PROV,PRCNCT,P,P_SV,"2024-06-10 05:30:40",1285,1269,6,10,0,532,522,0,10,0,517,15,1200,668,315,43,38,1,1,8,42,3,42,15,9
18,GALAŢI,"S.C. ”APA-CANAL” S.A.",8,"MUNICIPIUL GALAŢI",75098,1,PROV,PRCNCT,P,P_SV,"2024-06-10 05:51:19",1622,1606,8,8,0,725,717,0,8,0,709,16,1600,875,424,37,39,2,1,12,67,8,86,27,6
18,GALAŢI,"ȘCOALA GIMNAZIALĂ ”DAN BARBILIAN” (ȘCOALA GENERALĂ ”DAN BARBILIAN” - ȘCOALA GENERALĂ NR. 43)",79,"MUNICIPIUL GALAŢI",75098,1,PROV,PRCNCT,P,P_SV,"2024-06-10 04:43:12",1361,1357,0,4,0,549,545,0,4,0,541,8,1600,1051,370,28,33,3,1,12,36,2,25,23,8
18,GALAŢI,"ȘCOALA GIMNAZIALĂ ”DAN BARBILIAN” (ȘCOALA GENERALĂ ”DAN BARBILIAN” - ȘCOALA GENERALĂ NR. 43)",76,"MUNICIPIUL GALAŢI",75098,1,PART,PRCNCT,P,P_SV,"2024-06-10 09:08:31",1384,1378,0,6,0,506,500,0,6,0,502,2,1600,1096,336,31,34,9,0,9,32,5,28,11,7
18,GALAŢI,"ȘCOALA GIMNAZIALĂ ”DAN BARBILIAN” (ȘCOALA GENERALĂ ”DAN BARBILIAN” - ȘCOALA GENERALĂ NR. 43)",80,"MUNICIPIUL GALAŢI",75098,1,PROV,PRCNCT,P,P_SV,"2024-06-10 08:02:05",1437,1427,0,10,0,545,535,0,10,0,522,19,1600,1045,381,39,18,2,1,10,28,3,20,14,6
18,GALAŢI,"ȘCOALA GIMNAZIALĂ ”DAN BARBILIAN” (ȘCOALA GENERALĂ ”DAN BARBILIAN” - ȘCOALA GENERALĂ NR. 43)",75,"MUNICIPIUL GALAŢI",75098,1,PART,PRCNCT,P,P_SV,"2024-06-10 03:42:44",1383,1370,0,5,8,548,535,0,5,8,538,10,1600,1052,393,25,25,2,1,7,28,10,32,12,3
18,GALAŢI,"ȘCOALA GIMNAZIALĂ ”DAN BARBILIAN” (ȘCOALA GENERALĂ ”DAN BARBILIAN” - ȘCOALA GENERALĂ NR. 43)",74,"MUNICIPIUL GALAŢI",75098,1,PROV,PRCNCT,P,P_SV,"2024-06-10 08:59:13",1534,1528,0,6,0,574,568,0,6,0,563,8,1605,1034,401,24,16,1,0,6,35,10,34,27,9
18,GALAŢI,"ȘCOALA GIMNAZIALĂ ”DAN BARBILIAN” (ȘCOALA GENERALĂ ”DAN BARBILIAN” - ȘCOALA GENERALĂ NR. 43)",77,"MUNICIPIUL GALAŢI",75098,1,PROV,PRCNCT,P,P_SV,"2024-06-10 10:49:58",1425,1419,1,5,0,564,559,0,5,0,554,8,1600,1036,378,30,25,3,2,11,22,4,48,23,8
18,GALAŢI,"ȘCOALA GIMNAZIALĂ ”DAN BARBILIAN” (ȘCOALA GENERALĂ ”DAN BARBILIAN” - ȘCOALA GENERALĂ NR. 43)",78,"MUNICIPIUL GALAŢI",75098,1,PART,PRCNCT,P,P_SV,"2024-06-10 06:16:55",1436,1430,1,5,0,540,535,0,5,0,532,8,1600,1060,393,29,24,4,1,10,15,4,33,15,4
18,GALAŢI,"ȘCOALA GIMNAZIALĂ ”ELENA CUZA” (ȘCOALA NR.15)",24,"MUNICIPIUL GALAŢI",75098,1,PROV,PRCNCT,P,P_SV,"2024-06-10 04:58:20",1713,1703,6,4,0,604,600,0,4,0,591,13,2000,1396,344,43,30,3,3,25,30,9,74,26,4
18,GALAŢI,"ȘCOALA GIMNAZIALĂ ”ELENA CUZA” (ȘCOALA NR.15)",23,"MUNICIPIUL GALAŢI",75098,1,PROV,PRCNCT,P,P_SV,"2024-06-10 06:21:12",1268,1260,0,8,0,508,500,0,8,0,487,21,1600,1092,313,42,24,4,6,18,26,5,30,13,6
18,GALAŢI,"ȘCOALA GIMNAZIALĂ ”ELENA CUZA” (ȘCOALA NR.15)",26,"MUNICIPIUL GALAŢI",75098,1,PROV,PRCNCT,P,P_SV,"2024-06-10 06:37:11",1288,1279,2,7,0,410,403,0,7,0,394,16,1200,790,221,44,15,2,1,18,20,12,36,20,5
18,GALAŢI,"ȘCOALA GIMNAZIALĂ ”ELENA CUZA” (ȘCOALA NR.15)",25,"MUNICIPIUL GALAŢI",75098,1,PART,PRCNCT,P,P_SV,"2024-06-10 05:43:31",1278,1269,2,7,0,390,383,0,7,0,375,15,1200,810,219,29,15,2,3,18,27,4,46,9,3
18,GALAŢI,"ȘCOALA GIMNAZIALĂ ”GHEORGHE MUNTEANU” (ȘCOALA GENERALĂ ”GHEORGHE MUNTEANU” - ȘCOALA GENERALĂ NR. 31)",138,"MUNICIPIUL GALAŢI",75098,1,PROV,PRCNCT,P,P_SV,"2024-06-10 06:02:07",1424,1418,0,6,0,496,490,0,6,0,489,7,1600,1104,376,16,3,11,12,7,0,0,0,0,0
18,GALAŢI,"ȘCOALA GIMNAZIALĂ ”GHEORGHE MUNTEANU” (ȘCOALA GENERALĂ ”GHEORGHE MUNTEANU” - ȘCOALA GENERALĂ NR. 31)",137,"MUNICIPIUL GALAŢI",75098,1,PART,PRCNCT,P,P_SV,"2024-06-10 05:52:28",1354,1348,0,6,0,523,517,0,6,0,515,8,1600,1077,376,26,21,4,1,12,28,1,22,14,10
18,GALAŢI,"ȘCOALA GIMNAZIALĂ ”GHEORGHE MUNTEANU” (ȘCOALA GENERALĂ ”GHEORGHE MUNTEANU” - ȘCOALA GENERALĂ NR. 31)",139,"MUNICIPIUL GALAŢI",75098,1,PROV,PRCNCT,P,P_SV,"2024-06-10 06:41:29",1783,1779,0,4,0,630,626,0,4,0,615,15,2000,1370,449,34,35,3,2,15,24,5,25,16,7
18,GALAŢI,"ȘCOALA GIMNAZIALĂ ”GRIGORE MOISIL” (ȘCOALA GENERALĂ ”GRIGORE MOISIL” - ȘCOALA GENERALĂ NR. 38)",136,"MUNICIPIUL GALAŢI",75098,1,PROV,PRCNCT,P,P_SV,"2024-06-10 07:15:55",1594,1589,0,5,0,624,619,0,5,0,612,12,1600,976,463,30,12,5,1,3,23,2,31,23,19
18,GALAŢI,"ȘCOALA GIMNAZIALĂ ”GRIGORE MOISIL” (ȘCOALA GENERALĂ ”GRIGORE MOISIL” - ȘCOALA GENERALĂ NR. 38)",134,"MUNICIPIUL GALAŢI",75098,1,PART,PRCNCT,P,P_SV,"2024-06-10 11:01:00",1273,1266,0,7,0,523,516,0,7,0,512,11,1200,677,373,24,22,6,1,9,20,9,20,20,8
18,GALAŢI,"ȘCOALA GIMNAZIALĂ ”GRIGORE MOISIL” (ȘCOALA GENERALĂ ”GRIGORE MOISIL” - ȘCOALA GENERALĂ NR. 38)",135,"MUNICIPIUL GALAŢI",75098,1,PROV,PRCNCT,P,P_SV,"2024-06-10 06:38:11",1401,1395,0,6,0,549,543,0,6,0,533,13,1600,1054,380,35,34,5,0,19,19,3,26,8,4
18,GALAŢI,"ȘCOALA GIMNAZIALĂ ”GRIGORE MOISIL” (ȘCOALA GENERALĂ ”GRIGORE MOISIL” - ȘCOALA GENERALĂ NR. 38)",133,"MUNICIPIUL GALAŢI",75098,1,PROV,PRCNCT,P,P_SV,"2024-06-10 09:33:05",1686,1681,1,4,0,646,642,0,4,0,628,12,2000,1360,446,40,27,1,4,21,20,3,42,15,9
18,GALAŢI,"ȘCOALA GIMNAZIALĂ ”IULIA HAȘDEU” (ȘCOALA GENERALĂ ”IULIA HAȘDEU” - ȘCOALA GENERALĂ NR. 40)",87,"MUNICIPIUL GALAŢI",75098,1,PART,PRCNCT,P,P_SV,"2024-06-10 05:02:25",1310,1303,1,6,0,511,505,0,6,0,496,15,1600,1089,327,23,28,2,1,18,29,4,18,41,5
18,GALAŢI,"ȘCOALA GIMNAZIALĂ ”IULIA HAȘDEU” (ȘCOALA GENERALĂ ”IULIA HAȘDEU” - ȘCOALA GENERALĂ NR. 40)",86,"MUNICIPIUL GALAŢI",75098,1,PROV,PRCNCT,P,P_SV,"2024-06-10 08:30:40",1401,1393,2,6,0,511,505,0,6,0,504,7,1625,1114,333,26,32,2,0,11,21,5,38,27,9
18,GALAŢI,"ȘCOALA GIMNAZIALĂ ”IULIA HAȘDEU” (ȘCOALA GENERALĂ ”IULIA HAȘDEU” - ȘCOALA GENERALĂ NR. 40)",88,"MUNICIPIUL GALAŢI",75098,1,PART,PRCNCT,P,P_SV,"2024-06-10 03:52:48",1337,1332,0,5,0,523,518,0,5,0,519,4,1600,1077,334,31,52,2,3,18,14,5,34,22,4
18,GALAŢI,"ȘCOALA GIMNAZIALĂ ”IULIA HAȘDEU” (ȘCOALA GENERALĂ ”IULIA HAȘDEU” - ȘCOALA GENERALĂ NR. 40)",90,"MUNICIPIUL GALAŢI",75098,1,PROV,PRCNCT,P,P_SV,"2024-06-10 03:53:16",1530,1522,0,8,0,558,550,0,8,0,545,13,1600,1042,356,25,24,3,0,13,24,4,43,43,10
18,GALAŢI,"ȘCOALA GIMNAZIALĂ ”IULIA HAȘDEU” (ȘCOALA GENERALĂ ”IULIA HAȘDEU” - ȘCOALA GENERALĂ NR. 40)",91,"MUNICIPIUL GALAŢI",75098,1,PART,PRCNCT,P,P_SV,"2024-06-10 02:53:23",1243,1237,0,6,0,473,467,0,6,0,457,16,1200,727,312,15,25,1,2,10,22,7,24,33,6
18,GALAŢI,"ȘCOALA GIMNAZIALĂ ”IULIA HAȘDEU” (ȘCOALA GENERALĂ ”IULIA HAȘDEU” - ȘCOALA GENERALĂ NR. 40)",89,"MUNICIPIUL GALAŢI",75098,1,PART,PRCNCT,P,P_SV,"2024-06-10 04:49:29",1420,1412,0,7,1,582,574,0,7,1,572,8,1600,1020,360,25,39,1,1,7,28,4,51,53,3
18,GALAŢI,"ȘCOALA GIMNAZIALĂ ”LUDOVIC COSMA” (ȘCOALA GENERALĂ NR. 19)",38,"MUNICIPIUL GALAŢI",75098,1,PROV,PRCNCT,P,P_SV,"2024-06-10 06:45:32",1195,1168,0,5,22,442,415,0,5,22,419,23,1600,1158,268,32,20,2,2,10,20,7,29,18,11
18,GALAŢI,"ȘCOALA GIMNAZIALĂ ”LUDOVIC COSMA” (ȘCOALA GENERALĂ NR. 19)",39,"MUNICIPIUL GALAŢI",75098,1,PROV,PRCNCT,P,P_SV,"2024-06-10 05:29:31",1489,1474,7,6,2,591,583,0,6,2,575,16,1600,1009,365,47,19,4,2,18,41,8,47,20,4
18,GALAŢI,"ȘCOALA GIMNAZIALĂ ”MIHAIL SADOVEANU” (ȘCOALA GENERALĂ ”MIHAIL SADOVEANU” – ȘCOALA GENERALĂ NR. 11)",108,"MUNICIPIUL GALAŢI",75098,1,PROV,PRCNCT,P,P_SV,"2024-06-10 04:52:46",1308,1302,0,6,0,535,529,0,6,0,526,9,1600,1065,333,29,24,2,2,11,25,8,65,22,5
18,GALAŢI,"ȘCOALA GIMNAZIALĂ ”MIHAIL SADOVEANU” (ȘCOALA GENERALĂ ”MIHAIL SADOVEANU” – ȘCOALA GENERALĂ NR. 11)",104,"MUNICIPIUL GALAŢI",75098,1,PROV,PRCNCT,P,P_SV,"2024-06-10 04:31:43",1484,1479,1,4,0,545,541,0,4,0,525,20,1600,1055,338,34,25,4,1,14,30,9,41,22,7
18,GALAŢI,"ȘCOALA GIMNAZIALĂ ”MIHAIL SADOVEANU” (ȘCOALA GENERALĂ ”MIHAIL SADOVEANU” – ȘCOALA GENERALĂ NR. 11)",105,"MUNICIPIUL GALAŢI",75098,1,PROV,PRCNCT,P,P_SV,"2024-06-10 04:21:27",1319,1311,2,6,0,525,519,0,6,0,517,8,1600,1075,340,37,23,4,1,19,24,4,29,19,17
18,GALAŢI,"ȘCOALA GIMNAZIALĂ ”MIHAIL SADOVEANU” (ȘCOALA GENERALĂ ”MIHAIL SADOVEANU” – ȘCOALA GENERALĂ NR. 11)",109,"MUNICIPIUL GALAŢI",75098,1,PART,PRCNCT,P,P_SV,"2024-06-10 02:51:55",1294,1287,1,6,0,501,495,0,6,0,484,17,1600,1099,312,37,21,2,1,4,32,4,46,21,4
18,GALAŢI,"ȘCOALA GIMNAZIALĂ ”MIHAIL SADOVEANU” (ȘCOALA GENERALĂ ”MIHAIL SADOVEANU” – ȘCOALA GENERALĂ NR. 11)",107,"MUNICIPIUL GALAŢI",75098,1,PROV,PRCNCT,P,P_SV,"2024-06-10 04:31:19",1296,1289,0,7,0,499,492,0,7,0,486,13,1606,1107,312,36,35,3,5,7,19,7,39,18,5
18,GALAŢI,"ȘCOALA GIMNAZIALĂ ”MIHAIL SADOVEANU” (ȘCOALA GENERALĂ ”MIHAIL SADOVEANU” – ȘCOALA GENERALĂ NR. 11)",106,"MUNICIPIUL GALAŢI",75098,1,PART,PRCNCT,P,P_SV,"2024-06-10 04:05:20",1060,1056,1,3,0,414,411,0,3,0,401,13,1200,786,301,16,13,4,2,5,21,6,22,5,6
18,GALAŢI,"ȘCOALA GIMNAZIALĂ ”MIHAI VITEAZUL” (ȘCOALA GENERALĂ ”MIHAI VITEAZUL” - ȘCOALA GENERALĂ NR. 34)",149,"MUNICIPIUL GALAŢI",75098,1,PART,PRCNCT,P,P_SV,"2024-06-10 20:01:05",1430,1422,0,8,0,478,470,0,8,0,458,20,1600,1122,322,23,23,2,0,10,24,4,13,30,7
18,GALAŢI,"ȘCOALA GIMNAZIALĂ ”MIHAI VITEAZUL” (ȘCOALA GENERALĂ ”MIHAI VITEAZUL” - ȘCOALA GENERALĂ NR. 34)",150,"MUNICIPIUL GALAŢI",75098,1,PART,PRCNCT,P,P_SV,"2024-06-10 07:15:57",1379,1371,0,8,0,509,501,0,8,0,500,9,1600,1091,341,40,15,2,2,17,20,6,28,18,11
18,GALAŢI,"ȘCOALA GIMNAZIALĂ ”MIRON COSTIN” (ȘCOALA GENERALĂ ”MIRON COSTIN” - ȘCOALA GENERALĂ NR.12)",166,"MUNICIPIUL GALAŢI",75098,1,PART,PRCNCT,P,P_SV,"2024-06-10 03:39:58",1421,1417,0,4,0,491,487,0,4,0,479,12,1600,1109,354,32,14,2,0,7,21,1,34,11,3
18,GALAŢI,"ȘCOALA GIMNAZIALĂ ”MIRON COSTIN” (ȘCOALA GENERALĂ ”MIRON COSTIN” - ȘCOALA GENERALĂ NR.12)",167,"MUNICIPIUL GALAŢI",75098,1,PROV,PRCNCT,P,P_SV,"2024-06-10 05:14:17",1474,1466,1,7,0,512,505,0,7,0,493,12,1600,1095,337,20,25,4,0,12,28,3,38,18,8
18,GALAŢI,"ȘCOALA GIMNAZIALĂ ”MIRON COSTIN” (ȘCOALA GENERALĂ ”MIRON COSTIN” - ȘCOALA GENERALĂ NR.12)",171,"MUNICIPIUL GALAŢI",75098,1,PROV,PRCNCT,P,P_SV,"2024-06-10 06:45:57",1314,1303,2,8,1,477,468,0,8,1,473,4,1600,1123,328,25,31,2,1,6,20,4,32,14,10
18,GALAŢI,"ȘCOALA GIMNAZIALĂ ”MIRON COSTIN” (ȘCOALA GENERALĂ ”MIRON COSTIN” - ȘCOALA GENERALĂ NR.12)",169,"MUNICIPIUL GALAŢI",75098,1,PROV,PRCNCT,P,P_SV,"2024-06-10 05:36:33",1382,1378,1,3,0,524,521,0,3,0,524,0,1600,1076,342,41,28,6,1,13,27,0,34,24,8
18,GALAŢI,"ȘCOALA GIMNAZIALĂ ”MIRON COSTIN” (ȘCOALA GENERALĂ ”MIRON COSTIN” - ȘCOALA GENERALĂ NR.12)",173,"MUNICIPIUL GALAŢI",75098,1,PART,PRCNCT,P,P_SV,"2024-06-10 03:12:23",1361,1355,1,5,0,540,535,0,5,0,530,10,1600,1055,373,24,26,2,0,4,33,1,53,12,2
18,GALAŢI,"ȘCOALA GIMNAZIALĂ ”MIRON COSTIN” (ȘCOALA GENERALĂ ”MIRON COSTIN” - ȘCOALA GENERALĂ NR.12)",168,"MUNICIPIUL GALAŢI",75098,1,PROV,PRCNCT,P,P_SV,"2024-06-10 08:18:05",1463,1458,0,5,0,479,474,0,5,0,461,13,1600,1121,309,23,23,1,0,18,21,3,29,28,6
18,GALAŢI,"ȘCOALA GIMNAZIALĂ ”MIRON COSTIN” (ȘCOALA GENERALĂ ”MIRON COSTIN” - ȘCOALA GENERALĂ NR.12)",170,"MUNICIPIUL GALAŢI",75098,1,PART,PRCNCT,P,P_SV,"2024-06-10 04:02:13",1441,1435,0,6,0,556,550,0,6,0,548,8,1600,1044,344,44,27,2,1,9,38,9,42,22,10
18,GALAŢI,"ȘCOALA GIMNAZIALĂ ”MIRON COSTIN” (ȘCOALA GENERALĂ ”MIRON COSTIN” - ȘCOALA GENERALĂ NR.12)",174,"MUNICIPIUL GALAŢI",75098,1,PROV,PRCNCT,P,P_SV,"2024-06-10 07:55:00",1271,1261,1,9,0,469,460,0,9,0,462,7,1200,730,291,28,29,3,1,5,39,2,41,14,9
18,GALAŢI,"ȘCOALA GIMNAZIALĂ ”MIRON COSTIN” (ȘCOALA GENERALĂ ”MIRON COSTIN” - ȘCOALA GENERALĂ NR.12)",172,"MUNICIPIUL GALAŢI",75098,1,PART,PRCNCT,P,P_SV,"2024-06-10 03:33:05",1340,1333,0,7,0,525,518,0,7,0,514,11,1600,1075,338,17,37,1,2,15,34,4,47,15,4
18,GALAŢI,"ȘCOALA GIMNAZIALĂ ”MIRON COSTIN” (ȘCOALA GENERALĂ ”MIRON COSTIN” - ȘCOALA GENERALĂ NR.12)",165,"MUNICIPIUL GALAŢI",75098,1,PART,PRCNCT,P,P_SV,"2024-06-10 04:01:11",1435,1433,0,2,0,565,563,0,2,0,554,11,1600,1035,340,42,23,4,1,14,45,6,54,19,6
18,GALAŢI,"ȘCOALA GIMNAZIALĂ NR. 10 (ȘCOALA GENERALĂ ”PETRE ȚUȚEA” - ȘCOALA GENERALĂ NR. 10)",114,"MUNICIPIUL GALAŢI",75098,1,PROV,PRCNCT,P,P_SV,"2024-06-10 03:58:36",1599,1592,0,7,0,619,612,0,7,0,603,16,1600,981,406,33,31,3,5,19,29,5,48,16,8
18,GALAŢI,"ȘCOALA GIMNAZIALĂ NR. 10 (ȘCOALA GENERALĂ ”PETRE ȚUȚEA” - ȘCOALA GENERALĂ NR. 10)",113,"MUNICIPIUL GALAŢI",75098,1,PART,PRCNCT,P,P_SV,"2024-06-10 03:38:57",1361,1354,0,7,0,524,517,0,7,0,511,13,1600,1076,369,31,30,3,1,3,17,3,31,18,5
18,GALAŢI,"ȘCOALA GIMNAZIALĂ NR. 10 (ȘCOALA GENERALĂ ”PETRE ȚUȚEA” - ȘCOALA GENERALĂ NR. 10)",111,"MUNICIPIUL GALAŢI",75098,1,PART,PRCNCT,P,P_SV,"2024-06-10 07:08:27",1478,1469,1,8,0,573,565,0,8,0,559,14,1600,1027,371,27,25,1,2,14,38,2,45,30,4
18,GALAŢI,"ȘCOALA GIMNAZIALĂ NR. 10 (ȘCOALA GENERALĂ ”PETRE ȚUȚEA” - ȘCOALA GENERALĂ NR. 10)",112,"MUNICIPIUL GALAŢI",75098,1,PROV,PRCNCT,P,P_SV,"2024-06-10 09:10:48",1593,1581,3,9,0,608,598,1,9,0,590,9,1600,991,401,41,34,4,1,17,27,8,33,14,10
18,GALAŢI,"ȘCOALA GIMNAZIALĂ NR. 10 (ȘCOALA GENERALĂ ”PETRE ȚUȚEA” - ȘCOALA GENERALĂ NR. 10)",110,"MUNICIPIUL GALAŢI",75098,1,PROV,PRCNCT,P,P_SV,"2024-06-10 05:35:12",1491,1483,2,5,1,588,582,0,5,1,569,13,1600,1012,373,32,26,4,2,14,38,2,55,12,11
18,GALAŢI,"ȘCOALA GIMNAZIALĂ NR. 16 (ȘCOALA GENERALĂ ”NICOLAE BĂLCESCU” - ȘCOALA GENERALĂ NR. 16)",32,"MUNICIPIUL GALAŢI",75098,1,PART,PRCNCT,P,P_SV,"2024-06-10 06:37:53",1175,1166,1,8,0,516,508,0,8,0,502,14,1200,684,283,21,41,1,2,13,33,8,82,9,9
18,GALAŢI,"ȘCOALA GIMNAZIALĂ NR. 16 (ȘCOALA GENERALĂ ”NICOLAE BĂLCESCU” - ȘCOALA GENERALĂ NR. 16)",31,"MUNICIPIUL GALAŢI",75098,1,PART,PRCNCT,P,P_SV,"2024-06-10 03:51:46",1067,1060,1,6,0,427,421,0,6,0,414,13,1200,773,240,34,14,0,3,24,26,9,36,23,5
18,GALAŢI,"ȘCOALA GIMNAZIALĂ NR. 16 (ȘCOALA GENERALĂ ”NICOLAE BĂLCESCU” - ȘCOALA GENERALĂ NR. 16)",33,"MUNICIPIUL GALAŢI",75098,1,PROV,PRCNCT,P,P_SV,"2024-06-10 07:40:45",1236,1224,1,11,0,527,516,0,11,0,507,20,1200,673,265,34,34,4,4,21,46,7,69,16,7
18,GALAŢI,"ȘCOALA GIMNAZIALĂ NR. 16 (ȘCOALA GENERALĂ ”NICOLAE BĂLCESCU” - ȘCOALA GENERALĂ NR. 16)",30,"MUNICIPIUL GALAŢI",75098,1,PROV,PRCNCT,P,P_SV,"2024-06-10 04:30:42",1252,1243,1,7,1,525,517,0,7,1,505,12,1200,683,303,40,34,4,1,16,38,4,45,13,7
18,GALAŢI,"ȘCOALA GIMNAZIALĂ NR. 17 (ȘCOALA GENERALĂ ”NICHITA STĂNESCU” - ȘCOALA GENERALĂ NR. 17)",60,"MUNICIPIUL GALAŢI",75098,1,PART,PRCNCT,P,P_SV,"2024-06-10 05:45:05",1845,1835,1,9,0,383,374,0,9,0,377,6,2000,1617,255,29,7,2,1,8,11,4,20,35,5
18,GALAŢI,"ȘCOALA GIMNAZIALĂ NR. 17 (ȘCOALA GENERALĂ ”NICHITA STĂNESCU” - ȘCOALA GENERALĂ NR. 17)",62,"MUNICIPIUL GALAŢI",75098,1,PROV,PRCNCT,P,P_SV,"2024-06-10 04:03:27",1835,1824,2,9,0,243,234,0,9,0,234,9,2000,1757,142,29,3,2,2,10,9,5,8,20,4
18,GALAŢI,"ȘCOALA GIMNAZIALĂ NR. 17 (ȘCOALA GENERALĂ ”NICHITA STĂNESCU” - ȘCOALA GENERALĂ NR. 17)",61,"MUNICIPIUL GALAŢI",75098,1,PART,PRCNCT,P,P_SV,"2024-06-10 03:03:33",1866,1857,0,9,0,207,198,0,9,0,202,5,2000,1793,135,14,6,0,2,12,12,6,7,4,4
18,GALAŢI,"ȘCOALA GIMNAZIALĂ NR. 20 (ȘCOALA GENERALĂ NR. 20 ”TRAIAN”)",44,"MUNICIPIUL GALAŢI",75098,1,PART,PRCNCT,P,P_SV,"2024-06-10 10:59:48",1952,1926,0,6,20,782,756,0,6,20,760,22,2000,1218,515,28,34,7,3,20,44,5,71,22,11
18,GALAŢI,"ȘCOALA GIMNAZIALĂ NR. 20 (ȘCOALA GENERALĂ NR. 20 ”TRAIAN”)",45,"MUNICIPIUL GALAŢI",75098,1,PROV,PRCNCT,P,P_SV,"2024-06-10 02:25:28",1784,1767,1,6,10,107,91,0,6,10,104,3,2000,1893,64,10,4,0,0,5,8,2,5,5,1
18,GALAŢI,"ȘCOALA GIMNAZIALĂ NR. 20 (ȘCOALA GENERALĂ NR. 20 ”TRAIAN”)",46,"MUNICIPIUL GALAŢI",75098,1,PROV,PRCNCT,P,P_SV,"2024-06-10 06:24:11",2014,1964,0,28,22,614,586,0,6,22,596,18,2000,1386,350,48,53,6,2,17,52,11,32,22,3
18,GALAŢI,"ȘCOALA GIMNAZIALĂ NR. 22 (ȘCOALA GENERALĂ ”DIMITRIE CANTEMIR” - ȘCOALA GENERALĂ NR. 22)",69,"MUNICIPIUL GALAŢI",75098,1,PART,PRCNCT,P,P_SV,"2024-06-10 08:20:25",1886,1879,0,7,0,661,654,0,7,0,635,26,2000,1339,415,37,34,2,2,27,32,2,42,33,9
18,GALAŢI,"ȘCOALA GIMNAZIALĂ NR. 22 (ȘCOALA GENERALĂ ”DIMITRIE CANTEMIR” - ȘCOALA GENERALĂ NR. 22)",67,"MUNICIPIUL GALAŢI",75098,1,PART,PRCNCT,P,P_SV,"2024-06-10 05:50:24",1774,1768,1,5,0,669,664,0,5,0,647,22,2000,1331,418,62,26,0,4,15,26,3,36,40,17
18,GALAŢI,"ȘCOALA GIMNAZIALĂ NR. 22 (ȘCOALA GENERALĂ ”DIMITRIE CANTEMIR” - ȘCOALA GENERALĂ NR. 22)",68,"MUNICIPIUL GALAŢI",75098,1,PROV,PRCNCT,P,P_SV,"2024-06-10 04:54:09",1787,1779,2,6,0,701,695,0,6,0,686,15,2000,1299,442,43,47,6,3,20,39,3,55,22,6
18,GALAŢI,"ȘCOALA GIMNAZIALĂ NR. 24 (ȘCOALA GENERALĂ NR. 24)",47,"MUNICIPIUL GALAŢI",75098,1,PROV,PRCNCT,P,P_SV,"2024-06-10 05:43:03",1509,1491,9,9,0,605,596,0,9,0,592,13,1600,995,319,31,38,3,2,12,50,2,116,12,7
18,GALAŢI,"ȘCOALA GIMNAZIALĂ NR. 25 (ȘCOALA GENERALĂ ”PETRU RAREȘ” - ȘCOALA GENERALĂ NR. 25)",35,"MUNICIPIUL GALAŢI",75098,1,PROV,PRCNCT,P,P_SV,"2024-06-10 05:14:51",1455,1449,0,6,0,576,570,0,6,0,562,14,1600,1024,328,53,27,4,1,17,28,5,62,28,9
18,GALAŢI,"ȘCOALA GIMNAZIALĂ NR. 25 (ȘCOALA GENERALĂ ”PETRU RAREȘ” - ȘCOALA GENERALĂ NR. 25)",36,"MUNICIPIUL GALAŢI",75098,1,PROV,PRCNCT,P,P_SV,"2024-06-10 06:11:10",1240,1212,1,11,16,482,455,0,11,16,474,8,1601,1119,246,36,30,4,2,12,29,11,73,20,11
18,GALAŢI,"ȘCOALA GIMNAZIALĂ NR. 25 (ȘCOALA GENERALĂ ”PETRU RAREȘ” - ȘCOALA GENERALĂ NR. 25)",34,"MUNICIPIUL GALAŢI",75098,1,PROV,PRCNCT,P,P_SV,"2024-06-10 02:18:27",1660,1659,0,0,1,550,549,0,0,1,540,10,2000,1450,326,29,24,11,1,16,41,1,59,27,5
18,GALAŢI,"ȘCOALA GIMNAZIALĂ NR. 26 (ŞCOALA GENERALĂ ”ION CREANGĂ” - ȘCOALA GENERALĂ NR. 26)",2,"MUNICIPIUL GALAŢI",75098,1,PART,PRCNCT,P,P_SV,"2024-06-10 04:28:17",1085,1080,0,5,0,436,431,0,5,0,429,7,1200,764,231,35,33,3,3,11,30,4,54,16,9
18,GALAŢI,"ȘCOALA GIMNAZIALĂ NR. 26 (ŞCOALA GENERALĂ ”ION CREANGĂ” - ȘCOALA GENERALĂ NR. 26)",1,"MUNICIPIUL GALAŢI",75098,1,PROV,PRCNCT,P,P_SV,"2024-06-10 10:53:40",1653,1633,15,4,1,459,454,0,4,1,444,15,1600,1141,234,34,39,2,3,8,39,3,59,14,9
18,GALAŢI,"ȘCOALA GIMNAZIALĂ NR. 26 (ŞCOALA GIMNAZIALĂ ”ION CREANGĂ” - ȘCOALA GENERALĂ NR. 26)",5,"MUNICIPIUL GALAŢI",75098,1,PROV,PRCNCT,P,P_SV,"2024-06-10 06:56:46",1277,1265,5,6,1,490,483,0,6,1,474,16,1200,710,266,24,31,0,2,10,35,7,80,14,5
18,GALAŢI,"ȘCOALA GIMNAZIALĂ NR. 26 (ŞCOALA GIMNAZIALĂ ”ION CREANGĂ” - ȘCOALA GENERALĂ NR. 26)",3,"MUNICIPIUL GALAŢI",75098,1,PART,PRCNCT,P,P_SV,"2024-06-10 04:33:40",1182,1166,11,5,0,517,512,0,5,0,505,12,1200,683,288,26,41,3,1,7,51,2,70,8,8
18,GALAŢI,"ȘCOALA GIMNAZIALĂ NR. 26 (ŞCOALA GIMNAZIALĂ ”ION CREANGĂ” - ȘCOALA GENERALĂ NR. 26)",4,"MUNICIPIUL GALAŢI",75098,1,PROV,PRCNCT,P,P_SV,"2024-06-10 05:42:16",1017,993,14,10,0,439,427,2,10,0,432,7,1200,761,227,21,41,3,1,6,39,3,71,18,2
18,GALAŢI,"ȘCOALA GIMNAZIALĂ NR. 26 (ŞCOALA GIMNAZIALĂ ”ION CREANGĂ” - ȘCOALA GENERALĂ NR. 26)",6,"MUNICIPIUL GALAŢI",75098,1,PROV,PRCNCT,P,P_SV,"2024-06-10 10:46:10",1235,1195,35,4,1,475,470,0,4,1,464,11,1200,725,290,35,22,2,2,15,40,3,44,7,4
18,GALAŢI,"ȘCOALA GIMNAZIALĂ NR. 26 (ŞCOALA GIMNAZIALĂ ”ION CREANGĂ” - ȘCOALA GENERALĂ NR. 26)",7,"MUNICIPIUL GALAŢI",75098,1,PART,PRCNCT,P,P_SV,"2024-06-10 06:28:59",900,890,5,5,0,382,377,0,5,0,367,10,800,423,228,23,22,1,1,7,22,6,40,11,6
18,GALAŢI,"ȘCOALA GIMNAZIALĂ NR. 29 (ȘCOALA GENERALĂ ”SFÂNTA ANA” - ȘCOALA GENERALĂ NR. 29)",64,"MUNICIPIUL GALAŢI",75098,1,PROV,PRCNCT,P,P_SV,"2024-06-10 11:06:36",1840,1832,2,6,0,607,601,0,6,0,591,14,2001,1396,404,37,25,6,3,24,23,3,26,29,11
18,GALAŢI,"ȘCOALA GIMNAZIALĂ NR. 29 (ȘCOALA GENERALĂ ”SFÂNTA ANA” - ȘCOALA GENERALĂ NR. 29)",63,"MUNICIPIUL GALAŢI",75098,1,PART,PRCNCT,P,P_SV,"2024-06-10 05:05:47",1827,1818,1,8,0,512,504,0,8,0,502,10,2000,1488,342,41,26,1,1,11,25,4,24,14,13
18,GALAŢI,"ȘCOALA GIMNAZIALĂ NR. 29 (ȘCOALA GENERALĂ ”SFÂNTA ANA” - ȘCOALA GENERALĂ NR. 29)",65,"MUNICIPIUL GALAŢI",75098,1,PROV,PRCNCT,P,P_SV,"2024-06-10 13:00:17",1872,1864,0,8,0,726,718,0,8,0,696,8,2000,1288,501,29,31,4,2,18,26,6,44,28,7
18,GALAŢI,"ȘCOALA GIMNAZIALĂ NR. 29 (ȘCOALA GENERALĂ ”SFÂNTA ANA” - ȘCOALA GENERALĂ NR. 29)",66,"MUNICIPIUL GALAŢI",75098,1,PROV,PRCNCT,P,P_SV,"2024-06-10 07:21:58",1819,1810,1,8,0,717,709,0,8,0,694,23,2000,1283,454,61,33,4,5,12,35,2,44,35,9
18,GALAŢI,"ȘCOALA GIMNAZIALĂ NR. 33 (ȘCOALA GENERALĂ ”SFÂNTUL DUMITRU” - ȘCOALA GENERALĂ NR.33)",147,"MUNICIPIUL GALAŢI",75098,1,PART,PRCNCT,P,P_SV,"2024-06-10 03:17:50",1279,1272,0,7,0,459,452,0,7,0,446,13,1600,1141,325,30,21,6,0,9,18,7,14,10,6
18,GALAŢI,"ȘCOALA GIMNAZIALĂ NR. 33 (ȘCOALA GENERALĂ ”SFÂNTUL DUMITRU” - ȘCOALA GENERALĂ NR.33)",148,"MUNICIPIUL GALAŢI",75098,1,PROV,PRCNCT,P,P_SV,"2024-06-10 04:09:23",1267,1259,0,8,0,453,445,0,8,0,443,10,1200,747,282,28,24,6,1,17,27,7,20,25,6
18,GALAŢI,"ȘCOALA GIMNAZIALĂ NR. 33 (ȘCOALA GENERALĂ ”SFÂNTUL DUMITRU” - ȘCOALA GENERALĂ NR.33)",145,"MUNICIPIUL GALAŢI",75098,1,PROV,PRCNCT,P,P_SV,"2024-06-10 04:33:35",1349,1345,0,4,0,538,534,0,4,0,525,13,1600,1062,382,30,21,2,1,16,25,6,18,18,6
18,GALAŢI,"ȘCOALA GIMNAZIALĂ NR. 33 (ȘCOALA GENERALĂ ”SFÂNTUL DUMITRU” - ȘCOALA GENERALĂ NR.33)",146,"MUNICIPIUL GALAŢI",75098,1,PART,PRCNCT,P,P_SV,"2024-06-10 04:19:30",1567,1560,0,7,0,496,489,0,7,0,484,12,1600,1104,359,31,19,8,0,10,21,4,21,8,3
18,GALAŢI,"ȘCOALA GIMNAZIALĂ NR. 3 (ȘCOALA GENERALĂ NR. 3)",85,"MUNICIPIUL GALAŢI",75098,1,PART,PRCNCT,P,P_SV,"2024-06-10 04:49:33",1562,1556,1,5,0,642,637,0,5,0,626,16,1600,958,408,45,33,2,5,19,37,2,41,28,6
18,GALAŢI,"ȘCOALA GIMNAZIALĂ NR. 3 (ȘCOALA GENERALĂ NR. 3)",82,"MUNICIPIUL GALAŢI",75098,1,PROV,PRCNCT,P,P_SV,"2024-06-10 05:14:54",1481,1474,0,6,1,549,542,0,6,1,536,13,1600,244,381,31,14,2,0,16,36,4,30,15,7
18,GALAŢI,"ȘCOALA GIMNAZIALĂ NR. 3 (ȘCOALA GENERALĂ NR. 3)",84,"MUNICIPIUL GALAŢI",75098,1,PART,PRCNCT,P,P_SV,"2024-06-10 05:59:21",1653,1648,1,4,0,677,673,0,4,0,663,14,1603,926,458,40,31,3,2,17,28,4,45,28,7
18,GALAŢI,"ȘCOALA GIMNAZIALĂ NR. 3 (ȘCOALA GENERALĂ NR. 3)",81,"MUNICIPIUL GALAŢI",75098,1,PROV,PRCNCT,P,P_SV,"2024-06-10 05:55:29",1520,1513,0,7,0,637,630,0,7,0,613,17,1600,970,415,34,36,4,2,5,23,3,50,25,16
18,GALAŢI,"ȘCOALA GIMNAZIALĂ NR. 3 (ȘCOALA GENERALĂ NR. 3)",83,"MUNICIPIUL GALAŢI",75098,1,PROV,PRCNCT,P,P_SV,"2024-06-10 09:20:17",1439,1432,2,5,0,543,538,0,5,0,532,11,1600,1057,385,25,22,3,0,9,24,2,46,13,3
18,GALAŢI,"ȘCOALA GIMNAZIALĂ NR. 5 (ȘCOALA GENERALĂ ”CUZA VODĂ” - ȘCOALA GENERALĂ NR. 5)",97,"MUNICIPIUL GALAŢI",75098,1,PROV,PRCNCT,P,P_SV,"2024-06-10 05:01:28",1533,1523,7,3,0,591,588,0,3,0,583,8,1600,1009,369,37,34,9,1,16,34,5,47,24,7
18,GALAŢI,"ȘCOALA GIMNAZIALĂ NR. 5 (ȘCOALA GENERALĂ ”CUZA VODĂ” - ȘCOALA GENERALĂ NR. 5)",99,"MUNICIPIUL GALAŢI",75098,1,PROV,PRCNCT,P,P_SV,"2024-06-10 06:14:46",1479,1472,1,6,0,582,576,0,6,0,569,8,1600,1018,354,36,45,3,2,13,39,6,42,21,8
18,GALAŢI,"ȘCOALA GIMNAZIALĂ NR. 5 (ȘCOALA GENERALĂ ”CUZA VODĂ” - ȘCOALA GENERALĂ NR. 5)",100,"MUNICIPIUL GALAŢI",75098,1,PART,PRCNCT,P,P_SV,"2024-06-10 04:45:47",1297,1290,2,5,0,492,487,0,5,0,483,9,1200,708,315,16,28,4,2,9,35,2,47,17,8
18,GALAŢI,"ȘCOALA GIMNAZIALĂ NR. 5 (ȘCOALA GENERALĂ ”CUZA VODĂ” - ȘCOALA GENERALĂ NR. 5)",98,"MUNICIPIUL GALAŢI",75098,1,PART,PRCNCT,P,P_SV,"2024-06-10 11:17:23",1453,1435,2,16,0,572,556,0,16,0,550,13,1600,1037,368,30,30,3,1,22,34,10,30,18,4
18,GALAŢI,"ȘCOALA GIMNAZIALĂ NR. 9 (ȘCOALA GIMNAZIALĂ NR. 9 ”CALISTRAT HOGAȘ”)",94,"MUNICIPIUL GALAŢI",75098,1,PROV,PRCNCT,P,P_SV,"2024-06-10 07:05:37",1668,1652,1,15,0,725,720,0,5,0,699,21,2000,1275,463,42,35,2,1,22,20,4,49,54,7
18,GALAŢI,"ȘCOALA GIMNAZIALĂ NR. 9 (ȘCOALA GIMNAZIALĂ NR. 9 ”CALISTRAT HOGAȘ”)",93,"MUNICIPIUL GALAŢI",75098,1,PART,PRCNCT,P,P_SV,"2024-06-10 05:10:35",1208,1203,0,5,0,428,423,0,5,0,417,11,1200,772,283,21,24,3,0,10,17,1,34,15,9
18,GALAŢI,"ȘCOALA GIMNAZIALĂ NR. 9 (ȘCOALA GIMNAZIALĂ NR. 9 ”CALISTRAT HOGAȘ”)",92,"MUNICIPIUL GALAŢI",75098,1,PART,PRCNCT,P,P_SV,"2024-06-10 06:27:20",1456,1448,3,5,0,613,608,0,5,0,591,22,1600,987,398,30,31,6,1,17,26,4,38,31,9
18,GALAŢI,"ȘCOALA GIMNAZIALĂ ”SFÂNTUL GRIGORIE TEOLOGUL” (ȘCOALA GENERALĂ ”SFÂNTUL GRIGORE TEOLOGUL” - ȘCOALA GENERALĂ NR. 41)",121,"MUNICIPIUL GALAŢI",75098,1,PART,PRCNCT,P,P_SV,"2024-06-10 07:18:02",1609,1595,1,13,0,621,608,0,13,0,607,14,1617,996,438,36,29,1,5,2,18,4,36,27,11
18,GALAŢI,"ȘCOALA GIMNAZIALĂ ”SFÂNTUL GRIGORIE TEOLOGUL” (ȘCOALA GENERALĂ ”SFÂNTUL GRIGORE TEOLOGUL” - ȘCOALA GENERALĂ NR. 41)",123,"MUNICIPIUL GALAŢI",75098,1,PROV,PRCNCT,P,P_SV,"2024-06-10 03:38:26",1807,1798,0,8,1,689,680,0,8,1,674,15,2000,1309,478,35,36,2,1,8,28,6,53,14,13
18,GALAŢI,"ȘCOALA GIMNAZIALĂ ”SFÂNTUL GRIGORIE TEOLOGUL” (ȘCOALA GENERALĂ ”SFÂNTUL GRIGORE TEOLOGUL” - ȘCOALA GENERALĂ NR. 41)",122,"MUNICIPIUL GALAŢI",75098,1,PROV,PRCNCT,P,P_SV,"2024-06-10 06:01:10",1813,1813,0,0,0,724,724,0,0,0,707,17,2000,1276,486,43,45,1,2,19,30,2,38,36,5
18,GALAŢI,"ȘCOALA GIMNAZIALĂ ”SFÂNTUL GRIGORIE TEOLOGUL” (ȘCOALA GENERALĂ ”SFÂNTUL GRIGORE TEOLOGUL”- ȘCOALA GENERALĂ NR. 41)",124,"MUNICIPIUL GALAŢI",75098,1,PROV,PRCNCT,P,P_SV,"2024-06-10 06:52:32",1857,1851,0,6,0,724,718,0,6,0,705,19,2000,1276,465,36,43,11,1,10,32,6,55,35,11
18,GALAŢI,"ȘCOALA GIMNAZIALĂ ”SFINȚII ÎMPĂRAȚI” (ȘCOALA GENERALĂ ”SFINȚII ÎMPĂRAȚI” - ȘCOALA GENERALĂ NR. 42)",118,"MUNICIPIUL GALAŢI",75098,1,PROV,PRCNCT,P,P_SV,"2024-06-10 07:27:52",1618,1612,0,5,1,652,646,0,5,1,638,14,1600,948,437,29,37,3,0,16,42,1,54,14,5
18,GALAŢI,"ȘCOALA GIMNAZIALĂ ”SFINȚII ÎMPĂRAȚI” (ȘCOALA GENERALĂ ”SFINȚII ÎMPĂRAȚI” - ȘCOALA GENERALĂ NR. 42)",120,"MUNICIPIUL GALAŢI",75098,1,PROV,PRCNCT,P,P_SV,"2024-06-10 05:03:58",1279,1271,1,7,0,490,483,0,7,0,477,13,1200,710,334,23,25,8,4,8,22,2,39,11,1
18,GALAŢI,"ȘCOALA GIMNAZIALĂ ”SFINȚII ÎMPĂRAȚI” (ȘCOALA GENERALĂ ”SFINȚII ÎMPĂRAȚI” - ȘCOALA GENERALĂ NR. 42)",119,"MUNICIPIUL GALAŢI",75098,1,PROV,PRCNCT,P,P_SV,"2024-06-10 03:42:47",1525,1518,2,5,0,671,666,0,5,0,662,8,1600,930,441,27,38,6,4,7,39,7,79,8,6
18,GALAŢI,"ȘCOALA GIMNAZIALĂ ”ȘTEFAN CEL MARE” (ȘCOALA GENERALĂ ”ȘTEFAN CEL MARE” - ȘCOALA GENERALĂ NR. 13)",132,"MUNICIPIUL GALAŢI",75098,1,PROV,PRCNCT,P,P_SV,"2024-06-10 08:02:40",1414,1401,2,11,0,565,554,0,11,0,554,11,1600,1035,343,43,31,2,1,9,40,4,55,14,12
18,GALAŢI,"ȘCOALA GIMNAZIALĂ ”ȘTEFAN CEL MARE” (ȘCOALA GENERALĂ ”ȘTEFAN CEL MARE” - ȘCOALA GENERALĂ NR. 13)",131,"MUNICIPIUL GALAŢI",75098,1,PROV,PRCNCT,P,P_SV,"2024-06-10 05:41:49",1285,1273,1,11,0,459,448,0,11,0,450,9,1600,1141,317,22,18,3,0,11,23,3,33,13,7
18,GALAŢI,"STAȚIE DE POMPARE APE UZATE S.C. APĂ-CANAL S.A.",73,"MUNICIPIUL GALAŢI",75098,1,PROV,PRCNCT,P,P_SV,"2024-06-10 02:58:58",488,480,0,8,0,182,174,0,8,0,174,8,500,318,94,16,7,1,0,6,7,0,11,28,4
18,GALAŢI,"UNIVERSITATEA ”DUNĂREA DE JOS” GALAȚI (UNIVERSITATEA GALAŢI)",37,"MUNICIPIUL GALAŢI",75098,1,PROV,PRCNCT,P,P_SV,"2024-06-10 06:14:27",1362,1335,8,5,14,509,490,0,5,14,504,5,1600,1091,284,31,37,2,0,20,48,0,58,16,8
