precinct_county_nce,precinct_county_name,precinct_name,precinct_nr,uat_name,uat_siruta,report_version,report_stage_code,report_type_scope_code,report_type_category_code,report_type_code,created_at,a,a1,a2,a3,a4,b,b1,b2,b3,b4,c,d,e,f,"PARTIDUL NAȚIONAL LIBERAL-voturi","ALIANȚA PENTRU UNIREA ROMÂNILOR-voturi","PARTIDUL SOCIAL DEMOCRAT-voturi","BLOCUL SUVERANIST ROMÂN-voturi","PARTIDUL LIGA ACȚIUNII NAȚIONALE-voturi","PARTIDUL PRO ROMÂNIA-voturi","PARTIDUL ALTERNATIVA DREAPTĂ-voturi","PARTIDUL OAMENILOR TINERI-voturi","PARTIDUL OLTENILOR-voturi","PARTIDUL UMANIST SOCIAL LIBERAL-voturi","ALIANȚA DREAPTA UNITĂ USR - PMP - FORȚA DREPTEI-voturi","PARTIDUL S.O.S. ROMÂNIA-voturi","PARTIDUL REÎNNOIM PROIECTUL EUROPEAN AL ROMÂNIEI-voturi","DAN AURELIAN-LEONARD-voturi"
17,DOLJ,"CASA DE CULTURA A STUDENŢILOR",2,"MUNICIPIUL CRAIOVA",69900,1,PROV,PRCNCT,CL,CL_SV,"2024-06-10 10:43:41",1380,1326,44,10,0,519,508,1,10,0,500,19,1400,881,75,69,188,3,7,7,11,10,8,2,79,16,18,7
17,DOLJ,"COLEGIUL NAŢIONAL ”CAROL I”",61,"MUNICIPIUL CRAIOVA",69900,1,PART,PRCNCT,CL,CL_SV,"2024-06-10 06:40:53",854,830,16,8,0,409,401,0,8,0,391,18,1000,591,47,60,146,3,5,0,8,3,2,3,75,3,30,6
17,DOLJ,"COLEGIUL NAȚIONAL ”CAROL I”",62,"MUNICIPIUL CRAIOVA",69900,1,PART,PRCNCT,CL,CL_SV,"2024-06-10 09:34:54",1267,1238,20,9,0,459,450,0,9,0,445,14,1400,941,77,61,152,0,5,7,5,7,5,4,82,12,16,12
17,DOLJ,"COLEGIUL NAŢIONAL ECONOMIC ”GHEORGHE CHIŢU”",47,"MUNICIPIUL CRAIOVA",69900,1,PROV,PRCNCT,CL,CL_SV,"2024-06-10 13:22:26",1505,1444,23,7,31,622,585,0,7,30,622,0,1600,978,73,92,260,3,3,3,5,7,3,5,119,22,15,12
17,DOLJ,"COLEGIUL NAȚIONAL ECONOMIC ”GHEORGHE CHIȚU”",46,"MUNICIPIUL CRAIOVA",69900,1,PROV,PRCNCT,CL,CL_SV,"2024-06-10 14:21:19",1271,1229,1,8,33,478,441,0,8,29,459,19,1400,922,62,96,205,1,0,0,2,6,0,0,47,23,10,7
17,DOLJ,"COLEGIUL NAȚIONAL ECONOMIC ”GHEORGHE CHIȚU”",45,"MUNICIPIUL CRAIOVA",69900,1,PART,PRCNCT,CL,CL_SV,"2024-06-10 08:08:53",1321,1282,7,10,22,519,489,0,10,20,498,21,1500,981,60,75,239,3,2,2,5,6,1,3,68,20,13,1
17,DOLJ,"COLEGIUL NAŢIONAL ”ELENA CUZA”",1,"MUNICIPIUL CRAIOVA",69900,1,PROV,PRCNCT,CL,CL_SV,"2024-06-10 09:26:55",1598,1564,22,12,0,468,456,0,12,0,449,19,1629,1161,77,66,151,1,10,1,3,7,3,0,86,9,25,10
17,DOLJ,"COLEGIUL NATIONAL ”FRAŢII BUZEŞTI”",53,"MUNICIPIUL CRAIOVA",69900,1,PROV,PRCNCT,CL,CL_SV,"2024-06-10 10:01:58",1635,1616,5,7,7,679,665,0,7,7,661,18,1900,1221,93,97,306,0,2,2,4,8,6,4,81,22,25,11
17,DOLJ,"COLEGIUL NATIONAL ”FRAŢII BUZEŞTI”",52,"MUNICIPIUL CRAIOVA",69900,1,PART,PRCNCT,CL,CL_SV,"2024-06-10 11:23:38",1778,1770,0,8,0,710,702,0,8,0,690,20,2000,1290,95,97,277,1,2,14,1,8,4,3,123,24,29,12
17,DOLJ,"COLEGIUL NAȚIONAL ”NICOLAE TITULESCU”",125,"MUNICIPIUL CRAIOVA",69900,1,PART,PRCNCT,CL,CL_SV,"2024-06-10 06:18:34",1558,1526,21,11,0,693,682,0,11,0,676,17,1700,1007,88,103,294,2,2,4,4,2,4,9,110,19,26,9
17,DOLJ,"COLEGIUL NAŢIONAL PEDAGOGIC ”ŞTEFAN VELOVAN”",115,"MUNICIPIUL CRAIOVA",69900,1,PROV,PRCNCT,CL,CL_SV,"2024-06-10 06:03:38",1552,1527,18,7,0,670,663,0,7,0,646,24,1700,1030,92,81,289,3,2,4,6,10,3,5,103,22,17,9
17,DOLJ,"COLEGIUL NAŢIONAL PEDAGOGIC ”ŞTEFAN VELOVAN”",114,"MUNICIPIUL CRAIOVA",69900,1,PART,PRCNCT,CL,CL_SV,"2024-06-10 12:20:58",1886,1876,3,7,0,697,688,2,7,0,686,11,2000,1303,92,112,295,0,1,5,0,4,5,2,110,25,23,12
17,DOLJ,"COLEGIUL TEHNIC ”COSTIN D. NENITESCU”",103,"MUNICIPIUL CRAIOVA",69900,1,PART,PRCNCT,CL,CL_SV,"2024-06-10 06:19:31",1440,1422,12,6,0,595,589,0,6,0,577,18,1700,1105,79,110,261,2,0,3,4,1,1,1,80,17,14,4
17,DOLJ,"COLEGIUL TEHNIC ”COSTIN D. NENIŢESCU”",106,"MUNICIPIUL CRAIOVA",69900,1,PART,PRCNCT,CL,CL_SV,"2024-06-10 07:50:23",1512,1502,1,9,0,587,578,0,9,0,564,23,1700,1113,67,79,264,4,3,9,2,7,2,1,76,22,14,14
17,DOLJ,"COLEGIUL TEHNIC ”COSTIN D. NENIŢESCU”",104,"MUNICIPIUL CRAIOVA",69900,1,PART,PRCNCT,CL,CL_SV,"2024-06-10 17:27:31",1773,1761,6,6,0,677,671,0,6,0,650,27,2000,1323,69,117,279,3,1,9,3,10,9,2,86,24,23,15
17,DOLJ,"COLEGIUL TEHNIC ”COSTIN D. NENIŢESCU”",107,"MUNICIPIUL CRAIOVA",69900,1,PART,PRCNCT,CL,CL_SV,"2024-06-10 07:51:39",1514,1508,0,6,0,522,516,0,6,0,504,18,1700,1178,63,77,231,1,4,4,9,5,5,7,57,15,21,5
17,DOLJ,"COLEGIUL TEHNIC ”COSTIN D. NENIŢESCU”",105,"MUNICIPIUL CRAIOVA",69900,1,PART,PRCNCT,CL,CL_SV,"2024-06-10 06:39:34",1423,1412,1,10,0,532,522,0,10,0,512,20,1600,1068,72,77,259,0,1,2,1,6,5,1,52,21,12,3
17,DOLJ,"COLEGIUL TEHNIC DE INDUSTRIE ALIMENTARĂ",69,"MUNICIPIUL CRAIOVA",69900,1,PROV,PRCNCT,CL,CL_SV,"2024-06-10 04:37:56",1645,1638,0,7,0,608,601,0,7,0,584,24,1800,1192,80,125,229,0,3,5,2,6,7,9,77,17,11,13
17,DOLJ,"COLEGIUL TEHNIC DE INDUSTRIE ALIMENTARĂ",68,"MUNICIPIUL CRAIOVA",69900,1,PROV,PRCNCT,CL,CL_SV,"2024-06-10 05:19:05",1738,1732,0,6,0,579,573,0,6,0,561,18,2000,1421,68,136,271,2,1,1,5,0,5,1,34,27,6,4
17,DOLJ,"COLEGIUL TEHNIC DE INDUSTRIE ALIMENTARĂ",67,"MUNICIPIUL CRAIOVA",69900,1,PROV,PRCNCT,CL,CL_SV,"2024-06-10 06:18:55",1724,1720,0,4,0,656,652,0,4,0,624,12,1900,1264,102,84,275,1,0,5,2,6,6,4,90,17,17,15
17,DOLJ,"COLEGIUL TEHNIC ENERGETIC",112,"MUNICIPIUL CRAIOVA",69900,1,PART,PRCNCT,CL,CL_SV,"2024-06-10 09:20:19",1537,1512,5,9,11,614,594,0,9,11,597,17,1600,986,83,95,278,0,8,2,5,9,6,1,78,6,19,7
17,DOLJ,"COLEGIUL TEHNIC ENERGETIC",113,"MUNICIPIUL CRAIOVA",69900,1,PROV,PRCNCT,CL,CL_SV,"2024-06-10 07:51:48",1190,1181,2,7,0,516,509,0,7,0,495,21,1300,784,52,84,223,3,3,7,6,4,3,2,79,7,14,8
17,DOLJ,"COLEGIUL TEHNIC ENERGETIC",111,"MUNICIPIUL CRAIOVA",69900,1,PROV,PRCNCT,CL,CL_SV,"2024-06-10 11:48:02",1525,1520,0,5,0,668,663,0,5,0,631,32,1600,932,78,90,308,1,2,4,4,12,10,1,91,15,10,5
17,DOLJ,"DIRECȚIA DE ASISTENȚĂ SOCIALĂ CRAIOVA CENTRUL DE ZI PENTRU PERSOANE VÂRSTNICE ”CLUBUL SENIORILOR”",40,"MUNICIPIUL CRAIOVA",69900,1,PART,PRCNCT,CL,CL_SV,"2024-06-10 06:17:24",874,868,0,6,0,339,333,0,6,0,323,16,1000,661,50,71,138,0,0,2,3,3,1,2,31,9,5,8
17,DOLJ,"FACULTATEA DE AGRONOMIE",64,"MUNICIPIUL CRAIOVA",69900,1,PROV,PRCNCT,CL,CL_SV,"2024-06-10 08:55:36",1683,1663,13,6,1,720,713,0,6,1,697,23,1900,1180,124,103,239,5,3,5,6,6,3,6,136,16,27,18
17,DOLJ,"FACULTATEA DE AGRONOMIE",63,"MUNICIPIUL CRAIOVA",69900,1,PART,PRCNCT,CL,CL_SV,"2024-06-10 18:56:44",1978,1948,6,24,0,690,666,0,24,0,667,23,2200,1510,81,121,303,2,4,4,4,5,2,2,83,24,16,16
17,DOLJ,"FACULTATEA DE MECANICĂ",162,"MUNICIPIUL CRAIOVA",69900,1,PART,PRCNCT,CL,CL_SV,"2024-06-10 06:56:49",991,912,4,75,0,486,411,0,75,0,471,15,1000,514,74,69,185,0,1,4,3,12,5,0,86,7,14,11
17,DOLJ,"GRĂDINITA CU PROGRAM NORMAL ”CASA CU PITICI” (FOSTA NR. 15) – STRUCTURĂ A ŞCOLII GIMNAZIALE ”ION CREANGA” (FOSTĂ NR.16)",73,"MUNICIPIUL CRAIOVA",69900,1,PROV,PRCNCT,CL,CL_SV,"2024-06-10 07:29:21",1664,1655,0,9,0,606,597,0,9,0,576,10,1900,1303,64,163,251,0,5,11,1,4,5,2,36,30,2,2
17,DOLJ,"GRĂDINIȚA CU PROGRAM NORMAL ”ÎNGERAȘII” ( FOSTA NR. 5)",139,"MUNICIPIUL CRAIOVA",69900,1,PART,PRCNCT,CL,CL_SV,"2024-06-10 06:10:30",1901,1894,1,6,0,807,801,0,6,0,789,18,2000,1193,90,165,348,4,0,4,2,10,8,8,101,25,13,11
17,DOLJ,"GRĂDINIȚA CU PROGRAM NORMAL” ÎNGERAȘII” (FOSTĂ NR.5)",136,"MUNICIPIUL CRAIOVA",69900,1,PART,PRCNCT,CL,CL_SV,"2024-06-10 11:02:45",1642,1632,0,10,0,677,667,0,10,0,655,22,1800,1123,77,110,320,3,2,7,5,8,7,3,79,22,5,7
17,DOLJ,"GRĂDINIŢA CU PROGRAM NORMAL NR.14 ”LUCEAFĂRUL” – STRUCTURĂ A ŞCOLII GIMNAZIALE ”NICOLAE BĂLCESCU” (FOSTA NR.39)",161,"MUNICIPIUL CRAIOVA",69900,1,PART,PRCNCT,CL,CL_SV,"2024-06-10 08:42:45",1314,1305,1,8,0,569,561,0,8,0,547,22,1400,831,88,90,207,1,3,6,3,5,7,1,101,9,18,8
17,DOLJ,"GRĂDINIŢA CU PROGRAM NORMAL NR.16-STRUCTURĂ A ŞCOLII GIMNAZIALE ”ION ŢUCULESCU” (FOSTA NR.14)",138,"MUNICIPIUL CRAIOVA",69900,1,PROV,PRCNCT,CL,CL_SV,"2024-06-10 06:59:23",1724,1716,0,6,2,766,758,0,6,2,754,12,1800,1034,103,153,314,5,4,3,4,4,5,8,92,34,16,9
17,DOLJ,"GRADINITA CU PROGRAM NORMAL NR.35 – STRUCTURĂ A SCOLII GIMNAZIALE ”ION ŢUCULESCU” (FOSTĂ NR.14)",137,"MUNICIPIUL CRAIOVA",69900,1,PROV,PRCNCT,CL,CL_SV,"2024-06-10 10:43:14",1327,1282,1,26,18,642,598,0,26,18,619,23,1400,758,65,116,290,1,2,10,1,10,6,6,58,40,7,7
17,DOLJ,"GRADINIŢA CU PROGRAM NORMAL ”PRICHINDEL”(FOSTA NR. 55) – STRUCTURĂ A ŞCOLII GIMNAZIALE ”MIHAI EMINESCU” (FOSTA NR.37)",19,"MUNICIPIUL CRAIOVA",69900,1,PART,PRCNCT,CL,CL_SV,"2024-06-10 04:47:30",1264,1247,2,15,0,451,436,0,15,0,440,11,1400,949,60,92,168,0,8,4,1,8,4,4,64,19,5,3
17,DOLJ,"GRADINIŢA CU PROGRAM NORMAL ”PRICHINDEL”(FOSTA NR. 55) – STRUCTURĂ A ŞCOLII GIMNAZIALE ”MIHAI EMINESCU” (FOSTA NR.37))",18,"MUNICIPIUL CRAIOVA",69900,1,PART,PRCNCT,CL,CL_SV,"2024-06-10 06:05:14",957,947,1,9,0,356,347,0,9,0,346,10,1326,970,39,60,176,1,0,2,1,4,3,3,38,6,4,9
17,DOLJ,"GRĂDINIŢA CU PROGRAM NORMAL ROVINE 2 – STRUCTURĂ A ŞCOLII GIMNAZIALE ”ION CREANGA” (FOSTĂ NR.16)",172,"MUNICIPIUL CRAIOVA",69900,1,PROV,PRCNCT,CL,CL_SV,"2024-06-10 02:43:30",567,561,0,6,0,241,235,0,6,0,232,9,700,459,16,61,123,0,0,2,0,1,1,1,17,9,0,1
17,DOLJ,"GRADINITA CU PROGRAM PRELUNGIT ”CASUTA CU POVESTI” (FOSTA NR. 43)",117,"MUNICIPIUL CRAIOVA",69900,1,PROV,PRCNCT,CL,CL_SV,"2024-06-10 08:20:32",1381,1358,15,8,0,579,571,0,8,0,562,17,1400,821,101,89,242,2,1,4,4,2,8,0,75,11,16,7
17,DOLJ,"GRĂDINIŢA CU PROGRAM PRELUNGIT ”CASUTA CU POVESTI” (FOSTA NR.43)",116,"MUNICIPIUL CRAIOVA",69900,1,PROV,PRCNCT,CL,CL_SV,"2024-06-10 07:44:42",1568,1552,7,9,0,585,576,0,9,0,568,17,1700,1115,62,86,254,1,3,5,3,10,7,7,88,20,14,8
17,DOLJ,"GRADINIŢA CU PROGRAM PRELUNGIT ”DUMBRAVA MINUNATA” ( FOSTĂ NR.37)",13,"MUNICIPIUL CRAIOVA",69900,1,PROV,PRCNCT,CL,CL_SV,"2024-06-10 08:36:05",1670,1661,0,9,0,723,714,0,9,0,684,23,1900,1193,88,80,296,2,2,2,4,14,4,14,118,23,26,11
17,DOLJ,"GRADINIŢA CU PROGRAM PRELUNGIT ”DUMBRAVA MINUNATA”(FOSTĂ NR.37)",14,"MUNICIPIUL CRAIOVA",69900,1,PART,PRCNCT,CL,CL_SV,"2024-06-10 10:26:31",1594,1523,3,23,45,562,494,0,23,45,533,29,1700,1138,65,110,235,0,0,5,3,4,5,2,70,20,7,7
17,DOLJ,"GRĂDINIŢA CU PROGRAM PRELUNGIT ”FLOARE ALBASTRA” (FOSTA NR.40)",92,"MUNICIPIUL CRAIOVA",69900,1,PART,PRCNCT,CL,CL_SV,"2024-06-10 04:58:09",1186,1178,1,7,0,418,411,0,7,0,409,9,1400,982,44,82,183,0,1,5,3,4,5,2,54,16,8,2
17,DOLJ,"GRĂDINIŢA CU PROGRAM PRELUNGIT ”FLOARE ALBASTRA” (FOSTA NR.40)",93,"MUNICIPIUL CRAIOVA",69900,1,PART,PRCNCT,CL,CL_SV,"2024-06-10 04:55:26",1397,1384,4,8,1,452,443,0,8,1,439,13,1600,1148,52,78,214,3,5,2,2,8,2,3,47,12,7,4
17,DOLJ,"GRADINIŢA CU PROGRAM PRELUNGIT ”FLOAREA SOARELUI” (FOSTA NR.51)",85,"MUNICIPIUL CRAIOVA",69900,1,PART,PRCNCT,CL,CL_SV,"2024-06-10 07:40:56",1190,1181,2,7,0,493,486,0,7,0,486,7,1300,807,55,71,226,0,1,4,6,9,1,0,70,24,13,6
17,DOLJ,"GRADINIŢA CU PROGRAM PRELUNGIT ”FLOAREA SOARELUI” (FOSTA NR.51)",87,"MUNICIPIUL CRAIOVA",69900,1,PROV,PRCNCT,CL,CL_SV,"2024-06-10 04:51:25",1180,1175,0,5,0,450,445,0,5,0,435,15,1400,950,47,64,222,3,1,4,4,2,10,3,52,13,6,4
17,DOLJ,"GRADINIŢA CU PROGRAM PRELUNGIT ”FLOAREA SOARELUI” (FOSTA NR.51)",86,"MUNICIPIUL CRAIOVA",69900,1,PROV,PRCNCT,CL,CL_SV,"2024-06-10 05:20:37",1224,1216,1,7,0,456,449,0,7,0,432,24,1400,943,45,71,197,4,1,4,1,2,5,1,64,16,11,10
17,DOLJ,"GRADINIŢA CU PROGRAM PRELUNGIT ”ION CREANGA” (FOSTA NR. 42)",29,"MUNICIPIUL CRAIOVA",69900,1,PART,PRCNCT,CL,CL_SV,"2024-06-10 05:55:18",1221,1216,1,4,0,536,532,0,4,0,521,15,1400,864,72,66,237,2,3,8,3,4,1,3,79,14,18,11
17,DOLJ,"GRADINIŢA CU PROGRAM PRELUNGIT ”PARADISUL COPIILOR” (FOSTA NR. 24)",65,"MUNICIPIUL CRAIOVA",69900,1,PROV,PRCNCT,CL,CL_SV,"2024-06-10 05:25:40",1186,1178,0,8,0,419,411,0,8,0,403,16,1300,881,42,75,143,0,2,6,6,3,4,7,54,11,13,37
17,DOLJ,"GRADINIŢA CU PROGRAM PRELUNGIT ”PARADISUL COPIILOR”, (FOSTA NR. 24)",66,"MUNICIPIUL CRAIOVA",69900,1,PART,PRCNCT,CL,CL_SV,"2024-06-10 04:14:12",903,890,1,12,0,386,374,0,12,0,373,13,1000,614,48,56,141,2,5,6,0,4,4,3,84,7,9,4
17,DOLJ,"GRĂDINIŢA CU PROGRAM PRELUNGIT ”PETRACHE POENARU” (FOSTA SCOALA CU CLASELE I VIII NR.9 PETRACHE POENARU)",144,"MUNICIPIUL CRAIOVA",69900,1,PROV,PRCNCT,CL,CL_SV,"2024-06-10 10:47:20",1581,1531,0,7,43,750,700,0,7,43,712,38,2000,1250,93,104,293,3,0,6,2,8,6,10,123,14,34,16
17,DOLJ,"GRĂDINIŢA CU PROGRAM PRELUNGIT ”PETRACHE POENARU” (FOSTA SCOALA CU CLASELE I VIII NR.9 PETRACHE POENARU)",145,"MUNICIPIUL CRAIOVA",69900,1,PROV,PRCNCT,CL,CL_SV,"2024-06-10 08:02:47",1166,1092,2,9,63,539,467,0,9,63,503,36,1600,1061,58,71,205,5,3,8,2,9,4,3,98,4,20,13
17,DOLJ,"GRADINITA CU PROGRAM PRELUNGIT ”PHOENIX” (FOSTA NR. 52)",102,"MUNICIPIUL CRAIOVA",69900,1,PROV,PRCNCT,CL,CL_SV,"2024-06-10 10:30:33",1077,1069,0,8,0,401,393,0,8,0,399,2,1200,799,60,55,193,0,6,4,2,5,1,1,43,13,13,3
17,DOLJ,"GRADINIŢA CU PROGRAM PRELUNGIT ”PHOENIX” (FOSTA NR.52)",101,"MUNICIPIUL CRAIOVA",69900,1,PROV,PRCNCT,CL,CL_SV,"2024-06-10 07:29:22",1087,1081,1,5,0,387,382,0,5,0,382,5,1300,913,42,68,188,1,1,9,0,4,9,2,42,9,5,2
17,DOLJ,"GRĂDINIŢA CU PROGRAM PRELUNGIT ”PINOCHIO”",148,"MUNICIPIUL CRAIOVA",69900,1,PART,PRCNCT,CL,CL_SV,"2024-06-10 04:30:01",1096,1084,6,6,0,482,476,0,6,0,471,11,1100,618,55,55,205,0,2,3,11,5,3,4,101,10,10,7
17,DOLJ,"GRADINIŢA CU PROGRAM PRELUNGIT ”PITICOT” (FOSTA NR.45)",84,"MUNICIPIUL CRAIOVA",69900,1,PART,PRCNCT,CL,CL_SV,"2024-06-10 04:57:01",894,886,1,7,0,357,350,0,7,0,350,7,1100,743,26,66,173,0,1,7,1,3,2,1,39,14,7,10
17,DOLJ,"GRADINIŢA CU PROGRAM PRELUNGIT ”PITICOT” (FOSTA NR.45)",82,"MUNICIPIUL CRAIOVA",69900,1,PART,PRCNCT,CL,CL_SV,"2024-06-10 13:24:24",1465,1456,1,8,0,571,563,0,8,0,563,8,1700,1129,64,78,309,4,3,5,0,13,5,2,51,11,14,4
17,DOLJ,"GRADINIŢA CU PROGRAM PRELUNGIT ”PITICOT” (FOSTA NR.45)",83,"MUNICIPIUL CRAIOVA",69900,1,PART,PRCNCT,CL,CL_SV,"2024-06-10 06:56:42",1137,1130,0,7,0,435,428,0,7,0,424,11,1300,865,56,64,208,0,2,8,1,4,1,3,48,13,7,9
17,DOLJ,"GRĂDINIŢA CU PROGRAM PRELUNGIT ”SF. LUCIA” (FOSTA NR.50)",143,"MUNICIPIUL CRAIOVA",69900,1,PROV,PRCNCT,CL,CL_SV,"2024-06-10 06:18:56",818,813,0,5,0,405,400,0,5,0,387,15,900,498,50,76,151,2,1,0,7,6,1,2,62,8,16,5
17,DOLJ,"GRĂDINIŢA CU PROGRAM PRELUNGIT ”SF. LUCIA” (FOSTA NR.50)",142,"MUNICIPIUL CRAIOVA",69900,1,PROV,PRCNCT,CL,CL_SV,"2024-06-10 05:39:10",894,883,1,10,0,397,387,0,10,0,390,7,900,503,51,56,178,1,0,6,2,3,0,5,52,11,20,5
17,DOLJ,"GRĂDINIŢA CU PROGRAM PRELUNGIT ”TUDOR VLADIMIRESCU” (FOSTA NR.21)",128,"MUNICIPIUL CRAIOVA",69900,1,PART,PRCNCT,CL,CL_SV,"2024-06-10 09:23:08",1683,1621,56,6,0,720,711,3,6,0,708,12,1700,980,110,120,253,2,0,7,4,7,7,3,141,17,24,13
17,DOLJ,"GRĂDINIŢA CU PROGRAM PRELUNGIT ”VOINICEII” (FOSTA NR.32)",119,"MUNICIPIUL CRAIOVA",69900,1,PART,PRCNCT,CL,CL_SV,"2024-06-10 04:27:45",1269,1256,7,6,0,503,497,0,6,0,495,8,1300,797,67,77,220,1,2,0,4,7,7,1,72,19,13,5
17,DOLJ,"GRĂDINIŢA CU PROGRAM PRELUNGIT ”VOINICEII” (FOSTA NR.32)",118,"MUNICIPIUL CRAIOVA",69900,1,PART,PRCNCT,CL,CL_SV,"2024-06-10 07:48:43",1288,1279,2,7,0,544,537,0,7,0,520,24,1400,856,83,60,215,2,1,5,13,8,3,0,76,28,17,9
17,DOLJ,"GRADINIŢA DE COPII CU PROGRAM PRELUNGIT ”ELENA FARAGO”(FOSTA NR. 41)",27,"MUNICIPIUL CRAIOVA",69900,1,PROV,PRCNCT,CL,CL_SV,"2024-06-10 02:57:30",1180,1169,2,9,0,436,427,0,9,0,413,23,1400,964,42,91,187,1,1,6,3,5,3,3,50,9,6,6
17,DOLJ,"GRADINIŢA DE COPII CU PROGRAM PRELUNGIT ”ELENA FARAGO”(FOSTA NR.41)",26,"MUNICIPIUL CRAIOVA",69900,1,PROV,PRCNCT,CL,CL_SV,"2024-06-10 03:44:32",762,752,0,10,0,274,264,0,10,0,262,12,900,626,28,50,116,1,3,2,0,1,0,1,30,12,5,9
17,DOLJ,"LICEUL CU PROGRAM SPORTIV ”PETRACHE TRIŞCU”",4,"MUNICIPIUL CRAIOVA",69900,1,PROV,PRCNCT,CL,CL_SV,"2024-06-10 11:47:15",1686,1654,14,17,1,758,739,1,17,1,734,24,1700,942,111,125,270,2,4,11,12,3,4,3,130,16,35,8
17,DOLJ,"LICEUL CU PROGRAM SPORTIV ”PETRACHE TRIȘCU”",5,"MUNICIPIUL CRAIOVA",69900,1,PROV,PRCNCT,CL,CL_SV,"2024-06-10 08:25:43",1694,1652,26,16,0,733,717,0,16,0,707,26,1900,965,99,115,267,4,1,6,6,10,5,6,119,25,30,14
17,DOLJ,"LICEUL DE ARTE ”MARIN SORESCU”",51,"MUNICIPIUL CRAIOVA",69900,1,PROV,PRCNCT,CL,CL_SV,"2024-06-10 12:08:21",1501,1342,42,13,104,662,553,0,13,96,640,11,1500,838,100,96,296,3,2,9,8,4,2,6,88,17,0,9
17,DOLJ,"LICEUL DE ARTE ”MARIN SORESCU”",50,"MUNICIPIUL CRAIOVA",69900,1,PROV,PRCNCT,CL,CL_SV,"2024-06-10 14:26:22",1332,1266,16,9,41,613,563,0,9,41,597,16,1500,887,82,93,269,2,2,2,1,7,4,2,93,12,15,13
17,DOLJ,"LICEUL ”MATEI BASARAB”",152,"MUNICIPIUL CRAIOVA",69900,1,PROV,PRCNCT,CL,CL_SV,"2024-06-10 05:45:58",949,938,2,9,0,394,385,0,9,0,372,22,1000,606,36,50,163,1,4,2,3,4,2,3,71,19,10,4
17,DOLJ,"LICEUL ”MATEI BASARAB”",153,"MUNICIPIUL CRAIOVA",69900,1,PART,PRCNCT,CL,CL_SV,"2024-06-10 04:42:54",822,813,0,9,0,312,303,0,9,0,307,5,900,588,36,51,140,0,3,3,2,8,1,0,38,14,10,1
17,DOLJ,"LICEUL TEHNOLOGIC AUTO",164,"MUNICIPIUL CRAIOVA",69900,1,PROV,PRCNCT,CL,CL_SV,"2024-06-10 08:29:55",1223,1194,21,8,0,464,456,0,8,0,455,9,1300,836,58,57,197,0,0,3,4,7,7,3,78,7,28,6
17,DOLJ,"LICEUL TEHNOLOGIC AUTO",163,"MUNICIPIUL CRAIOVA",69900,1,PROV,PRCNCT,CL,CL_SV,"2024-06-10 06:32:50",1488,1472,6,10,0,612,602,0,10,0,606,6,1700,1088,66,70,285,2,2,6,5,5,9,2,103,18,22,11
17,DOLJ,"LICEUL TEHNOLOGIC DE TRANSPORTURI AUTO",36,"MUNICIPIUL CRAIOVA",69900,1,PART,PRCNCT,CL,CL_SV,"2024-06-10 06:11:03",1831,1823,2,6,0,704,698,0,6,0,667,37,2100,1396,66,106,301,5,2,11,4,4,2,8,98,23,25,12
17,DOLJ,"LICEUL TEHNOLOGIC DE TRANSPORTURI AUTO",38,"MUNICIPIUL CRAIOVA",69900,1,PART,PRCNCT,CL,CL_SV,"2024-06-10 06:14:27",1778,1765,0,7,6,652,639,0,7,6,623,29,2000,1348,73,136,298,3,1,7,1,2,0,13,54,11,18,6
17,DOLJ,"LICEUL TEHNOLOGIC DE TRANSPORTURI AUTO",37,"MUNICIPIUL CRAIOVA",69900,1,PART,PRCNCT,CL,CL_SV,"2024-06-10 10:45:47",1841,1827,4,10,0,657,646,1,10,0,632,25,2200,1543,87,121,290,0,0,11,3,9,2,10,55,25,14,5
17,DOLJ,"LICEUL TEHNOLOGIC DE TRANSPORTURI AUTO",35,"MUNICIPIUL CRAIOVA",69900,1,PART,PRCNCT,CL,CL_SV,"2024-06-10 05:18:33",1875,1868,1,6,0,619,613,0,6,0,578,41,2200,1581,68,122,264,0,3,6,5,5,2,7,57,19,14,6
17,DOLJ,"LICEUL TEHNOLOGIC DE TRANSPORTURI AUTO, (FOSTA ȘCOALĂ CU CLASELE I-VIII NR.25 FĂCĂI)",39,"MUNICIPIUL CRAIOVA",69900,1,PROV,PRCNCT,CL,CL_SV,"2024-06-10 06:25:10",1166,1150,0,5,11,361,345,0,5,11,331,30,1300,939,41,72,139,0,4,5,0,18,6,0,25,15,3,3
17,DOLJ,"LICEUL TEHNOLOGIC ”GEORGE BIBESCU”",100,"MUNICIPIUL CRAIOVA",69900,1,PART,PRCNCT,CL,CL_SV,"2024-06-10 13:51:50",1019,1011,0,8,0,348,340,0,8,0,339,9,1200,852,41,50,161,1,0,4,2,3,1,4,51,10,9,2
17,DOLJ,"LICEUL TEHNOLOGIC ”GEORGE BIBESCU”",99,"MUNICIPIUL CRAIOVA",69900,1,PART,PRCNCT,CL,CL_SV,"2024-06-10 06:37:34",1118,1109,1,8,0,391,383,0,8,0,384,7,1300,909,41,57,178,0,1,7,1,8,1,2,50,19,15,4
17,DOLJ,"LICEUL TEHNOLOGIC TRANSPORTURI CĂI FERATE",123,"MUNICIPIUL CRAIOVA",69900,1,PART,PRCNCT,CL,CL_SV,"2024-06-10 05:21:54",960,901,11,7,41,442,405,0,7,30,431,11,1000,558,81,68,164,1,1,4,0,0,5,4,61,12,20,10
17,DOLJ,"LICEUL TEHNOLOGIC TRANSPORTURI CĂI FERATE",124,"MUNICIPIUL CRAIOVA",69900,1,PART,PRCNCT,CL,CL_SV,"2024-06-10 09:24:22",960,933,5,7,15,446,424,0,7,15,432,14,1000,554,66,59,195,2,1,4,2,7,0,0,78,0,12,6
17,DOLJ,"LICEUL TEHNOLOGIC UCECOM „SPIRU HARET”",23,"MUNICIPIUL CRAIOVA",69900,1,PART,PRCNCT,CL,CL_SV,"2024-06-10 05:13:57",1568,1561,0,7,0,660,653,0,7,0,648,12,1600,940,97,96,280,4,2,7,2,10,6,3,98,15,18,10
17,DOLJ,"LICEUL TEORETIC ”HENRI COANDĂ”",22,"MUNICIPIUL CRAIOVA",69900,1,PART,PRCNCT,CL,CL_SV,"2024-06-10 10:35:08",1370,1357,3,10,0,565,555,0,10,0,553,12,1400,835,73,89,224,3,1,2,3,9,8,7,96,17,14,7
17,DOLJ,"LICEUL TEORETIC ”HENRI COANDĂ”",21,"MUNICIPIUL CRAIOVA",69900,1,PART,PRCNCT,CL,CL_SV,"2024-06-10 06:39:52",1287,1279,0,8,0,524,516,0,8,0,515,9,1500,976,66,64,248,2,2,2,3,6,2,1,81,14,16,8
17,DOLJ,"LICEUL TEORETIC ”HENRI COANDĂ”",20,"MUNICIPIUL CRAIOVA",69900,1,PROV,PRCNCT,CL,CL_SV,"2024-06-10 07:12:07",1420,1411,0,9,0,535,526,0,9,0,527,8,1600,1065,74,66,209,1,1,3,5,2,14,3,101,19,19,10
17,DOLJ,"LICEUL TEORETIC ”TRAIAN VUIA”",6,"MUNICIPIUL CRAIOVA",69900,1,PROV,PRCNCT,CL,CL_SV,"2024-06-10 06:17:13",1168,1159,4,5,0,523,518,0,5,0,507,11,1300,777,91,58,185,0,1,8,6,7,2,3,96,15,27,8
17,DOLJ,"LICEUL TEORETIC ”TRAIAN VUIA”",7,"MUNICIPIUL CRAIOVA",69900,1,PART,PRCNCT,CL,CL_SV,"2024-06-10 06:34:31",1008,1001,0,7,0,436,429,0,7,0,424,12,1200,764,64,61,184,0,1,0,6,3,2,3,65,11,21,3
17,DOLJ,"LICEUL TEORETIC ”TUDOR ARGHEZI”",156,"MUNICIPIUL CRAIOVA",69900,1,PROV,PRCNCT,CL,CL_SV,"2024-06-10 03:59:24",1285,1276,4,5,0,474,469,0,5,0,465,9,1400,926,59,78,185,2,3,4,4,8,8,4,77,13,14,6
17,DOLJ,"LICEUL TEORETIC ”TUDOR ARGHEZI”",155,"MUNICIPIUL CRAIOVA",69900,1,PART,PRCNCT,CL,CL_SV,"2024-06-10 10:40:20",1283,1270,3,10,0,547,537,0,10,0,530,17,1300,753,73,93,232,1,3,8,6,8,3,6,61,15,16,5
17,DOLJ,"LICEUL TEORETIC ”TUDOR ARGHEZI”",154,"MUNICIPIUL CRAIOVA",69900,1,PART,PRCNCT,CL,CL_SV,"2024-06-10 09:05:42",1246,1235,4,7,0,496,489,0,7,0,480,16,1300,804,61,74,216,1,3,2,0,3,2,1,77,17,15,8
17,DOLJ,"LICEUL ”VOLTAIRE”",25,"MUNICIPIUL CRAIOVA",69900,1,PART,PRCNCT,CL,CL_SV,"2024-06-10 08:25:30",1576,1568,0,7,1,475,467,0,7,1,458,17,1800,1325,53,89,191,3,1,6,7,10,1,2,57,20,9,9
17,DOLJ,"LICEUL ”VOLTAIRE”",24,"MUNICIPIUL CRAIOVA",69900,1,PROV,PRCNCT,CL,CL_SV,"2024-06-10 10:17:56",1562,1557,0,5,0,562,557,0,5,0,537,25,1800,1238,74,112,206,3,2,12,3,0,2,4,91,15,7,6
17,DOLJ,"PRIMARIA CRAIOVA- DIRECŢIA DE ASISTENŢĂ ŞI PROTECŢIE SOCIALĂ",3,"MUNICIPIUL CRAIOVA",69900,1,PROV,PRCNCT,CL,CL_SV,"2024-06-10 09:14:32",1317,1306,0,11,0,554,543,0,11,0,546,5,1500,949,99,91,192,1,4,2,7,5,4,2,94,15,24,6
17,DOLJ,"PRIMĂRIA MUNICIPIULUI CRAIOVA DIRECŢIA DE ASISTENŢĂ ŞI PROTECŢIE SOCIALĂ",167,"MUNICIPIUL CRAIOVA",69900,1,PART,PRCNCT,CL,CL_SV,"2024-06-10 04:08:03",1346,1328,11,7,0,543,536,0,7,0,534,9,1400,857,64,97,240,1,0,5,3,6,4,3,73,17,11,10
17,DOLJ,"PRIMĂRIA MUNICIPIULUI CRAIOVA-DIRECŢIA DE ASISTENŢĂ ŞI PROTECŢIE SOCIALĂ",168,"MUNICIPIUL CRAIOVA",69900,1,PROV,PRCNCT,CL,CL_SV,"2024-06-10 07:12:38",1422,1400,12,10,0,603,593,0,10,0,584,19,1600,997,68,108,271,3,0,4,1,4,1,2,89,11,14,8
17,DOLJ,"PRIMĂRIA MUNICIPIULUI CRAIOVA, (FOSTA ŞCOALA CU CLASELE I-VIII NR.35 „I.D. SÎRBU”)",150,"MUNICIPIUL CRAIOVA",69900,1,PART,PRCNCT,CL,CL_SV,"2024-06-10 03:45:23",966,959,0,7,0,427,420,0,7,0,417,10,1000,573,59,55,175,0,0,4,8,5,7,3,57,17,14,13
17,DOLJ,"PRIMĂRIA MUNICIPIULUI CRAIOVA, (FOSTA ŞCOALA CU CLASELE I-VIII NR.35 „I.D. SÎRBU”)",151,"MUNICIPIUL CRAIOVA",69900,1,PROV,PRCNCT,CL,CL_SV,"2024-06-10 01:36:08",1130,1126,0,4,0,470,466,0,4,0,460,10,1200,720,66,65,193,0,0,2,4,13,5,1,78,7,23,3
17,DOLJ,"PRIMĂRIA MUNICIPIULUI CRAIOVA, (FOSTA ŞCOALA CU CLASELE I-VIII NR.35 „I.D. SÎRBU”)”",149,"MUNICIPIUL CRAIOVA",69900,1,PART,PRCNCT,CL,CL_SV,"2024-06-10 02:49:13",968,958,2,8,0,432,424,0,8,0,422,10,1000,568,66,55,178,1,2,4,2,2,5,6,65,16,13,7
17,DOLJ,"PUNCTUL TERMIC NR.1 LĂPUȘ (LÂNGĂ BL.23 - BLD. DECEBAL NR.66B)",165,"MUNICIPIUL CRAIOVA",69900,1,PROV,PRCNCT,CL,CL_SV,"2024-06-10 06:07:05",1341,1326,8,7,0,535,528,0,7,0,518,17,1400,865,65,75,223,2,3,8,6,7,7,8,81,14,14,5
17,DOLJ,"PUNCTUL TERMIC NR.2 LĂPUȘ (LÂNGĂ BL. 59 - BLD. DECEBAL NR.55B)",166,"MUNICIPIUL CRAIOVA",69900,1,PART,PRCNCT,CL,CL_SV,"2024-06-10 08:13:28",1549,1542,1,6,0,725,719,0,6,0,694,31,1700,975,93,138,275,12,1,2,0,7,12,0,99,28,19,8
17,DOLJ,"RAT S.R.L.",74,"MUNICIPIUL CRAIOVA",69900,1,PROV,PRCNCT,CL,CL_SV,"2024-06-10 10:50:52",1563,1552,5,6,0,589,583,0,6,0,571,18,1800,1211,82,84,259,1,0,5,4,4,3,7,80,15,17,10
17,DOLJ,"ŞCOALA GIMNAZIALĂ ”ALEXANDRU MACEDONSKI” (FOSTA NR.32)",89,"MUNICIPIUL CRAIOVA",69900,1,PROV,PRCNCT,CL,CL_SV,"2024-06-10 15:31:05",1569,1561,1,7,0,575,568,0,7,0,555,20,1800,1225,61,90,271,4,3,5,0,9,6,2,66,19,12,7
17,DOLJ,"ŞCOALA GIMNAZIALĂ ”ALEXANDRU MACEDONSKI” (FOSTA NR.32)",90,"MUNICIPIUL CRAIOVA",69900,1,PART,PRCNCT,CL,CL_SV,"2024-06-10 07:44:06",1611,1603,2,6,0,567,561,0,6,0,550,17,1900,1333,64,104,251,7,3,4,4,7,5,5,66,6,12,12
17,DOLJ,"ŞCOALA GIMNAZIALĂ ”ALEXANDRU MACEDONSKI” (FOSTA NR.32)",91,"MUNICIPIUL CRAIOVA",69900,1,PART,PRCNCT,CL,CL_SV,"2024-06-10 15:59:07",1477,1466,3,8,0,622,614,0,8,0,607,15,1800,1178,56,94,305,3,2,7,4,14,5,5,73,15,16,8
17,DOLJ,"ŞCOALA GIMNAZIALĂ ”ALEXANDRU MACEDONSKI” (FOSTA NR.32)",88,"MUNICIPIUL CRAIOVA",69900,1,PART,PRCNCT,CL,CL_SV,"2024-06-10 05:41:48",1431,1420,2,8,1,552,543,0,8,1,542,10,1700,1148,74,80,268,2,3,4,2,6,4,4,70,14,6,5
17,DOLJ,"ŞCOALA GIMNAZIALĂ ”ANTON PAN” (FOSTA NR.13 BUCOVĂŢ)",60,"MUNICIPIUL CRAIOVA",69900,1,PART,PRCNCT,CL,CL_SV,"2024-06-10 04:40:05",1857,1850,2,5,0,512,507,0,5,0,483,29,2100,1588,43,96,236,1,3,5,3,3,5,2,49,25,9,3
17,DOLJ,"ȘCOALA GIMNAZIALĂ ”ANTON PAN” (FOSTA NR.13 BUCOVĂȚ)",59,"MUNICIPIUL CRAIOVA",69900,1,PART,PRCNCT,CL,CL_SV,"2024-06-10 04:51:51",1848,1838,0,10,0,396,386,0,10,0,364,32,2100,1704,28,54,226,2,0,1,4,1,3,3,19,13,6,4
17,DOLJ,"ŞCOALA GIMNAZIALĂ ”DECEBAL” (FOSTA NR. 12)",109,"MUNICIPIUL CRAIOVA",69900,1,PART,PRCNCT,CL,CL_SV,"2024-06-10 06:27:17",1317,1303,8,6,0,543,537,0,6,0,530,13,1400,857,79,74,224,6,1,0,4,4,8,2,88,21,14,5
17,DOLJ,"ŞCOALA GIMNAZIALĂ ”DECEBAL” (FOSTA NR. 12)",110,"MUNICIPIUL CRAIOVA",69900,1,PROV,PRCNCT,CL,CL_SV,"2024-06-10 07:05:45",1392,1383,3,6,0,561,555,0,6,0,549,12,1500,938,92,72,201,2,1,5,5,6,6,11,104,6,24,14
17,DOLJ,"ŞCOALA GIMNAZIALĂ ”DECEBAL” (FOSTA NR. 12)",108,"MUNICIPIUL CRAIOVA",69900,1,PROV,PRCNCT,CL,CL_SV,"2024-06-10 08:26:19",1336,1321,7,8,0,500,492,0,8,0,489,11,1400,900,61,62,224,3,2,3,0,5,2,4,87,12,16,8
17,DOLJ,"ȘCOALA GIMNAZIALĂ ”ELENA FARAGO” (FOSTA SCOALA GIMNAZIALA NR.33)",80,"MUNICIPIUL CRAIOVA",69900,1,PART,PRCNCT,CL,CL_SV,"2024-06-10 06:14:27",1581,1574,0,7,0,598,591,0,7,0,579,19,1800,1202,51,94,288,3,5,6,1,4,8,6,82,20,5,6
17,DOLJ,"ȘCOALA GIMNAZIALĂ ”ELENA FARAGO” (FOSTA SCOALA GIMNAZIALA NR.33)",79,"MUNICIPIUL CRAIOVA",69900,1,PROV,PRCNCT,CL,CL_SV,"2024-06-10 06:20:33",1589,1579,3,7,0,602,595,0,7,0,583,19,1900,1298,47,63,371,3,2,11,3,6,1,2,51,11,5,7
17,DOLJ,"ȘCOALA GIMNAZIALĂ ”ELENA FARAGO” (FOSTA SCOALA GIMNAZIALA NR.33)",81,"MUNICIPIUL CRAIOVA",69900,1,PART,PRCNCT,CL,CL_SV,"2024-06-10 07:06:41",1370,1365,0,5,0,518,513,0,5,0,497,21,1600,1082,43,88,238,1,0,6,4,19,1,3,61,16,11,6
17,DOLJ,"ȘCOALA GIMNAZIALĂ ”ELENA FARAGO” (FOSTA SCOALA GIMNAZIALA NR.34)",77,"MUNICIPIUL CRAIOVA",69900,1,PART,PRCNCT,CL,CL_SV,"2024-06-10 07:19:06",1612,1605,1,6,0,656,650,0,6,0,636,20,1900,1244,76,118,270,4,0,6,4,9,6,2,82,32,18,9
17,DOLJ,"ȘCOALA GIMNAZIALĂ ”ELENA FARAGO” (FOSTA SCOALA GIMNAZIALA NR.34)",75,"MUNICIPIUL CRAIOVA",69900,1,PROV,PRCNCT,CL,CL_SV,"2024-06-10 09:22:37",1588,1579,0,9,0,649,640,0,9,0,624,25,1800,1151,63,101,323,4,1,3,0,3,5,5,71,26,14,5
17,DOLJ,"ȘCOALA GIMNAZIALĂ ”ELENA FARAGO” (FOSTA SCOALA GIMNAZIALA NR.34)",78,"MUNICIPIUL CRAIOVA",69900,1,PART,PRCNCT,CL,CL_SV,"2024-06-10 09:00:47",1583,1575,0,8,0,619,611,0,8,0,600,19,1900,1281,68,103,276,1,1,5,6,6,4,6,86,16,15,7
17,DOLJ,"ȘCOALA GIMNAZIALĂ ”ELENA FARAGO” (FOSTA SCOALA GIMNAZIALA NR.34)",76,"MUNICIPIUL CRAIOVA",69900,1,PART,PRCNCT,CL,CL_SV,"2024-06-10 07:22:27",1588,1568,1,8,11,570,551,0,8,11,554,16,1800,1230,84,80,250,2,6,8,2,6,6,6,72,16,8,8
17,DOLJ,"ȘCOALA GIMNAZIALA ”GHEORGHE BIBESCU” (FOSTA NR. 36)",44,"MUNICIPIUL CRAIOVA",69900,1,PART,PRCNCT,CL,CL_SV,"2024-06-10 04:53:36",1414,1407,0,7,0,520,513,0,7,0,506,14,1600,1080,54,67,239,2,2,3,5,9,4,3,79,16,18,5
17,DOLJ,"ȘCOALA GIMNAZIALA ”GHEORGHE BIBESCU” (FOSTA NR. 36)",43,"MUNICIPIUL CRAIOVA",69900,1,PART,PRCNCT,CL,CL_SV,"2024-06-10 09:19:21",1514,1506,1,6,1,629,622,0,6,1,607,22,1700,1071,97,112,246,4,1,5,1,10,3,3,78,16,23,8
17,DOLJ,"ȘCOALA GIMNAZIALA ”GHEORGHE BIBESCU” (FOSTA NR. 36)",41,"MUNICIPIUL CRAIOVA",69900,1,PART,PRCNCT,CL,CL_SV,"2024-06-10 06:32:00",1266,1257,1,8,0,503,495,0,8,0,490,13,1400,897,53,82,233,0,1,6,6,7,3,5,65,11,12,6
17,DOLJ,"ȘCOALA GIMNAZIALA ”GHEORGHE BIBESCU” (FOSTA NR. 36)",42,"MUNICIPIUL CRAIOVA",69900,1,PART,PRCNCT,CL,CL_SV,"2024-06-10 05:55:25",1475,1461,8,6,0,550,544,0,6,0,538,12,1700,1150,58,89,252,0,1,6,3,16,2,4,71,15,13,8
17,DOLJ,"ŞCOALA GIMNAZIALĂ ”GHEORGHE ŢIŢEICA” (FOSTA NR. 21)",147,"MUNICIPIUL CRAIOVA",69900,1,PROV,PRCNCT,CL,CL_SV,"2024-06-10 05:14:06",1353,1338,5,10,0,571,560,1,10,0,550,20,1400,830,97,52,222,1,2,6,0,2,4,4,118,20,18,4
17,DOLJ,"ŞCOALA GIMNAZIALĂ ”GHEORGHE ŢIŢEICA” (FOSTA NR. 21)",146,"MUNICIPIUL CRAIOVA",69900,1,PART,PRCNCT,CL,CL_SV,"2024-06-10 05:48:12",1367,1356,4,7,0,576,569,0,7,0,555,21,1400,824,103,83,196,2,3,2,5,6,8,7,95,16,25,4
17,DOLJ,"ŞCOALA GIMNAZIALĂ ”ION CREANGĂ” (FOSTA NR.16)",70,"MUNICIPIUL CRAIOVA",69900,1,PART,PRCNCT,CL,CL_SV,"2024-06-10 09:46:18",1756,1748,0,6,2,621,613,0,6,2,594,27,2000,1379,56,130,283,2,3,7,1,2,6,4,60,20,11,9
17,DOLJ,"ŞCOALA GIMNAZIALĂ ”ION CREANGĂ” (FOSTA NR.16)",72,"MUNICIPIUL CRAIOVA",69900,1,PART,PRCNCT,CL,CL_SV,"2024-06-10 06:41:36",1659,1654,0,5,0,593,588,0,5,0,566,27,1900,1307,49,127,286,2,3,4,3,6,4,3,27,33,6,13
17,DOLJ,"ŞCOALA GIMNAZIALĂ ”ION CREANGĂ” (FOSTA NR.16)",71,"MUNICIPIUL CRAIOVA",69900,1,PART,PRCNCT,CL,CL_SV,"2024-06-10 08:26:42",1712,1698,5,9,0,648,639,0,9,0,625,23,2000,1352,79,111,321,3,4,6,3,7,2,1,45,31,4,8
17,DOLJ,"ŞCOALA GIMNAZIALĂ ”ION ŢUCULESCU” (FOSTA NR. 14)",134,"MUNICIPIUL CRAIOVA",69900,1,PART,PRCNCT,CL,CL_SV,"2024-06-10 11:53:13",1878,1857,8,6,7,756,743,0,6,7,737,19,2000,1244,84,153,296,6,1,6,4,12,13,12,99,21,18,12
17,DOLJ,"ŞCOALA GIMNAZIALĂ ”ION ŢUCULESCU” (FOSTA NR. 14)",135,"MUNICIPIUL CRAIOVA",69900,1,PROV,PRCNCT,CL,CL_SV,"2024-06-10 15:30:33",1929,1913,1,12,3,803,788,0,12,3,788,15,2000,1197,97,157,332,3,7,7,8,5,7,8,98,28,22,9
17,DOLJ,"ŞCOALA GIMNAZIALĂ ”LASCĂR CATARGIU” (FOSTA NR. 19)",56,"MUNICIPIUL CRAIOVA",69900,1,PART,PRCNCT,CL,CL_SV,"2024-06-10 10:23:12",1809,1804,1,4,0,607,603,0,4,0,580,27,2000,1393,68,112,265,2,2,5,5,3,8,4,59,30,10,7
17,DOLJ,"ŞCOALA GIMNAZIALĂ ”LASCĂR CATARGIU” (FOSTA NR. 19)",54,"MUNICIPIUL CRAIOVA",69900,1,PROV,PRCNCT,CL,CL_SV,"2024-06-10 08:27:02",2003,1986,2,15,0,712,697,0,15,0,668,44,2200,1488,65,126,350,3,5,2,2,2,7,6,62,18,9,11
17,DOLJ,"ŞCOALA GIMNAZIALĂ ”LASCĂR CATARGIU” (FOSTA NR. 19)",55,"MUNICIPIUL CRAIOVA",69900,1,PART,PRCNCT,CL,CL_SV,"2024-06-10 05:58:03",1892,1885,0,6,1,658,651,0,6,1,635,23,2100,1442,54,121,361,1,0,5,3,6,6,2,38,18,8,12
17,DOLJ,"ŞCOALA GIMNAZIALĂ ”LASCĂR CATARGIU” (FOSTA NR. 19)",57,"MUNICIPIUL CRAIOVA",69900,1,PART,PRCNCT,CL,CL_SV,"2024-06-10 06:18:49",1764,1746,3,9,6,738,723,0,9,6,718,20,2000,1262,74,128,360,0,1,4,4,7,3,7,78,28,14,10
17,DOLJ,"ŞCOALA GIMNAZIALĂ ”MIHAI EMINESCU”(FOSTA NR. 37)",17,"MUNICIPIUL CRAIOVA",69900,1,PROV,PRCNCT,CL,CL_SV,"2024-06-10 06:01:07",1025,1012,1,12,0,373,361,0,12,0,364,8,1200,828,28,46,197,0,0,4,3,2,3,2,54,13,5,7
17,DOLJ,"ŞCOALA GIMNAZIALĂ ”MIHAI EMINESCU”(FOSTA NR.37",15,"MUNICIPIUL CRAIOVA",69900,1,PROV,PRCNCT,CL,CL_SV,"2024-06-10 05:58:58",1186,1147,1,38,0,469,430,1,38,0,444,17,1300,839,47,61,206,4,4,5,1,6,5,1,69,12,15,8
17,DOLJ,"ŞCOALA GIMNAZIALĂ ”MIHAI EMINESCU”(FOSTA NR.37)",16,"MUNICIPIUL CRAIOVA",69900,1,PROV,PRCNCT,CL,CL_SV,"2024-06-10 05:03:18",1257,1242,0,15,0,458,443,0,15,0,450,8,1400,942,47,69,227,1,3,4,2,4,4,9,58,7,9,6
17,DOLJ,"ŞCOALA GIMNAZIALĂ ”MIHAI VITEAZU” (FOSTA NR.30)",95,"MUNICIPIUL CRAIOVA",69900,1,PART,PRCNCT,CL,CL_SV,"2024-06-10 08:16:09",1386,1375,3,8,0,470,462,0,8,0,458,12,1600,1130,54,71,231,0,0,10,2,5,4,0,47,20,4,10
17,DOLJ,"ŞCOALA GIMNAZIALĂ ”MIHAI VITEAZU” (FOSTA NR.30)",94,"MUNICIPIUL CRAIOVA",69900,1,PART,PRCNCT,CL,CL_SV,"2024-06-10 08:09:48",1288,1277,2,9,0,454,445,0,9,0,442,12,1500,1046,47,83,196,5,2,9,2,9,7,0,48,15,12,7
17,DOLJ,"ŞCOALA GIMNAZIALĂ ”MIHAI VITEAZU” (FOSTA NR.30)",98,"MUNICIPIUL CRAIOVA",69900,1,PROV,PRCNCT,CL,CL_SV,"2024-06-10 07:14:41",1302,1291,2,8,1,453,444,0,8,1,442,11,1500,1047,59,66,227,2,3,8,4,7,0,3,30,12,9,12
17,DOLJ,"ŞCOALA GIMNAZIALĂ ”MIHAI VITEAZU” (FOSTA NR.30)",96,"MUNICIPIUL CRAIOVA",69900,1,PROV,PRCNCT,CL,CL_SV,"2024-06-10 07:14:37",1358,1350,0,8,0,498,490,0,8,0,480,18,1500,1002,44,67,248,2,1,13,2,11,5,5,54,12,10,6
17,DOLJ,"ŞCOALA GIMNAZIALĂ ”MIHAI VITEAZU” (FOSTA NR.30)",97,"MUNICIPIUL CRAIOVA",69900,1,PART,PRCNCT,CL,CL_SV,"2024-06-10 06:40:15",1240,1229,0,11,0,470,459,0,11,0,447,23,1400,930,52,61,216,0,0,5,2,6,2,5,62,16,13,7
17,DOLJ,"ŞCOALA GIMNAZIALĂ ”MIRCEA ELIADE”",12,"MUNICIPIUL CRAIOVA",69900,1,PART,PRCNCT,CL,CL_SV,"2024-06-10 08:03:39",1360,1345,5,10,0,666,656,0,10,0,642,24,1600,934,110,81,239,5,7,3,2,10,2,5,122,20,26,10
17,DOLJ,"ŞCOALA GIMNAZIALĂ ”NICOLAE BĂLCESCU” (FOSTA NR.39)",159,"MUNICIPIUL CRAIOVA",69900,1,PROV,PRCNCT,CL,CL_SV,"2024-06-10 08:24:23",1338,1320,6,12,0,578,566,0,12,0,562,16,1500,922,87,87,254,0,1,8,1,6,0,3,81,8,19,7
17,DOLJ,"ŞCOALA GIMNAZIALĂ ”NICOLAE BĂLCESCU” (FOSTA NR.39)",158,"MUNICIPIUL CRAIOVA",69900,1,PART,PRCNCT,CL,CL_SV,"2024-06-10 09:15:17",1208,1199,2,7,0,478,471,0,7,0,468,10,1300,822,73,68,187,1,5,3,2,6,8,4,75,10,21,5
17,DOLJ,"ŞCOALA GIMNAZIALĂ ”NICOLAE BĂLCESCU” (FOSTA NR.39)",157,"MUNICIPIUL CRAIOVA",69900,1,PART,PRCNCT,CL,CL_SV,"2024-06-10 04:39:52",1473,1460,3,10,0,674,664,0,10,0,664,10,1600,926,90,93,293,1,3,6,3,11,3,1,109,14,31,6
17,DOLJ,"ŞCOALA GIMNAZIALĂ ”NICOLAE BĂLCESCU” (FOSTA NR.39)",160,"MUNICIPIUL CRAIOVA",69900,1,PROV,PRCNCT,CL,CL_SV,"2024-06-10 03:20:44",1290,1280,3,7,0,526,519,0,7,0,510,16,1400,874,51,80,236,0,0,8,1,12,2,4,68,22,17,9
17,DOLJ,"ŞCOALA GIMNAZIALĂ „NICOLAE ROMANESCU”",28,"MUNICIPIUL CRAIOVA",69900,1,PART,PRCNCT,CL,CL_SV,"2024-06-10 03:41:10",1413,1403,3,7,0,596,589,0,7,0,584,12,1600,1004,77,104,250,5,3,3,1,11,4,17,64,15,19,11
17,DOLJ,"ŞCOALA GIMNAZIALĂ ”NICOLAE ROMANESCU” (FOSTA NR. 29)",30,"MUNICIPIUL CRAIOVA",69900,1,PART,PRCNCT,CL,CL_SV,"2024-06-10 06:03:05",1247,1238,0,8,1,420,411,0,8,1,410,10,1500,1080,51,81,179,0,4,5,2,3,1,4,56,9,8,7
17,DOLJ,"ŞCOALA GIMNAZIALĂ ”NICOLAE ROMANESCU” (FOSTA NR. 29)",32,"MUNICIPIUL CRAIOVA",69900,1,PART,PRCNCT,CL,CL_SV,"2024-06-10 04:08:58",1010,998,3,7,2,373,363,1,7,2,361,12,1200,827,48,54,178,2,3,3,1,6,5,2,46,4,3,6
17,DOLJ,"ŞCOALA GIMNAZIALĂ ”NICOLAE ROMANESCU” (FOSTA NR. 29)",31,"MUNICIPIUL CRAIOVA",69900,1,PART,PRCNCT,CL,CL_SV,"2024-06-10 06:00:36",1212,1200,1,10,1,484,473,0,10,1,470,14,1400,916,54,65,237,2,3,2,3,9,4,3,67,9,8,4
17,DOLJ,"ŞCOALA GIMNAZIALĂ NR.22 ”MIRCEA ELIADE”",11,"MUNICIPIUL CRAIOVA",69900,1,PART,PRCNCT,CL,CL_SV,"2024-06-10 06:15:54",1101,1088,4,9,0,452,443,0,9,0,440,12,1200,748,52,51,186,0,0,3,1,2,4,5,94,9,24,9
17,DOLJ,"ŞCOALA GIMNAZIALA NR. 26 MOFLENI – STRUCTURĂ A ŞCOLII GIMNAZIALE ”ANTON PAN” (FOSTA NR.13 BUCOVĂŢ)",58,"MUNICIPIUL CRAIOVA",69900,1,PART,PRCNCT,CL,CL_SV,"2024-06-10 05:59:08",1284,1275,1,8,0,455,447,0,8,0,423,32,1500,1045,47,131,159,1,4,1,1,0,3,4,34,29,6,3
17,DOLJ,"ŞCOALA GIMNAZIALĂ NR.38 - STRUCTURĂ A ŞCOLII GIMNAZIALE ”ION CREANGA” (FOSTĂ NR.16)",170,"MUNICIPIUL CRAIOVA",69900,1,PART,PRCNCT,CL,CL_SV,"2024-06-10 05:14:39",1734,1726,2,6,0,578,572,0,6,0,557,21,1800,1222,52,132,273,2,1,3,4,8,5,1,35,31,3,7
17,DOLJ,"ŞCOALA GIMNAZIALĂ NR.38 - STRUCTURĂ A ŞCOLII GIMNAZIALE ”ION CREANGA” (FOSTĂ NR.16)",169,"MUNICIPIUL CRAIOVA",69900,1,PART,PRCNCT,CL,CL_SV,"2024-06-10 07:10:41",1492,1487,2,3,0,605,602,0,3,0,588,17,1600,995,68,131,260,5,3,8,3,6,7,3,57,21,5,11
17,DOLJ,"ŞCOALA GIMNAZIALĂ NR.38 - STRUCTURĂ A ŞCOLII GIMNAZIALE ”ION CREANGA” (FOSTĂ NR.16)",171,"MUNICIPIUL CRAIOVA",69900,1,PROV,PRCNCT,CL,CL_SV,"2024-06-10 04:29:48",1478,1467,0,11,0,538,527,0,11,0,525,13,1600,1062,65,103,274,0,2,1,3,3,4,4,33,20,3,10
17,DOLJ,"ŞCOALA GIMNAZIALĂ ”SFÂNTU GHEORGHE” (FOSTA NR.24)",122,"MUNICIPIUL CRAIOVA",69900,1,PROV,PRCNCT,CL,CL_SV,"2024-06-10 07:42:36",1420,1412,2,6,0,615,609,0,6,0,601,14,1500,885,85,93,271,3,3,6,10,8,2,4,74,24,15,3
17,DOLJ,"ŞCOALA GIMNAZIALĂ ”SFÂNTU GHEORGHE” (FOSTA NR.24)",120,"MUNICIPIUL CRAIOVA",69900,1,PROV,PRCNCT,CL,CL_SV,"2024-06-10 14:51:48",1623,1604,9,10,0,665,655,0,10,0,645,20,1700,1035,85,82,301,0,5,6,6,10,1,4,100,20,17,8
17,DOLJ,"ŞCOALA GIMNAZIALĂ ”SFÂNTU GHEORGHE” (FOSTA NR.24)",121,"MUNICIPIUL CRAIOVA",69900,1,PROV,PRCNCT,CL,CL_SV,"2024-06-10 07:49:23",1362,1329,24,9,0,549,540,0,9,0,531,18,1400,851,87,79,214,0,2,6,4,5,3,7,85,13,19,7
17,DOLJ,"ŞCOALA GIMNAZIALĂ ”SFÂNTUL DUMITRU” (FOSTA NR. 18)",49,"MUNICIPIUL CRAIOVA",69900,1,PROV,PRCNCT,CL,CL_SV,"2024-06-10 05:41:56",1009,998,3,8,0,450,442,0,8,0,442,8,1300,850,69,68,163,1,1,8,5,6,3,4,82,10,18,4
17,DOLJ,"ŞCOALA GIMNAZIALĂ „SF. GHEORGHE” (FOSTA SCOALA CU CLASELE I - VIII NR.23)",129,"MUNICIPIUL CRAIOVA",69900,1,PROV,PRCNCT,CL,CL_SV,"2024-06-10 08:12:52",1640,1611,18,10,1,683,672,0,10,1,651,32,1700,1017,87,107,276,1,1,7,3,5,5,3,107,18,22,9
17,DOLJ,"ŞCOALA GIMNAZIALĂ „SF. GHEORGHE” (FOSTA SCOALA CU CLASELE I - VIII NR.23)",131,"MUNICIPIUL CRAIOVA",69900,1,PROV,PRCNCT,CL,CL_SV,"2024-06-10 06:18:45",1479,1470,3,6,0,624,615,3,6,0,611,13,1600,976,74,107,290,0,4,7,0,0,0,8,89,21,11,0
17,DOLJ,"ŞCOALA GIMNAZIALĂ „SF. GHEORGHE” (FOSTA SCOALA CU CLASELE I - VIII NR.23)",130,"MUNICIPIUL CRAIOVA",69900,1,PART,PRCNCT,CL,CL_SV,"2024-06-10 04:12:04",1499,1492,5,2,0,643,641,0,2,0,629,14,1700,1057,87,88,277,0,1,0,5,10,9,4,103,15,22,8
17,DOLJ,"ȘCOALA GIMNAZIALĂ SF. GHEORGHE (FOSTA ȘCOALĂ CU CLASELE I-VIII, NR. 23",132,"MUNICIPIUL CRAIOVA",69900,1,PROV,PRCNCT,CL,CL_SV,"2024-06-10 07:29:03",1111,1066,37,8,0,479,471,0,8,0,466,13,1200,721,51,87,196,3,1,3,2,9,8,1,60,23,14,8
17,DOLJ,"ȘCOALA GIMNAZIALĂ SF. GHEORGHE (FOSTA ȘCOALĂ CU CLASELE I-VIII, NR. 23)",133,"MUNICIPIUL CRAIOVA",69900,1,PART,PRCNCT,CL,CL_SV,"2024-06-10 08:11:20",1488,1465,15,6,2,699,691,0,6,2,676,23,1600,901,116,109,277,1,2,10,4,5,5,2,97,14,24,10
17,DOLJ,"ŞCOALA GIMNAZIALĂ ”TRAIAN” (FOSTA NR. 2)",126,"MUNICIPIUL CRAIOVA",69900,1,PROV,PRCNCT,CL,CL_SV,"2024-06-10 09:25:37",941,928,2,10,1,424,413,0,10,1,420,4,1000,576,74,65,147,1,0,2,8,2,1,1,85,12,16,6
17,DOLJ,"ŞCOALA GIMNAZIALĂ ”TRAIAN” (FOSTA NR.2)",127,"MUNICIPIUL CRAIOVA",69900,1,PART,PRCNCT,CL,CL_SV,"2024-06-10 06:23:32",1106,1087,11,8,0,522,514,0,8,0,516,6,1100,578,101,48,203,3,3,5,5,4,2,2,103,6,23,8
17,DOLJ,"ŞCOALA PRIMARĂ IZVORUL RECE – STRUCTURĂ A ŞCOLII GIMNAZIALE ”DECEBAL” (FOSTĂ NR.12)",173,"MUNICIPIUL CRAIOVA",69900,1,PROV,PRCNCT,CL,CL_SV,"2024-06-10 05:00:49",655,649,1,5,0,266,261,0,5,0,262,4,800,534,30,58,127,1,1,1,0,5,3,4,13,14,4,1
17,DOLJ,"SUCURSALA REGIONALĂ CF CRAIOVA",141,"MUNICIPIUL CRAIOVA",69900,1,PART,PRCNCT,CL,CL_SV,"2024-06-10 05:49:26",1408,1399,2,7,0,545,538,0,7,0,532,13,1500,955,67,66,272,0,2,5,5,4,2,4,63,20,7,15
17,DOLJ,"SUCURSALA REGIONALĂ CF CRAIOVA",140,"MUNICIPIUL CRAIOVA",69900,1,PROV,PRCNCT,CL,CL_SV,"2024-06-10 05:45:38",1240,1227,1,11,1,553,541,0,11,1,532,21,1400,847,68,76,255,1,0,3,1,4,3,4,86,10,10,11
17,DOLJ,"UNIVERSITATEA DE MEDICINA SI FARMACIE, (SEDIUL NOU)",48,"MUNICIPIUL CRAIOVA",69900,1,PART,PRCNCT,CL,CL_SV,"2024-06-10 08:12:06",1487,1442,7,38,0,600,562,0,38,0,580,20,1700,1100,70,81,253,0,4,4,1,8,5,9,107,15,16,7
17,DOLJ,"UNIVERSITATEA DE MEDICINĂ ŞI FARMACIE, (SEDIUL VECHI)",34,"MUNICIPIUL CRAIOVA",69900,1,PART,PRCNCT,CL,CL_SV,"2024-06-10 05:35:56",1063,1035,4,5,19,468,444,1,5,18,463,5,1200,732,79,85,158,0,1,5,9,3,7,7,66,11,20,12
17,DOLJ,"UNIVERSITATEA DE MEDICINĂ ŞI FARMACIE, (SEDIUL VECHI)",33,"MUNICIPIUL CRAIOVA",69900,1,PART,PRCNCT,CL,CL_SV,"2024-06-10 07:38:42",1026,985,11,10,20,422,392,0,10,20,409,13,1200,778,48,76,191,0,2,2,4,3,4,1,57,6,12,3
17,DOLJ,"UNIVERSITATEA DIN CRAIOVA",9,"MUNICIPIUL CRAIOVA",69900,1,PART,PRCNCT,CL,CL_SV,"2024-06-10 04:18:15",912,894,10,8,0,402,394,0,8,0,393,9,1100,698,58,66,157,2,0,7,1,4,1,5,71,9,9,3
17,DOLJ,"UNIVERSITATEA DIN CRAIOVA",10,"MUNICIPIUL CRAIOVA",69900,1,PROV,PRCNCT,CL,CL_SV,"2024-06-10 03:59:49",932,908,17,7,0,468,461,0,7,0,459,9,1100,632,79,86,158,2,5,4,4,1,3,6,74,10,22,5
17,DOLJ,"UNIVERSITATEA DIN CRAIOVA",8,"MUNICIPIUL CRAIOVA",69900,1,PROV,PRCNCT,CL,CL_SV,"2024-06-10 08:55:40",1618,1602,4,12,0,641,629,0,12,0,629,12,1600,930,105,81,238,1,7,1,2,11,2,4,129,11,24,13
