precinct_county_nce,precinct_county_name,precinct_name,precinct_nr,uat_name,uat_siruta,report_version,report_stage_code,report_type_scope_code,report_type_category_code,report_type_code,created_at,a,a1,a2,a3,a4,b,b1,b2,b3,b4,c,d,e,f,"PARTIDUL SOCIAL DEMOCRAT-voturi","PARTIDUL NAȚIONAL LIBERAL-voturi","UNIUNEA SALVAȚI ROMÂNIA-voturi","ALIANȚA PENTRU UNIREA ROMÂNILOR-voturi","UNIUNEA DEMOCRATĂ MAGHIARĂ DIN ROMÂNIA-voturi","PARTIDUL MIȘCAREA ROMÂNIA SUVERANĂ-voturi","ALIANȚA MAGHIARĂ DIN TRANSILVANIA - ERDÉLYI MAGYAR SZÖVETSÉG-voturi","FORȚA CIVICĂ MAGHIARĂ - MAGYAR POLGÁRI ERŐ-voturi"
15,COVASNA,"ARENA SEPSI",47,"MUNICIPIUL SFÂNTU GHEORGHE",63394,1,PROV,PRCNCT,CJ,CJ_SV,"2024-06-10 01:43:52",127,115,2,8,2,90,80,0,8,2,89,1,200,110,2,5,4,2,68,0,6,2
15,COVASNA,"BIROUL INFOTURISM",183,SÂNZIENI,64826,1,PROV,PRCNCT,CJ,CJ_SV,"2024-06-10 02:17:59",1196,1120,1,6,69,693,618,0,6,69,672,21,1228,535,11,3,1,5,627,0,23,2
15,COVASNA,"CĂMIN CULTURAL",50,"MUNICIPIUL SFÂNTU GHEORGHE",63394,1,PROV,PRCNCT,CJ,CJ_SV,"2024-06-10 02:40:49",393,387,0,6,0,193,187,0,6,0,190,3,504,311,4,5,3,2,142,0,3,31
15,COVASNA,"CĂMIN CULTURAL",49,"MUNICIPIUL SFÂNTU GHEORGHE",63394,1,PROV,PRCNCT,CJ,CJ_SV,"2024-06-10 02:31:23",712,703,0,5,4,312,303,0,5,4,301,11,800,488,7,10,16,2,253,0,6,7
15,COVASNA,"CĂMIN CULTURAL FLOROAIA",89,"ORAŞ ÎNTORSURA BUZĂULUI",63580,1,PROV,PRCNCT,CJ,CJ_SV,"2024-06-10 05:15:44",1180,1171,2,7,0,631,624,0,7,0,602,29,1300,669,85,134,199,160,3,20,1,0
15,COVASNA,"CĂMIN CULTURAL RACOŞUL DE SUS",74,"ORAŞ BARAOLT",63447,1,PROV,PRCNCT,CJ,CJ_SV,"2024-06-10 04:39:36",748,734,3,3,8,355,344,0,3,8,321,34,800,445,14,15,7,3,256,0,16,10
15,COVASNA,"CĂMIN CULTURAL ZĂLAN",106,BODOC,63893,1,PROV,PRCNCT,CJ,CJ_SV,"2024-06-10 05:14:16",533,523,1,0,9,297,288,0,0,9,288,9,600,303,8,2,2,4,266,0,4,2
15,COVASNA,"CĂMINUL CULTURAL BAŢANII MICI",99,BĂŢANI,63802,1,PROV,PRCNCT,CJ,CJ_SV,"2024-06-10 03:42:28",436,436,0,0,0,234,234,0,0,0,217,17,492,258,5,0,5,3,197,0,3,4
15,COVASNA,"CĂMINUL CULTURAL BIBORŢENI",70,"ORAŞ BARAOLT",63447,1,PROV,PRCNCT,CJ,CJ_SV,"2024-06-10 07:09:06",563,556,1,0,6,341,334,1,0,6,326,15,600,259,9,3,9,2,274,0,20,9
15,COVASNA,"CĂMINUL CULTURAL BIXAD",103,BIXAD,65121,1,PROV,PRCNCT,CJ,CJ_SV,"2024-06-10 04:53:30",1390,1362,4,3,21,645,621,0,3,21,615,30,1528,883,32,3,6,13,523,1,14,23
15,COVASNA,"CĂMINUL CULTURAL BRĂDET",88,"ORAŞ ÎNTORSURA BUZĂULUI",63580,1,PROV,PRCNCT,CJ,CJ_SV,"2024-06-10 07:38:28",990,981,3,5,1,460,454,0,5,1,438,22,1100,637,68,104,127,105,3,29,1,1
15,COVASNA,"CĂMINUL CULTURAL CĂPENI",72,"ORAŞ BARAOLT",63447,1,PROV,PRCNCT,CJ,CJ_SV,"2024-06-10 03:33:44",813,806,1,0,6,405,399,0,0,6,392,13,900,495,14,5,1,0,314,0,22,36
15,COVASNA,"CĂMINUL CULTURAL CATALINA",123,CATALINA,64130,1,PROV,PRCNCT,CJ,CJ_SV,"2024-06-10 05:17:06",1085,1082,1,0,2,621,619,0,0,2,574,47,1137,516,41,11,7,12,403,3,94,3
15,COVASNA,"CĂMINUL CULTURAL CHICHIŞ",133,CHICHIŞ,64238,1,PROV,PRCNCT,CJ,CJ_SV,"2024-06-10 03:19:15",849,800,4,5,40,582,536,1,5,40,555,27,913,331,36,17,9,34,451,1,3,4
15,COVASNA,"CĂMINUL CULTURAL DALNIC",136,DALNIC,65147,1,PROV,PRCNCT,CJ,CJ_SV,"2024-06-10 04:36:34",756,754,0,2,0,407,405,0,2,0,332,75,828,421,15,14,3,2,238,0,59,1
15,COVASNA,"CĂMINUL CULTURAL DIN BODOC",104,BODOC,63893,1,PROV,PRCNCT,CJ,CJ_SV,"2024-06-10 05:45:02",935,916,3,1,15,629,612,1,1,15,612,17,990,361,12,2,1,8,574,3,10,2
15,COVASNA,"CĂMINUL CULTURAL DIN SATUL FOTOŞ",149,GHIDFALĂU,64345,1,PROV,PRCNCT,CJ,CJ_SV,"2024-06-10 01:22:31",297,291,0,0,6,215,209,0,0,6,209,6,300,85,5,2,0,1,191,0,6,4
15,COVASNA,"CĂMINUL CULTURAL DIN SATUL GHIDFALĂU",147,GHIDFALĂU,64345,1,PROV,PRCNCT,CJ,CJ_SV,"2024-06-10 01:23:24",933,914,4,2,13,427,409,3,2,13,406,21,1059,632,18,1,2,2,363,1,18,1
15,COVASNA,"CĂMINUL CULTURAL ESTELNIC",141,ESTELNIC,65154,1,PROV,PRCNCT,CJ,CJ_SV,"2024-06-10 02:12:48",714,687,2,4,21,401,375,1,4,21,378,23,690,289,10,0,3,6,346,0,11,2
15,COVASNA,"CĂMINUL CULTURAL HĂGHIG",151,HĂGHIG,64390,1,PROV,PRCNCT,CJ,CJ_SV,"2024-06-10 15:13:50",1494,1441,1,20,32,868,816,0,20,32,736,132,1615,747,252,143,23,122,101,84,6,5
15,COVASNA,"CĂMINUL CULTURAL HĂTIUCA",124,CATALINA,64130,1,PROV,PRCNCT,CJ,CJ_SV,"2024-06-10 02:27:30",369,366,1,2,0,260,258,0,2,0,248,12,399,139,10,12,4,1,167,51,3,0
15,COVASNA,"CĂMINUL CULTURAL HILIB",169,OJDULA,64602,1,PROV,PRCNCT,CJ,CJ_SV,"2024-06-10 01:43:59",212,204,1,6,1,132,125,0,6,1,125,7,300,168,8,1,0,1,104,0,11,0
15,COVASNA,"CĂMINUL CULTURAL ILIENI",153,ILIENI,64425,1,PROV,PRCNCT,CJ,CJ_SV,"2024-06-10 06:14:12",905,876,4,4,21,647,623,0,4,20,614,25,935,296,17,13,7,3,453,0,101,20
15,COVASNA,"CĂMINUL CULTURAL LISNĂU",173,OZUN,64639,1,PROV,PRCNCT,CJ,CJ_SV,"2024-06-10 01:29:55",441,436,2,3,0,199,196,0,3,0,186,13,500,301,9,16,5,9,140,0,4,3
15,COVASNA,"CĂMINUL CULTURAL LUNGA",65,"MUNICIPIUL TÂRGU SECUIESC",63740,1,PROV,PRCNCT,CJ,CJ_SV,"2024-06-10 03:29:29",978,957,1,6,14,422,402,0,6,14,402,20,1100,678,10,8,3,4,340,0,22,15
15,COVASNA,"CĂMINUL CULTURAL LUTOASA",162,MERENI,65105,1,PROV,PRCNCT,CJ,CJ_SV,"2024-06-10 00:36:13",336,321,0,3,12,201,186,0,3,12,193,8,400,199,3,0,1,1,184,0,2,2
15,COVASNA,"CĂMINUL CULTURAL MĂRCUŞA",126,CATALINA,64130,1,PROV,PRCNCT,CJ,CJ_SV,"2024-06-10 03:09:40",503,503,0,0,0,267,267,0,0,0,246,21,600,333,3,8,6,2,191,0,36,0
15,COVASNA,"CĂMINUL CULTURAL MERENI",161,MERENI,65105,1,PROV,PRCNCT,CJ,CJ_SV,"2024-06-10 02:26:58",691,662,0,6,23,396,367,0,6,23,388,8,724,328,11,3,1,6,364,0,1,2
15,COVASNA,"CĂMINUL CULTURAL NR.1 ZAGON",206,ZAGON,65011,1,PROV,PRCNCT,CJ,CJ_SV,"2024-06-10 10:57:32",1623,1527,1,23,72,1140,1044,1,23,72,1051,79,1800,670,53,28,6,19,933,7,4,1
15,COVASNA,"CĂMINUL CULTURAL OZUN",170,OZUN,64639,1,PROV,PRCNCT,CJ,CJ_SV,"2024-06-10 01:43:08",941,929,3,0,9,403,394,0,0,9,370,33,1022,619,11,28,11,8,296,1,13,2
15,COVASNA,"CĂMINUL CULTURAL PĂPĂUŢI",208,ZAGON,65011,1,PROV,PRCNCT,CJ,CJ_SV,"2024-06-10 04:27:23",989,965,2,3,19,601,579,0,3,19,574,27,1100,499,131,44,78,35,277,7,1,1
15,COVASNA,"CĂMINUL CULTURAL PETENI",212,ZĂBALA,65048,1,PROV,PRCNCT,CJ,CJ_SV,"2024-06-10 00:51:03",147,133,1,6,7,64,51,0,6,7,53,11,200,136,7,2,1,1,41,0,1,0
15,COVASNA,"CĂMINUL CULTURAL PETRICENI",186,SÂNZIENI,64826,1,PROV,PRCNCT,CJ,CJ_SV,"2024-06-10 02:32:11",696,667,0,2,27,329,300,0,2,27,310,12,800,478,5,5,5,1,287,0,4,3
15,COVASNA,"CĂMINUL CULTURAL RECI",179,RECI,64773,1,PROV,PRCNCT,CJ,CJ_SV,"2024-06-10 03:22:34",1217,1187,0,3,27,649,619,0,3,27,623,26,1200,551,16,9,6,3,576,1,10,2
15,COVASNA,"CĂMINUL CULTURAL SACIOVA",182,RECI,64773,1,PROV,PRCNCT,CJ,CJ_SV,"2024-06-10 02:13:50",114,104,0,4,6,79,69,0,4,6,71,8,200,121,2,0,1,1,66,0,0,1
15,COVASNA,"CĂMINUL CULTURAL SURCEA",213,ZĂBALA,65048,1,PROV,PRCNCT,CJ,CJ_SV,"2024-06-10 03:50:53",488,480,0,4,4,272,264,0,4,4,259,13,500,228,11,3,2,2,228,0,8,5
15,COVASNA,"CĂMINUL CULTURAL TĂLIŞOARA",118,BRĂDUŢ,64041,1,PROV,PRCNCT,CJ,CJ_SV,"2024-06-10 03:03:56",609,581,1,3,24,394,367,0,3,24,378,16,700,306,14,3,0,3,344,0,8,6
15,COVASNA,"CĂMINUL CULTURAL TAMAŞFALĂU",214,ZĂBALA,65048,1,PROV,PRCNCT,CJ,CJ_SV,"2024-06-10 05:08:04",386,375,0,7,4,186,175,0,7,4,179,7,400,214,5,2,0,2,154,0,14,2
15,COVASNA,"CĂMINUL CULTURAL TINOASA",64,"MUNICIPIUL TÂRGU SECUIESC",63740,1,PROV,PRCNCT,CJ,CJ_SV,"2024-06-10 01:37:04",352,346,0,6,0,155,149,0,6,0,148,7,400,245,3,4,2,1,122,0,13,3
15,COVASNA,"CĂMINUL CULTURAL ŢUFALAU",111,"BOROŞNEU MARE",63937,1,PROV,PRCNCT,CJ,CJ_SV,"2024-06-10 01:48:34",200,170,0,17,13,132,102,0,17,13,131,1,200,68,26,1,6,0,94,0,2,2
15,COVASNA,"CĂMINUL CULTURAL TURIA",193,TURIA,64871,1,PROV,PRCNCT,CJ,CJ_SV,"2024-06-10 01:50:57",1001,966,0,1,34,474,439,0,1,34,452,22,1061,587,11,0,3,5,425,0,6,2
15,COVASNA,"CĂMINUL CULTURAL VALEA SCURTĂ",142,ESTELNIC,65154,1,PROV,PRCNCT,CJ,CJ_SV,"2024-06-10 00:58:40",225,211,0,3,11,142,128,0,3,11,136,6,300,158,3,5,1,1,123,0,2,1
15,COVASNA,"CĂMINUL CULTURAL VÎRGHIŞ",205,VÂRGHIŞ,64997,1,PROV,PRCNCT,CJ,CJ_SV,"2024-06-10 06:02:37",1521,1443,5,7,66,814,740,1,7,66,760,54,1599,785,35,14,13,4,606,0,63,25
15,COVASNA,"CĂMINUL CULTURAL ZĂBALA",209,ZĂBALA,65048,1,PROV,PRCNCT,CJ,CJ_SV,"2024-06-10 11:52:48",1268,1232,2,8,26,597,563,0,8,26,531,66,1310,713,24,0,6,10,463,0,22,6
15,COVASNA,"CĂMINUL CULTURAL ZĂBALA (PAVA)",211,ZĂBALA,65048,1,PROV,PRCNCT,CJ,CJ_SV,"2024-06-10 02:15:58",695,683,2,5,5,242,231,1,5,5,219,23,800,558,8,5,3,7,179,1,15,1
15,COVASNA,"CĂMINUL CULTURAL ”ZSÖGÖN ZOLTÁN” OJDULA CLUBUL TINERETULUI",167,OJDULA,64602,1,PROV,PRCNCT,CJ,CJ_SV,"2024-06-10 04:47:15",1422,1409,0,5,8,557,544,0,5,8,420,137,1479,922,22,8,7,13,296,1,73,0
15,COVASNA,"CĂMINUL CULTURAL ”ZSÖGÖN ZOLTÁN” OJDULA SALA MARE",168,OJDULA,64602,1,PROV,PRCNCT,CJ,CJ_SV,"2024-06-10 05:01:57",1372,1336,1,13,22,713,678,0,13,22,645,68,1500,787,35,12,15,17,465,1,91,9
15,COVASNA,"CASA CANTORIALĂ AITA MEDIE",91,"AITA MARE",63777,1,PROV,PRCNCT,CJ,CJ_SV,"2024-06-10 05:01:28",636,615,3,3,15,303,286,1,3,13,275,23,700,402,37,32,6,1,172,0,27,0
15,COVASNA,"CASA COMUNALA MĂRTINENI",127,CATALINA,64130,1,PROV,PRCNCT,CJ,CJ_SV,"2024-06-10 01:49:57",486,483,0,3,0,293,290,0,3,0,249,44,499,206,17,4,7,3,152,0,66,0
15,COVASNA,"CASA COMUNITARĂ - PARTER",185,SÂNZIENI,64826,1,PROV,PRCNCT,CJ,CJ_SV,"2024-06-10 01:59:24",214,210,0,0,4,125,121,0,0,4,112,13,300,175,5,3,1,0,101,0,1,1
15,COVASNA,"CASA DE CULTURĂ BARAOLT",67,"ORAŞ BARAOLT",63447,1,PROV,PRCNCT,CJ,CJ_SV,"2024-06-10 07:09:20",1216,1190,2,7,17,599,575,0,7,17,568,31,1300,701,10,7,3,8,439,0,38,63
15,COVASNA,"CASA DE CULTURĂ-CHIURUŞ",82,"ORAŞ COVASNA",63526,1,PROV,PRCNCT,CJ,CJ_SV,"2024-06-10 03:39:55",414,406,0,7,1,241,233,0,7,1,217,24,524,283,20,9,2,1,181,0,0,4
15,COVASNA,"CASA DE CULTURĂ ÎNTORSURA BUZĂULUI",86,"ORAŞ ÎNTORSURA BUZĂULUI",63580,1,PROV,PRCNCT,CJ,CJ_SV,"2024-06-10 08:22:09",1209,1197,1,11,0,580,569,0,11,0,556,24,1298,718,100,130,213,98,3,12,0,0
15,COVASNA,"CASA DE CULTURĂ ”KÓNYA ÁDÁM”",1,"MUNICIPIUL SFÂNTU GHEORGHE",63394,1,PROV,PRCNCT,CJ,CJ_SV,"2024-06-10 03:27:09",1379,1357,5,9,8,669,652,0,9,8,643,26,1527,858,22,10,22,9,546,5,12,17
15,COVASNA,"CASA MULTIFUNCȚIONALĂ ”CONACUL FARKAS”",128,CERNAT,64194,1,PROV,PRCNCT,CJ,CJ_SV,"2024-06-10 02:21:46",663,636,3,0,24,377,353,0,0,24,352,25,626,249,9,2,1,1,281,0,35,23
15,COVASNA,"CASA MULTIFUNCȚIONALĂ ICAFĂLĂU",132,CERNAT,64194,1,PROV,PRCNCT,CJ,CJ_SV,"2024-06-10 01:37:45",222,221,1,0,0,127,126,1,0,0,120,7,300,173,1,0,1,2,111,0,3,2
15,COVASNA,"CASA MUNICIPALĂ DE CULTURĂ ”VIGADÓ” TÂRGU SECUIESC",51,"MUNICIPIUL TÂRGU SECUIESC",63740,1,PROV,PRCNCT,CJ,CJ_SV,"2024-06-10 02:54:23",1294,1285,0,7,2,543,534,0,7,2,521,22,1385,842,12,5,6,3,420,0,67,8
15,COVASNA,"CASA PAROHIALĂ-ANINOASA",180,RECI,64773,1,PROV,PRCNCT,CJ,CJ_SV,"2024-06-10 04:07:29",338,335,0,2,1,156,153,0,2,1,141,15,400,244,13,1,2,3,121,0,0,1
15,COVASNA,"CENTRUL CULTURAL BREŢCU",119,BREŢCU,64096,1,PROV,PRCNCT,CJ,CJ_SV,"2024-06-10 02:55:24",1103,1060,1,1,41,583,541,0,1,41,551,32,1192,609,31,61,6,9,424,2,16,2
15,COVASNA,"CENTRUL CULTURAL BREŢCU",120,BREŢCU,64096,1,PROV,PRCNCT,CJ,CJ_SV,"2024-06-10 02:58:54",855,830,1,0,24,440,415,1,0,24,385,55,900,460,77,73,15,37,173,2,5,3
15,COVASNA,"CENTRUL DE ZI PENTRU COPII IARĂȘ",152,HĂGHIG,64390,1,PROV,PRCNCT,CJ,CJ_SV,"2024-06-10 11:48:50",419,393,0,20,6,285,265,0,14,6,244,41,401,116,94,88,7,43,4,7,1,0
15,COVASNA,"CENTRUL MULTICULTURAL ”NÉRI SZENT FÜLÖP”",2,"MUNICIPIUL SFÂNTU GHEORGHE",63394,1,PROV,PRCNCT,CJ,CJ_SV,"2024-06-10 05:56:39",1364,1355,1,7,1,543,534,1,7,1,424,113,1500,957,94,12,10,14,274,0,9,11
15,COVASNA,"CENTRUL MULTIFUNCŢIONAL BELIN VALE",102,BELIN,63866,1,PROV,PRCNCT,CJ,CJ_SV,"2024-06-10 15:18:39",1186,1184,1,0,1,693,692,0,0,1,256,437,1299,606,48,33,8,121,38,1,0,7
15,COVASNA,"CLĂDIREA CĂMINULUI CULTURAL BICFALĂU",172,OZUN,64639,1,PROV,PRCNCT,CJ,CJ_SV,"2024-06-10 02:38:11",314,302,4,2,6,168,160,0,2,6,151,17,300,132,7,1,5,5,130,0,2,1
15,COVASNA,"CLĂDIREA CĂMINULUI CULTURAL VALEA MARE",199,"VALEA MARE",65099,1,PROV,PRCNCT,CJ,CJ_SV,"2024-06-10 05:09:55",938,902,1,31,4,611,575,1,31,4,584,27,993,382,485,8,8,77,1,5,0,0
15,COVASNA,"CLĂDIREA CONSILIULUI LOCAL CERNAT, ALBIŞ",131,CERNAT,64194,1,PROV,PRCNCT,CJ,CJ_SV,"2024-06-10 01:50:05",352,332,2,3,15,210,192,0,3,15,199,11,400,190,6,0,1,1,179,0,7,5
15,COVASNA,"CLĂDIRE ADMINISTRATIVĂ (FOSTUL SEDIU AL ŞCOLII) LUNCA OZUNULUI",174,OZUN,64639,1,PROV,PRCNCT,CJ,CJ_SV,"2024-06-10 00:43:40",156,144,0,5,7,89,77,0,5,7,79,10,200,111,25,13,14,18,7,0,0,2
15,COVASNA,"CLĂDIREA FOSTEI BIBLIOTECI (CONACUL PÜNKÖSTI)",171,OZUN,64639,1,PROV,PRCNCT,CJ,CJ_SV,"2024-06-10 03:56:39",1187,1181,1,0,5,604,599,0,0,5,580,24,1300,696,28,46,9,17,459,1,14,6
15,COVASNA,"CLĂDIREA FOSTEI ŞCOLI GENERALE CU CLASELE I-IV ERESTEGHIN",165,MOACŞA,64568,1,PROV,PRCNCT,CJ,CJ_SV,"2024-06-10 01:22:47",171,171,0,0,0,108,108,0,0,0,100,8,250,142,6,6,0,0,85,1,2,0
15,COVASNA,"CLĂDIREA POPICĂRIEI ZOLTAN",150,GHIDFALĂU,64345,1,PROV,PRCNCT,CJ,CJ_SV,"2024-06-10 02:22:23",364,353,0,0,11,204,193,0,0,11,191,13,400,196,6,2,4,2,159,0,15,3
15,COVASNA,"CLĂDIREA ȘCOLII ELEMENTARE",175,OZUN,64639,1,PROV,PRCNCT,CJ,CJ_SV,"2024-06-10 00:01:44",102,95,0,6,1,53,46,0,6,1,49,4,100,47,0,0,1,0,47,0,0,1
15,COVASNA,"CLĂDIRE PRIMARIEI CĂMINUL CULTURAL BAŢANII MARI",97,BĂŢANI,63802,1,PROV,PRCNCT,CJ,CJ_SV,"2024-06-10 05:49:21",1650,1635,0,3,12,885,870,0,3,12,792,93,1841,956,49,20,18,17,640,0,36,12
15,COVASNA,"CLUBUL CĂMINULUI CULTURAL BRĂDUŢ",115,BRĂDUŢ,64041,1,PROV,PRCNCT,CJ,CJ_SV,"2024-06-10 04:23:10",686,653,0,6,27,471,438,0,6,27,445,26,800,307,19,7,2,3,402,0,6,6
15,COVASNA,"CLUBUL CĂMINULUI CULTURAL DOBOŞENI",116,BRĂDUŢ,64041,1,PROV,PRCNCT,CJ,CJ_SV,"2024-06-10 05:03:06",1567,1522,1,7,37,838,794,0,7,37,751,87,1700,862,64,28,9,193,453,0,1,3
15,COVASNA,"CLUBUL CĂMINULUI CULTURAL FILIA",117,BRĂDUŢ,64041,1,PROV,PRCNCT,CJ,CJ_SV,"2024-06-10 04:31:22",938,885,0,0,53,629,580,0,0,49,604,25,963,328,15,4,6,1,569,0,3,6
15,COVASNA,"CLUBUL CĂMINULUI CULTURAL SÂNZIENI",184,SÂNZIENI,64826,1,PROV,PRCNCT,CJ,CJ_SV,"2024-06-10 00:47:42",990,957,0,0,33,543,510,0,0,33,522,21,1100,557,13,6,5,3,485,0,8,2
15,COVASNA,"CLUBUL NR. 2 ZĂBALA",210,ZĂBALA,65048,1,PROV,PRCNCT,CJ,CJ_SV,"2024-06-10 02:07:42",829,817,2,5,5,374,363,1,5,5,332,42,900,526,57,93,11,51,112,3,2,3
15,COVASNA,"CLUBUL ORĂȘENESC- COVASNA",76,"ORAŞ COVASNA",63526,1,PROV,PRCNCT,CJ,CJ_SV,"2024-06-10 03:59:30",1292,1275,4,7,6,582,569,0,7,6,563,19,1400,818,43,24,14,16,443,2,5,16
15,COVASNA,"COLEGIUL NAȚIONAL ”NAGY MÓZES” TÂRGU SECUIESC",52,"MUNICIPIUL TÂRGU SECUIESC",63740,1,PROV,PRCNCT,CJ,CJ_SV,"2024-06-10 03:24:11",1100,1090,0,5,5,515,505,0,5,5,472,43,1200,685,9,12,3,5,369,1,64,9
15,COVASNA,"COLEGIUL NAȚIONAL ”SZÉKELY MIKÓ”",3,"MUNICIPIUL SFÂNTU GHEORGHE",63394,1,PROV,PRCNCT,CJ,CJ_SV,"2024-06-10 02:30:49",1088,1062,11,8,7,528,513,0,8,7,514,14,1200,672,25,16,24,10,394,2,27,16
15,COVASNA,"DIRECŢIA FINANŢE PUBLICE MUNICIPALE",5,"MUNICIPIUL SFÂNTU GHEORGHE",63394,1,PROV,PRCNCT,CJ,CJ_SV,"2024-06-10 04:07:39",810,793,0,11,6,410,393,0,11,6,402,8,900,490,35,7,14,9,318,2,10,7
15,COVASNA,"DIRECȚIA FINANȚE PUBLICE MUNICIPALE",4,"MUNICIPIUL SFÂNTU GHEORGHE",63394,1,PROV,PRCNCT,CJ,CJ_SV,"2024-06-10 02:27:21",816,799,0,11,6,380,363,0,11,6,376,4,900,520,22,12,16,16,285,4,12,9
15,COVASNA,"GRĂDINIȚA CU PROGRAM NORMAL BELIN",101,BELIN,63866,1,PROV,PRCNCT,CJ,CJ_SV,"2024-06-10 06:23:22",1121,1078,0,4,39,717,674,0,4,39,626,91,1186,469,39,33,9,45,432,1,6,61
15,COVASNA,"GRĂDINIŢA CU PROGRAM NORMAL ”BENEDEK ELEK” TÂRGU SECUIESC",55,"MUNICIPIUL TÂRGU SECUIESC",63740,1,PROV,PRCNCT,CJ,CJ_SV,"2024-06-10 02:44:01",1243,1229,2,7,5,462,450,0,7,5,448,14,1400,938,17,18,6,9,326,1,58,13
15,COVASNA,"GRĂDINIȚA CU PROGRAM NORMAL CRASNA",191,"SITA BUZĂULUI",63688,1,PROV,PRCNCT,CJ,CJ_SV,"2024-06-10 03:13:01",451,451,0,0,0,248,248,0,0,0,236,12,500,252,38,86,11,100,0,1,0,0
15,COVASNA,"GRĂDINIȚA CU PROGRAM NORMAL NR.2 CERNAT",130,CERNAT,64194,1,PROV,PRCNCT,CJ,CJ_SV,"2024-06-10 06:46:15",880,858,0,0,22,503,481,0,0,22,454,49,1000,497,22,13,3,1,342,1,29,43
15,COVASNA,"GRĂDINIȚA CU PROGRAM NORMAL NR.3 SITA BUZĂULUI",190,"SITA BUZĂULUI",63688,1,PROV,PRCNCT,CJ,CJ_SV,"2024-06-10 04:11:31",873,870,0,1,2,512,509,0,1,2,480,32,1000,488,88,277,21,89,3,2,0,0
15,COVASNA,"GRĂDINIŢA CU PROGRAM NORMAL NR. 3 TÂRGU SECUIESC",60,"MUNICIPIUL TÂRGU SECUIESC",63740,1,PROV,PRCNCT,CJ,CJ_SV,"2024-06-10 01:43:06",903,890,1,10,2,404,392,0,10,2,390,14,1000,596,9,14,3,4,314,1,38,7
15,COVASNA,"GRĂDINIȚA CU PROGRAM NORMAL PĂDURENI",166,MOACŞA,64568,1,PROV,PRCNCT,CJ,CJ_SV,"2024-06-10 01:42:10",265,265,0,0,0,144,144,0,0,0,127,17,300,156,5,14,0,0,108,0,0,0
15,COVASNA,"GRĂDINIŢA CU PROGRAM NORMAL SÂNCRAIU",155,ILIENI,64425,1,PROV,PRCNCT,CJ,CJ_SV,"2024-06-10 03:23:31",470,453,5,2,10,325,312,1,2,10,314,11,500,175,11,14,11,8,227,4,30,9
15,COVASNA,"GRĂDINIŢA CU PROGRAM PRELUNGIT ”ÁRVÁCSKA”",24,"MUNICIPIUL SFÂNTU GHEORGHE",63394,1,PROV,PRCNCT,CJ,CJ_SV,"2024-06-10 02:41:06",817,811,0,3,3,280,274,0,3,3,269,11,900,620,23,11,6,19,198,1,8,3
15,COVASNA,"GRĂDINIŢA CU PROGRAM PRELUNGIT ”ÁRVÁCSKA”",23,"MUNICIPIUL SFÂNTU GHEORGHE",63394,1,PROV,PRCNCT,CJ,CJ_SV,"2024-06-10 03:55:54",1237,1223,1,5,8,452,439,0,5,8,432,20,1400,948,34,24,14,21,312,2,12,13
15,COVASNA,"GRĂDINIȚA CU PROGRAM PRELUNGIT ”ÁRVÁCSKA”",25,"MUNICIPIUL SFÂNTU GHEORGHE",63394,1,PROV,PRCNCT,CJ,CJ_SV,"2024-06-10 04:22:44",1151,1136,1,9,5,392,378,0,9,5,381,11,1300,908,21,10,10,19,307,0,7,7
15,COVASNA,"GRĂDINIŢA CU PROGRAM PRELUNGIT ”BENEDEK ELEK”",39,"MUNICIPIUL SFÂNTU GHEORGHE",63394,1,PROV,PRCNCT,CJ,CJ_SV,"2024-06-10 01:07:55",902,888,1,8,5,443,430,0,8,5,434,9,1000,557,26,23,18,16,326,6,9,10
15,COVASNA,"GRĂDINIŢA CU PROGRAM PRELUNGIT ”CIMBORA”",69,"ORAŞ BARAOLT",63447,1,PROV,PRCNCT,CJ,CJ_SV,"2024-06-10 06:44:52",1135,1128,2,4,1,575,570,0,4,1,535,40,1224,648,23,9,7,3,387,0,25,81
15,COVASNA,"GRĂDINIȚA CU PROGRAM PRELUNGIT ” CSIPKERÓZSIKA”",57,"MUNICIPIUL TÂRGU SECUIESC",63740,1,PROV,PRCNCT,CJ,CJ_SV,"2024-06-10 04:41:54",1325,1316,0,8,1,518,509,0,8,1,508,3,1500,989,21,10,6,7,388,0,61,15
15,COVASNA,"GRĂDINIŢA CU PROGRAM PRELUNGIT ”GULLIVER”",13,"MUNICIPIUL SFÂNTU GHEORGHE",63394,1,PROV,PRCNCT,CJ,CJ_SV,"2024-06-10 04:29:39",856,839,6,5,6,378,361,6,5,6,368,10,900,522,11,6,8,8,315,2,10,8
15,COVASNA,"GRĂDINIŢA CU PROGRAM PRELUNGIT ”GULLIVER”",12,"MUNICIPIUL SFÂNTU GHEORGHE",63394,1,PROV,PRCNCT,CJ,CJ_SV,"2024-06-10 04:18:54",943,926,6,2,9,426,415,0,2,9,416,10,1000,574,5,4,9,4,361,2,10,21
15,COVASNA,"GRĂDINIŢA CU PROGRAM PRELUNGIT ”GULLIVER”",10,"MUNICIPIUL SFÂNTU GHEORGHE",63394,1,PROV,PRCNCT,CJ,CJ_SV,"2024-06-10 04:16:39",1614,1589,8,8,9,794,778,0,8,8,790,4,1700,906,27,24,25,16,621,2,39,36
15,COVASNA,"GRĂDINIŢA CU PROGRAM PRELUNGIT ”GULLIVER”",11,"MUNICIPIUL SFÂNTU GHEORGHE",63394,1,PROV,PRCNCT,CJ,CJ_SV,"2024-06-10 04:09:47",1436,1414,4,9,9,654,637,0,9,8,634,12,1599,945,22,9,20,8,538,2,13,22
15,COVASNA,"GRĂDINIȚA CU PROGRAM PRELUNGIT ”GULLIVER”",14,"MUNICIPIUL SFÂNTU GHEORGHE",63394,1,PROV,PRCNCT,CJ,CJ_SV,"2024-06-10 02:53:39",959,941,3,13,2,408,393,0,13,2,398,10,1000,592,27,11,15,15,298,2,17,13
15,COVASNA,"GRADINIŢA CU PROGRAM PRELUNGIT ”HÓFEHÉRKE”",18,"MUNICIPIUL SFÂNTU GHEORGHE",63394,1,PROV,PRCNCT,CJ,CJ_SV,"2024-06-10 05:43:28",659,629,0,9,21,369,339,0,9,21,363,6,700,331,8,6,9,4,324,1,5,6
15,COVASNA,"GRĂDINIŢA CU PROGRAM PRELUNGIT ”MANÓCSKA” TÂRGU SECUIESC",59,"MUNICIPIUL TÂRGU SECUIESC",63740,1,PROV,PRCNCT,CJ,CJ_SV,"2024-06-10 01:49:50",1238,1228,0,10,0,499,489,0,10,0,474,25,1400,901,16,12,7,2,369,2,60,6
15,COVASNA,"GRĂDINIŢA CU PROGRAM PRELUNGIT ”NAPSUGÁR”",45,"MUNICIPIUL SFÂNTU GHEORGHE",63394,1,PROV,PRCNCT,CJ,CJ_SV,"2024-06-10 06:37:09",1011,997,3,5,6,375,364,0,5,6,361,14,1100,725,32,19,21,15,260,2,10,2
15,COVASNA,"GRĂDINIŢA CU PROGRAM PRELUNGIT ”NAPSUGÁR”",46,"MUNICIPIUL SFÂNTU GHEORGHE",63394,1,PROV,PRCNCT,CJ,CJ_SV,"2024-06-10 03:10:37",1091,1086,0,3,2,409,404,0,3,2,394,12,1200,791,60,23,33,22,236,11,6,3
15,COVASNA,"GRĂDINIŢA CU PROGRAM PRELUNGIT NR.1 COVASNA",75,"ORAŞ COVASNA",63526,1,PROV,PRCNCT,CJ,CJ_SV,"2024-06-10 02:57:51",1314,1299,2,9,4,563,550,0,9,4,537,26,1347,784,40,29,12,13,400,3,7,33
15,COVASNA,"GRĂDINIŢA CU PROGRAM PRELUNGIT NR. 2 COVASNA",79,"ORAŞ COVASNA",63526,1,PROV,PRCNCT,CJ,CJ_SV,"2024-06-10 07:57:17",1480,1463,0,7,10,666,649,0,7,10,637,29,1600,934,44,63,19,18,473,0,8,12
15,COVASNA,"GRĂDINIŢA CU PROGRAM PRELUNGIT ”PINOCCHIO”",37,"MUNICIPIUL SFÂNTU GHEORGHE",63394,1,PROV,PRCNCT,CJ,CJ_SV,"2024-06-10 03:14:36",777,771,0,5,1,330,324,0,5,1,307,10,800,483,10,10,6,11,260,1,5,4
15,COVASNA,"GRĂDINIŢA CU PROGRAM PRELUNGIT ”PINOCCHIO”",38,"MUNICIPIUL SFÂNTU GHEORGHE",63394,1,PROV,PRCNCT,CJ,CJ_SV,"2024-06-10 04:31:52",1242,1230,1,8,3,504,493,0,8,3,495,9,1400,896,55,23,38,40,314,3,10,12
15,COVASNA,"GRĂDINIȚA DE COPII (PARTER)",187,SÂNZIENI,64826,1,PROV,PRCNCT,CJ,CJ_SV,"2024-06-10 02:09:40",479,464,1,0,14,237,222,1,0,14,221,16,500,263,5,1,1,1,203,0,8,2
15,COVASNA,"GRĂDINȚA CU PROGRAM NORMAL DOBÂRLĂU",137,DOBÂRLĂU,64265,1,PROV,PRCNCT,CJ,CJ_SV,"2024-06-10 04:49:08",933,918,0,11,4,580,565,0,11,4,533,47,984,404,397,43,26,59,4,4,0,0
15,COVASNA,"LICEUL DE ARTE ”PLUGOR SÁNDOR”",22,"MUNICIPIUL SFÂNTU GHEORGHE",63394,1,PROV,PRCNCT,CJ,CJ_SV,"2024-06-10 01:09:51",759,736,2,8,13,384,363,0,8,13,375,9,800,416,0,11,9,2,325,0,11,17
15,COVASNA,"LICEUL DE ARTE ”PLUGOR SÁNDOR”",21,"MUNICIPIUL SFÂNTU GHEORGHE",63394,1,PROV,PRCNCT,CJ,CJ_SV,"2024-06-10 02:32:29",1025,992,5,14,14,560,530,2,14,14,549,11,1100,540,17,14,24,10,450,3,12,19
15,COVASNA,"LICEUL ”KŐRÖSI CSOMA SÁNDOR” -CORP A- COVASNA",77,"ORAŞ COVASNA",63526,1,PROV,PRCNCT,CJ,CJ_SV,"2024-06-10 04:32:27",1079,1063,5,8,3,485,473,1,8,3,473,12,1200,715,41,31,9,11,353,4,3,21
15,COVASNA,"LICEUL ”KŐRÖSI CSOMA SÁNDOR” -CORP B- COVASNA",78,"ORAŞ COVASNA",63526,1,PROV,PRCNCT,CJ,CJ_SV,"2024-06-10 07:16:03",1173,1157,1,9,6,566,551,0,9,6,552,14,1300,734,44,39,17,10,393,1,5,43
15,COVASNA,"LICEUL PEDAGOGIC ”BOD PÉTER” TÂRGU SECUIESC",53,"MUNICIPIUL TÂRGU SECUIESC",63740,1,PROV,PRCNCT,CJ,CJ_SV,"2024-06-10 04:49:03",1172,1155,2,4,11,508,493,0,4,11,498,10,1300,792,26,21,8,3,391,3,44,2
15,COVASNA,"LICEUL TEHNOLOGIC ECONOMIC, ADMINISTRATIV ”BERDE ÁRON”",6,"MUNICIPIUL SFÂNTU GHEORGHE",63394,1,PROV,PRCNCT,CJ,CJ_SV,"2024-06-10 03:38:43",815,800,0,12,3,353,338,0,12,3,332,6,900,6,13,14,24,22,239,1,8,11
15,COVASNA,"LICEUL TEHNOLOGIC ECONOMIC, ADMINISTRATIV ”BERDE ÁRON”",8,"MUNICIPIUL SFÂNTU GHEORGHE",63394,1,PROV,PRCNCT,CJ,CJ_SV,"2024-06-10 02:30:44",1004,987,9,6,2,476,468,0,6,2,463,13,1100,624,29,33,35,15,322,4,14,11
15,COVASNA,"LICEUL TEHNOLOGIC ECONOMIC, ADMINISTRATIV ”BERDE ÁRON”",7,"MUNICIPIUL SFÂNTU GHEORGHE",63394,1,PROV,PRCNCT,CJ,CJ_SV,"2024-06-10 05:15:25",1006,992,4,9,1,469,459,0,9,1,462,7,1100,631,47,34,23,18,303,6,12,19
15,COVASNA,"LICEUL TEHNOLOGIC ”GÁBOR ÁRON” TÂRGU SECUIESC",61,"MUNICIPIUL TÂRGU SECUIESC",63740,1,PROV,PRCNCT,CJ,CJ_SV,"2024-06-10 04:55:28",1073,1052,3,8,10,434,416,0,8,10,395,11,1200,784,19,18,8,10,289,2,40,9
15,COVASNA,"LICEUL TEHNOLOGIC ”PUSKÁS TIVADAR”",29,"MUNICIPIUL SFÂNTU GHEORGHE",63394,1,PROV,PRCNCT,CJ,CJ_SV,"2024-06-10 03:25:41",1436,1424,4,2,6,635,627,0,2,6,625,10,1600,965,55,36,43,22,445,5,14,5
15,COVASNA,"LICEUL TEHNOLOGIC ”PUSKÁS TIVADAR”",31,"MUNICIPIUL SFÂNTU GHEORGHE",63394,1,PROV,PRCNCT,CJ,CJ_SV,"2024-06-10 05:06:41",1231,1216,5,5,5,540,529,1,5,5,535,5,1400,860,44,20,35,16,396,3,13,8
15,COVASNA,"LICEUL TEHNOLOGIC ”PUSKÁS TIVADAR”",30,"MUNICIPIUL SFÂNTU GHEORGHE",63394,1,PROV,PRCNCT,CJ,CJ_SV,"2024-06-10 04:31:27",1126,1112,0,11,3,477,463,0,11,3,471,6,1200,723,38,12,21,18,362,3,10,7
15,COVASNA,"LICEUL TEHNOLOGIC ”PUSKÁS TIVADAR”",32,"MUNICIPIUL SFÂNTU GHEORGHE",63394,1,PROV,PRCNCT,CJ,CJ_SV,"2024-06-10 03:45:49",1424,1405,4,8,7,617,601,1,8,7,602,15,1500,883,62,33,32,27,414,6,15,13
15,COVASNA,"” LICEUL TEOLOGIC REFORMAT DR.CSIHA KÁLMÁN ” TÂRGU SECUIESC",54,"MUNICIPIUL TÂRGU SECUIESC",63740,1,PROV,PRCNCT,CJ,CJ_SV,"2024-06-10 04:49:44",1162,1138,9,8,7,505,490,0,8,7,493,12,1300,795,12,8,7,4,411,1,44,6
15,COVASNA,"LICEUL TEORETIC ”MIKES KELEMEN”",9,"MUNICIPIUL SFÂNTU GHEORGHE",63394,1,PROV,PRCNCT,CJ,CJ_SV,"2024-06-10 05:13:23",1255,1228,7,10,10,517,497,0,10,10,507,10,1400,883,33,21,21,11,391,1,19,10
15,COVASNA,"LICEUL TEORETIC ”MIRCEA ELIADE” ÎNTORSURA BUZĂULUI",85,"ORAŞ ÎNTORSURA BUZĂULUI",63580,1,PROV,PRCNCT,CJ,CJ_SV,"2024-06-10 07:04:17",916,900,0,13,3,403,387,0,13,3,390,13,997,594,73,60,161,80,2,13,0,1
15,COVASNA,"MUZEUL NAȚIONAL SECUIESC",15,"MUNICIPIUL SFÂNTU GHEORGHE",63394,1,PROV,PRCNCT,CJ,CJ_SV,"2024-06-10 04:14:54",1221,1185,5,11,20,572,542,0,11,19,558,14,1300,728,14,13,16,14,456,2,19,24
15,COVASNA,"MUZEUL NAȚIONAL SECUIESC",16,"MUNICIPIUL SFÂNTU GHEORGHE",63394,1,PROV,PRCNCT,CJ,CJ_SV,"2024-06-10 03:51:01",973,948,5,10,10,428,406,2,10,10,419,9,1091,663,9,6,7,9,366,0,11,11
15,COVASNA,"PARCUL INDUSTRIAL",48,"MUNICIPIUL SFÂNTU GHEORGHE",63394,1,PROV,PRCNCT,CJ,CJ_SV,"2024-06-10 01:14:02",324,315,1,6,2,146,138,0,6,2,137,9,404,258,19,4,6,6,92,0,6,4
15,COVASNA,"PAROHIA REFORMATĂ OLTENI",105,BODOC,63893,1,PROV,PRCNCT,CJ,CJ_SV,"2024-06-10 03:16:43",537,528,0,5,4,316,307,0,5,4,285,31,596,280,15,3,2,1,260,0,4,0
15,COVASNA,"PRIMĂRIA COMUNEI VALEA CRIŞULUI",197,"VALEA CRIŞULUI",64906,1,PROV,PRCNCT,CJ,CJ_SV,"2024-06-10 04:00:12",1517,1481,5,8,23,778,744,3,8,23,670,108,1602,824,46,13,3,8,591,1,7,1
15,COVASNA,"PRIMĂRIA MICFALĂU (CONSILIUL LOCAL MICFALĂU)",163,MICFALĂU,65139,1,PROV,PRCNCT,CJ,CJ_SV,"2024-06-10 04:03:28",1438,1425,6,3,4,744,737,0,3,4,715,29,1587,843,26,10,4,6,653,0,6,10
15,COVASNA,"PRIMĂRIA ORAŞULUI BARAOLT",66,"ORAŞ BARAOLT",63447,1,PROV,PRCNCT,CJ,CJ_SV,"2024-06-10 04:15:18",1102,1092,1,4,5,475,466,0,4,5,433,42,1200,725,15,11,6,12,302,0,38,49
15,COVASNA,"PRIMĂRIA SITA BUZĂULUI",188,"SITA BUZĂULUI",63688,1,PROV,PRCNCT,CJ,CJ_SV,"2024-06-10 04:25:04",1223,1212,0,8,3,730,719,0,8,3,695,35,1284,554,194,311,50,132,4,4,0,0
15,COVASNA,"SALA DE ȘEDINȚĂ A CONSILIULUI LOCAL BRATEȘ",112,BRATEŞ,64005,1,PROV,PRCNCT,CJ,CJ_SV,"2024-06-10 03:29:36",463,445,1,2,15,284,267,0,2,15,275,9,479,195,4,3,4,2,260,0,1,1
15,COVASNA,"SALA DE SPORT",17,"MUNICIPIUL SFÂNTU GHEORGHE",63394,1,PROV,PRCNCT,CJ,CJ_SV,"2024-06-10 07:02:17",1354,1301,19,11,23,844,811,1,11,21,822,21,1500,657,22,21,20,7,708,2,23,19
15,COVASNA,"ŞCOALA GIMNAZIALĂ ”ADY ENDRE”",42,"MUNICIPIUL SFÂNTU GHEORGHE",63394,1,PROV,PRCNCT,CJ,CJ_SV,"2024-06-10 01:47:49",736,726,1,4,5,276,267,0,4,5,271,5,800,524,31,33,17,28,151,6,3,2
15,COVASNA,"ŞCOALA GIMNAZIALĂ ”ADY ENDRE”",44,"MUNICIPIUL SFÂNTU GHEORGHE",63394,1,PROV,PRCNCT,CJ,CJ_SV,"2024-06-10 03:59:36",1312,1302,0,5,5,541,531,0,5,5,539,2,1500,959,45,14,36,28,383,3,14,16
15,COVASNA,"ŞCOALA GIMNAZIALĂ ”ADY ENDRE”",43,"MUNICIPIUL SFÂNTU GHEORGHE",63394,1,PROV,PRCNCT,CJ,CJ_SV,"2024-06-10 03:20:26",859,841,2,8,8,300,292,0,0,8,290,10,900,600,46,23,28,7,173,5,1,7
15,COVASNA,"ȘCOALA GIMNAZIALĂ ”ANDREI ȘAGUNA” BARCANI",93,BARCANI,63633,1,PROV,PRCNCT,CJ,CJ_SV,"2024-06-10 05:53:11",980,971,0,0,9,688,679,0,0,9,650,38,1070,382,127,374,78,59,8,2,2,0
15,COVASNA,"ȘCOALA GIMNAZIALĂ ”ANDREI ȘAGUNA” BARCANI",94,BARCANI,63633,1,PROV,PRCNCT,CJ,CJ_SV,"2024-06-10 08:12:18",996,990,0,2,4,623,617,0,2,4,571,52,1090,467,70,377,38,83,0,3,0,0
15,COVASNA,"ȘCOALA GIMNAZIALĂ ”AVRAM IANCU”-COVASNA- GIM",81,"ORAŞ COVASNA",63526,1,PROV,PRCNCT,CJ,CJ_SV,"2024-06-10 08:47:13",1089,1079,1,4,5,523,514,0,4,5,485,23,1200,546,234,107,40,63,39,2,0,0
15,COVASNA,"ȘCOALA GIMNAZIALĂ ”AVRAM IANCU”- COVASNA -PRI.",80,"ORAŞ COVASNA",63526,1,PROV,PRCNCT,CJ,CJ_SV,"2024-06-10 05:12:50",1287,1271,2,9,5,597,583,0,9,5,527,35,1400,838,142,104,41,47,182,2,0,9
15,COVASNA,"ŞCOALA GIMNAZIALĂ BĂCEL",134,CHICHIŞ,64238,1,PROV,PRCNCT,CJ,CJ_SV,"2024-06-10 00:14:45",439,431,1,7,0,190,183,0,7,0,182,8,500,310,81,26,11,47,15,1,0,1
15,COVASNA,"ȘCOALA GIMNAZIALĂ ”BARTHA KÁROLY”",107,"BOROŞNEU MARE",63937,1,PROV,PRCNCT,CJ,CJ_SV,"2024-06-10 06:14:33",1320,1256,1,49,14,606,542,1,49,14,564,42,1343,737,178,27,7,13,334,1,2,2
15,COVASNA,"ŞCOALA GIMNAZIALĂ GAÁL MÓZES BARAOLT",68,"ORAŞ BARAOLT",63447,1,PROV,PRCNCT,CJ,CJ_SV,"2024-06-10 05:17:53",1183,1176,1,6,0,599,593,0,6,0,554,39,1300,707,19,19,4,12,378,3,46,73
15,COVASNA,"ŞCOALA GIMNAZIALĂ ”GÖDRI FERENC”",26,"MUNICIPIUL SFÂNTU GHEORGHE",63394,1,PROV,PRCNCT,CJ,CJ_SV,"2024-06-10 04:47:13",1225,1204,2,13,6,426,407,0,13,6,415,11,1400,974,35,9,17,17,323,1,8,5
15,COVASNA,"ŞCOALA GIMNAZIALĂ ”JANCSÓ BENEDEK” GHELINŢA",143,GHELINŢA,64318,1,PROV,PRCNCT,CJ,CJ_SV,"2024-06-10 04:56:53",1459,1390,0,4,65,820,751,0,4,65,765,55,1568,748,15,17,4,15,667,0,24,23
15,COVASNA,"ŞCOALA GIMNAZIALĂ ”JANCSÓ BENEDEK” GHELINŢA",144,GHELINŢA,64318,1,PROV,PRCNCT,CJ,CJ_SV,"2024-06-10 05:38:56",1428,1391,1,2,34,627,591,0,2,34,492,135,1500,872,10,7,4,16,424,0,11,20
15,COVASNA,"ŞCOALA GIMNAZIALĂ LĂDĂUŢI",95,BARCANI,63633,1,PROV,PRCNCT,CJ,CJ_SV,"2024-06-10 04:34:25",554,548,0,5,1,351,345,0,5,1,323,28,600,249,50,221,19,32,0,1,0,0
15,COVASNA,"ŞCOALA GIMNAZIALĂ ”MIHAIL SADOVEANU” ÎNTORSURA BUZĂULUI",83,"ORAŞ ÎNTORSURA BUZĂULUI",63580,1,PROV,PRCNCT,CJ,CJ_SV,"2024-06-10 05:21:58",1076,1070,0,6,0,528,522,0,6,0,500,28,1215,687,86,119,192,80,3,17,0,3
15,COVASNA,"ŞCOALA GIMNAZIALĂ ”MIHAIL SADOVEANU” ÎNTORSURA BUZĂULUI",84,"ORAŞ ÎNTORSURA BUZĂULUI",63580,1,PROV,PRCNCT,CJ,CJ_SV,"2024-06-10 06:20:46",1207,1200,0,7,0,606,599,0,7,0,569,37,1297,691,98,107,214,123,5,20,1,1
15,COVASNA,"ŞCOALA GIMNAZIALĂ ”MOLNÁR JOZSIÁS” TÂRGU SECUIESC",62,"MUNICIPIUL TÂRGU SECUIESC",63740,1,PROV,PRCNCT,CJ,CJ_SV,"2024-06-10 02:03:16",1121,1109,4,6,2,556,548,0,6,2,541,15,1200,634,9,13,2,6,444,3,55,9
15,COVASNA,"ŞCOALA GIMNAZIALĂ ”NICOLAE COLAN”",35,"MUNICIPIUL SFÂNTU GHEORGHE",63394,1,PROV,PRCNCT,CJ,CJ_SV,"2024-06-10 03:18:33",801,788,1,7,5,316,303,1,7,5,315,1,900,584,19,17,11,8,242,3,9,6
15,COVASNA,"ŞCOALA GIMNAZIALĂ ”NICOLAE COLAN”",34,"MUNICIPIUL SFÂNTU GHEORGHE",63394,1,PROV,PRCNCT,CJ,CJ_SV,"2024-06-10 02:36:15",951,936,0,9,6,400,385,0,9,6,393,7,1000,600,27,22,25,12,288,2,12,5
15,COVASNA,"ŞCOALA GIMNAZIALĂ ”NICOLAE COLAN”",36,"MUNICIPIUL SFÂNTU GHEORGHE",63394,1,PROV,PRCNCT,CJ,CJ_SV,"2024-06-10 02:46:24",693,681,2,7,3,252,242,0,7,3,232,7,808,566,14,3,8,12,185,2,2,6
15,COVASNA,"ȘCOALA GIMNAZIALĂ ”NICOLAE COLAN”",33,"MUNICIPIUL SFÂNTU GHEORGHE",63394,1,PROV,PRCNCT,CJ,CJ_SV,"2024-06-10 02:52:53",1058,1043,1,8,6,466,452,0,8,6,459,7,1100,634,54,19,17,23,326,1,11,8
15,COVASNA,"ŞCOALA GIMNAZIALĂ NR.2 SITA BUZĂULUI",189,"SITA BUZĂULUI",63688,1,PROV,PRCNCT,CJ,CJ_SV,"2024-06-10 04:32:48",830,817,5,6,2,442,433,1,6,2,420,22,900,458,111,235,21,51,1,1,0,0
15,COVASNA,"ŞCOALA GIMNAZIALĂ OITUZ",122,BREŢCU,64096,1,PROV,PRCNCT,CJ,CJ_SV,"2024-06-10 02:18:37",256,248,0,8,0,166,158,0,8,0,126,7,300,167,13,44,1,3,62,0,1,2
15,COVASNA,"ŞCOALA GIMNAZIALĂ ”ORBAN BALAZS” MOACŞA",164,MOACŞA,64568,1,PROV,PRCNCT,CJ,CJ_SV,"2024-06-10 01:40:11",562,561,1,0,0,300,300,0,0,0,286,14,640,340,9,18,2,4,253,0,0,0
15,COVASNA,"ŞCOALA GIMNAZIALĂ ”PETŐFI SÁNDOR” TÂRGU SECUIESC",56,"MUNICIPIUL TÂRGU SECUIESC",63740,1,PROV,PRCNCT,CJ,CJ_SV,"2024-06-10 04:31:43",1218,1208,4,6,0,533,527,0,6,0,517,16,1300,767,12,15,12,3,396,0,61,18
15,COVASNA,"ŞCOALA GIMNAZIALĂ SĂRĂMAŞ",96,BARCANI,63633,1,PROV,PRCNCT,CJ,CJ_SV,"2024-06-10 04:44:40",560,548,0,12,0,374,362,0,12,0,343,31,593,219,36,215,23,61,4,3,0,1
15,COVASNA,"ȘCOALA GIMNAZIALĂ ”TREFÁN LEONÁRD” POIAN",177,POIAN,64719,1,PROV,PRCNCT,CJ,CJ_SV,"2024-06-10 02:21:57",1003,955,1,1,46,629,582,0,1,46,584,45,1100,471,28,14,7,6,398,0,128,3
15,COVASNA,"ŞCOALA GIMNAZIALĂ ”TUROCZI MÓZES” TÂRGU SECUIESC",58,"MUNICIPIUL TÂRGU SECUIESC",63740,1,PROV,PRCNCT,CJ,CJ_SV,"2024-06-10 02:17:53",1238,1231,0,7,0,457,450,0,7,0,442,15,1300,843,13,26,10,10,319,1,49,14
15,COVASNA,"ŞCOALA GIMNAZIALĂ VÂLCELE",204,VÂLCELE,64942,1,PROV,PRCNCT,CJ,CJ_SV,"2024-06-10 18:52:48",1166,1129,3,5,29,789,755,0,5,29,701,88,1200,411,194,67,14,405,17,3,1,0
15,COVASNA,"ŞCOALA GIMNAZIALĂ ”VÁRADI JÓZSEF”",20,"MUNICIPIUL SFÂNTU GHEORGHE",63394,1,PROV,PRCNCT,CJ,CJ_SV,"2024-06-10 15:11:00",1343,1289,6,7,41,748,699,1,7,41,684,64,1500,752,22,14,17,12,575,3,22,19
15,COVASNA,"ŞCOALA GIMNAZIALĂ ”VÁRADI JÓZSEF”",19,"MUNICIPIUL SFÂNTU GHEORGHE",63394,1,PROV,PRCNCT,CJ,CJ_SV,"2024-06-10 02:44:30",1011,998,2,8,3,460,449,0,8,3,449,11,1099,639,20,8,15,12,356,3,12,23
15,COVASNA,"ŞCOALA GIMNAZIALĂ ”VÉGH ANTAL” CERNAT",129,CERNAT,64194,1,PROV,PRCNCT,CJ,CJ_SV,"2024-06-10 04:00:43",1194,1154,1,0,39,645,606,0,0,39,604,41,1305,660,18,9,8,2,501,0,29,37
15,COVASNA,"ŞCOALA GIMNAZIALĂ ZĂBRĂTĂU",192,"SITA BUZĂULUI",63688,1,PROV,PRCNCT,CJ,CJ_SV,"2024-06-10 03:33:34",437,430,0,6,1,261,254,0,6,1,245,16,500,239,39,129,13,57,2,5,0,0
15,COVASNA,"ŞCOALA PRIMARĂ ARIUŞD",202,VÂLCELE,64942,1,PROV,PRCNCT,CJ,CJ_SV,"2024-06-10 06:27:41",365,353,0,5,7,235,223,0,5,7,206,13,400,181,121,26,3,30,25,1,0,0
15,COVASNA,"ŞCOALA PRIMARĂ ”BERDE MOZSA” SÎNTIONLUNCA",176,OZUN,64639,1,PROV,PRCNCT,CJ,CJ_SV,"2024-06-10 01:27:13",624,615,0,3,6,295,286,0,3,6,280,15,700,405,11,7,6,4,247,0,5,0
15,COVASNA,"ŞCOALA PRIMARĂ BITA",181,RECI,64773,1,PROV,PRCNCT,CJ,CJ_SV,"2024-06-10 01:32:44",212,200,2,3,7,135,125,0,3,7,134,1,233,98,3,1,0,0,128,0,1,1
15,COVASNA,"ŞCOALA PRIMARĂ ”BODA-POPOVICI” DOBOLII DE JOS",154,ILIENI,64425,1,PROV,PRCNCT,CJ,CJ_SV,"2024-06-10 04:33:10",436,412,3,4,17,286,265,0,4,17,266,20,503,217,47,21,15,18,136,1,23,5
15,COVASNA,"ŞCOALA PRIMARĂ BOROŞNEU MIC",108,"BOROŞNEU MARE",63937,1,PROV,PRCNCT,CJ,CJ_SV,"2024-06-10 01:01:44",387,363,0,20,4,226,202,0,20,4,202,24,400,174,45,7,4,3,0,1,141,1
15,COVASNA,"ȘCOALA PRIMARĂ ”BUDAI JÓZSEF” BODOȘ",71,"ORAŞ BARAOLT",63447,1,PROV,PRCNCT,CJ,CJ_SV,"2024-06-10 02:15:42",354,347,0,5,2,185,178,0,5,2,177,8,395,210,5,2,0,2,159,0,6,3
15,COVASNA,"ŞCOALA PRIMARĂ ”DR. BEDŐ ALBERT” CALNIC",198,"VALEA CRIŞULUI",64906,1,PROV,PRCNCT,CJ,CJ_SV,"2024-06-10 03:27:33",441,418,0,3,20,267,244,0,3,20,256,11,516,249,3,1,3,1,242,1,5,0
15,COVASNA,"ȘCOALA PRIMARĂ ”FORRÓ ELEK”",148,GHIDFALĂU,64345,1,PROV,PRCNCT,CJ,CJ_SV,"2024-06-10 00:18:55",558,545,4,1,8,269,260,0,1,8,256,13,600,331,6,2,2,5,234,0,5,2
15,COVASNA,"ŞCOALA PRIMARĂ ”GEORGE COŞBUC” ZAGON",207,ZAGON,65011,1,PROV,PRCNCT,CJ,CJ_SV,"2024-06-10 08:58:33",1475,1456,1,5,13,764,747,0,5,12,647,117,1583,819,167,251,28,92,65,43,1,0
15,COVASNA,"ŞCOALA PRIMARĂ HARALE",146,GHELINŢA,64318,1,PROV,PRCNCT,CJ,CJ_SV,"2024-06-10 01:23:42",203,190,0,5,8,107,94,0,5,8,103,4,300,193,3,0,0,4,93,0,2,1
15,COVASNA,"ŞCOALA PRIMARĂ HETEA",203,VÂLCELE,64942,1,PROV,PRCNCT,CJ,CJ_SV,"2024-06-10 02:54:19",304,298,0,6,0,216,210,0,6,0,166,50,375,159,41,33,1,89,2,0,0,0
15,COVASNA,"ȘCOALA PRIMARĂ ” HORVÁTH KÁROLY” TELECHIA",114,BRATEŞ,64005,1,PROV,PRCNCT,CJ,CJ_SV,"2024-06-10 02:34:13",461,447,2,2,10,234,222,0,2,10,216,18,500,266,5,0,1,0,210,0,0,0
15,COVASNA,"SCOALA PRIMARA IMENI",125,CATALINA,64130,1,PROV,PRCNCT,CJ,CJ_SV,"2024-06-10 02:14:41",239,234,0,5,0,115,110,0,5,0,109,6,300,185,8,2,1,1,74,0,22,1
15,COVASNA,"ȘCOALA PRIMARĂ ÎNTORSURA BUZĂULUI",87,"ORAŞ ÎNTORSURA BUZĂULUI",63580,1,PROV,PRCNCT,CJ,CJ_SV,"2024-06-10 05:52:34",807,807,0,0,0,488,488,0,0,0,415,73,900,412,80,123,115,87,3,7,0,0
15,COVASNA,"ŞCOALA PRIMARĂ ”JÓKAI MÓR” TURIA",194,TURIA,64871,1,PROV,PRCNCT,CJ,CJ_SV,"2024-06-10 02:29:51",668,630,0,3,35,348,310,0,3,35,330,18,700,352,4,1,2,0,312,0,9,2
15,COVASNA,"ŞCOALA PRIMARĂ LEŢ",110,"BOROŞNEU MARE",63937,1,PROV,PRCNCT,CJ,CJ_SV,"2024-06-10 02:56:49",519,487,0,13,19,320,288,0,13,19,310,10,600,280,71,5,4,2,218,0,9,1
15,COVASNA,"ȘCOALA PRIMARĂ LUNCA MĂRCUȘULUI",138,DOBÂRLĂU,64265,1,PROV,PRCNCT,CJ,CJ_SV,"2024-06-10 08:17:34",292,287,0,2,3,169,164,0,2,3,155,14,300,131,89,36,12,15,2,1,0,0
15,COVASNA,"ŞCOALA PRIMARĂ MALNAŞ BĂI",159,MALNAŞ,64504,1,PROV,PRCNCT,CJ,CJ_SV,"2024-06-10 00:11:27",354,347,0,3,4,150,143,0,3,4,144,6,400,250,8,2,1,4,116,3,8,2
15,COVASNA,"ŞCOALA PRIMARĂ MĂRCUŞ",139,DOBÂRLĂU,64265,1,PROV,PRCNCT,CJ,CJ_SV,"2024-06-10 05:36:38",338,331,1,5,1,189,183,0,5,1,183,6,400,211,112,29,11,29,0,2,0,0
15,COVASNA,"ŞCOALA PRIMARĂ MĂRTĂNUŞ",121,BREŢCU,64096,1,PROV,PRCNCT,CJ,CJ_SV,"2024-06-10 04:23:56",613,598,0,5,10,274,259,0,5,10,255,19,700,426,28,52,2,13,153,1,3,3
15,COVASNA,"ȘCOALA PRIMARĂ MICLOŞOARA",73,"ORAŞ BARAOLT",63447,1,PROV,PRCNCT,CJ,CJ_SV,"2024-06-10 01:52:28",328,308,1,3,16,181,162,0,3,16,171,10,399,218,8,2,4,1,131,0,19,6
15,COVASNA,"ŞCOALA PRIMARĂ NR.2 GHELINŢA",145,GHELINŢA,64318,1,PROV,PRCNCT,CJ,CJ_SV,"2024-06-10 06:57:40",1151,1102,0,1,48,692,643,0,1,48,642,50,1200,508,25,10,6,12,570,0,2,17
15,COVASNA,"ŞCOALA PRIMARĂ NR.2 LEMNIA DE SUS",157,LEMNIA,64461,1,PROV,PRCNCT,CJ,CJ_SV,"2024-06-10 06:26:31",851,826,0,2,23,390,365,0,2,23,360,30,900,510,8,4,0,0,337,1,5,5
15,COVASNA,"ŞCOALA PRIMARĂ NR.3 TURIA",195,TURIA,64871,1,PROV,PRCNCT,CJ,CJ_SV,"2024-06-10 02:23:53",1172,1147,0,0,25,535,510,0,0,25,497,38,1300,765,29,8,4,7,445,0,1,3
15,COVASNA,"ŞCOALA PRIMARĂ ”REMÉNYIK SÁNDOR” ALUNGENI",196,TURIA,64871,1,PROV,PRCNCT,CJ,CJ_SV,"2024-06-10 02:14:27",250,226,4,0,20,146,126,0,0,20,140,6,300,154,3,1,0,1,134,0,1,0
15,COVASNA,"ŞCOALA PRIMARĂ RUSENI, TÂRGU SECUIESC",63,"MUNICIPIUL TÂRGU SECUIESC",63740,1,PROV,PRCNCT,CJ,CJ_SV,"2024-06-10 04:54:58",609,602,1,5,1,353,347,0,5,1,348,5,600,247,6,10,3,6,268,1,41,13
15,COVASNA,"ŞCOALA PRIMARĂ ”TUZSON JÁNOS” BELANI",178,POIAN,64719,1,PROV,PRCNCT,CJ,CJ_SV,"2024-06-10 01:04:34",393,379,2,1,11,242,230,0,1,11,225,17,431,189,5,3,1,0,182,0,34,0
15,COVASNA,"ŞCOALA PRIMARĂ VALEA DOBÂRLĂULUI",140,DOBÂRLĂU,64265,1,PROV,PRCNCT,CJ,CJ_SV,"2024-06-10 05:42:51",264,258,0,4,2,170,164,0,4,2,159,11,302,132,98,24,6,28,2,1,0,0
15,COVASNA,"ŞCOALA PRIMARĂ VALEA ZĂLANULUI",160,MALNAŞ,64504,1,PROV,PRCNCT,CJ,CJ_SV,"2024-06-09 23:41:35",91,90,0,1,0,43,42,0,1,0,42,1,100,57,1,1,0,0,40,0,0,0
15,COVASNA,"ȘCOALA PRIMARĂ ” VIDA ANDRÁS” PACHIA",113,BRATEŞ,64005,1,PROV,PRCNCT,CJ,CJ_SV,"2024-06-10 02:28:14",254,247,0,0,7,151,144,0,0,7,144,7,300,149,6,5,2,0,129,0,0,2
15,COVASNA,"SCOLA PRIMARĂ DOBOLII DE SUS",109,"BOROŞNEU MARE",63937,1,PROV,PRCNCT,CJ,CJ_SV,"2024-06-10 04:17:54",214,182,0,32,0,147,115,0,32,0,139,7,200,54,81,0,0,2,56,0,0,0
15,COVASNA,"SEDIUL CONSILIULUI LOCAL ARCUŞ",92,ARCUŞ,65113,1,PROV,PRCNCT,CJ,CJ_SV,"2024-06-10 16:45:39",1434,1400,7,0,27,875,848,0,0,27,847,28,1566,689,23,14,7,5,761,3,25,9
15,COVASNA,"SEDIUL DE DEPLASARE AL PRIMARIEI ÎN AITA SEACĂ",98,BĂŢANI,63802,1,PROV,PRCNCT,CJ,CJ_SV,"2024-06-10 04:28:01",574,559,0,7,8,297,282,0,7,8,243,46,600,311,17,4,5,6,195,1,11,4
15,COVASNA,"SEDIUL DE DEPLASARE AL PRIMARIEI ÎN SATUL HERCULIAN",100,BĂŢANI,63802,1,PROV,PRCNCT,CJ,CJ_SV,"2024-06-10 04:33:00",932,923,0,0,9,456,447,0,0,9,347,109,1000,544,32,12,6,25,256,1,9,6
15,COVASNA,"SEDIUL PRIMĂRIEI",158,MALNAŞ,64504,1,PROV,PRCNCT,CJ,CJ_SV,"2024-06-10 00:42:45",397,386,0,0,11,242,231,0,0,11,230,12,427,185,1,2,1,1,219,1,2,3
15,COVASNA,"SEDIUL PRIMARIEI COMANDĂU",135,COMANDĂU,63553,1,PROV,PRCNCT,CJ,CJ_SV,"2024-06-10 03:03:28",801,776,2,2,21,446,423,0,2,21,403,43,876,430,15,11,7,10,332,0,2,26
15,COVASNA,"SEDIUL PRIMĂRIEI COMUNEI AITA MARE",90,"AITA MARE",63777,1,PROV,PRCNCT,CJ,CJ_SV,"2024-06-10 03:20:37",715,689,4,8,14,379,357,0,8,14,364,15,772,393,5,8,2,7,335,0,5,2
15,COVASNA,"SEDIUL PRIMĂRIEI ÎN SATUL ARACI-CORPUL A",200,VÂLCELE,64942,1,PROV,PRCNCT,CJ,CJ_SV,"2024-06-10 06:32:28",667,649,0,3,15,437,419,0,3,15,360,77,700,263,86,209,3,26,34,1,0,1
15,COVASNA,"SEDIUL PRIMĂRIEI ÎN SATUL ARACI-CORPUL B",201,VÂLCELE,64942,1,PROV,PRCNCT,CJ,CJ_SV,"2024-06-10 07:58:12",987,976,1,3,7,653,643,0,3,7,535,118,1100,447,133,308,9,48,31,5,1,0
15,COVASNA,"SEDIUL PRIMĂRIEI LEMNIA",156,LEMNIA,64461,1,PROV,PRCNCT,CJ,CJ_SV,"2024-06-10 02:32:21",708,676,2,3,27,404,373,1,3,27,378,22,753,349,8,3,11,0,342,0,13,1
15,COVASNA,"ŞTRAND MUNICIPAL SFÂNTU GHEORGHE",40,"MUNICIPIUL SFÂNTU GHEORGHE",63394,1,PROV,PRCNCT,CJ,CJ_SV,"2024-06-10 03:15:27",1309,1296,5,4,4,517,508,1,4,4,501,11,1400,883,43,19,24,26,371,1,10,7
15,COVASNA,"ŞTRAND MUNICIPAL SFÂNTU GHEORGHE",41,"MUNICIPIUL SFÂNTU GHEORGHE",63394,1,PROV,PRCNCT,CJ,CJ_SV,"2024-06-10 04:28:21",1594,1563,15,12,4,703,686,1,12,4,674,29,1700,997,57,29,31,27,489,5,20,16
15,COVASNA,"UNIVERSITATEA ”SAPIENTIA” SFANTU GHEORGHE",28,"MUNICIPIUL SFÂNTU GHEORGHE",63394,1,PROV,PRCNCT,CJ,CJ_SV,"2024-06-10 02:50:26",863,842,2,6,13,373,354,0,6,13,362,11,900,527,12,10,20,10,292,4,7,7
15,COVASNA,"UNIVERSITATEA ”SAPIENTIA” SFANTU GHEORGHE",27,"MUNICIPIUL SFÂNTU GHEORGHE",63394,1,PROV,PRCNCT,CJ,CJ_SV,"2024-06-10 05:04:31",666,646,0,0,20,666,646,0,0,20,666,0,1600,934,24,22,19,10,563,1,15,12
