precinct_county_nce,precinct_county_name,precinct_name,precinct_nr,uat_name,uat_siruta,report_version,report_stage_code,report_type_scope_code,report_type_category_code,report_type_code,created_at,a,a1,a2,b,b1,b2,b3,c,d,e,f,"PARTIDUL ROMÂNIA MARE-voturi","PARTIDUL S.O.S. ROMÂNIA-voturi","PARTIDUL UMANIST SOCIAL LIBERAL-voturi","GHEORGHE VLAD-DAN-voturi","PARTIDUL ALTERNATIVA DREAPTĂ-voturi","ALIANȚA ELECTORALĂ PSD PNL-voturi","ROMÂNIA SOCIALISTĂ-voturi","PÎRVĂNESCU PAULA-MARINELA-voturi","PARTIDUL DIASPORA UNITĂ-voturi","UNIUNEA DEMOCRATĂ MAGHIARĂ DIN ROMÂNIA-voturi","PARTIDUL REÎNNOIM PROIECTUL EUROPEAN AL ROMÂNIEI-voturi","ALIANȚA AUR-voturi","PARTIDUL PATRIOȚILOR-voturi","ȘOȘOACĂ DUMITRU-SILVESTRU-voturi","ALIANȚA DREAPTA UNITĂ USR - PMP - FORȚA DREPTEI-voturi","ȘTEFĂNUȚĂ NICOLAE-BOGDĂNEL-voturi"
41,VRANCEA,"AGENŢIA JUDEŢEANĂ PENTRU PLĂŢI ŞI INSPECŢIE SOCIALĂ",33,"MUNICIPIUL FOCŞANI",174744,3,PROV,PRCNCT,EUP,EUP_SV,"2024-06-12 21:49:00",1384,1384,0,550,539,0,11,1528,976,522,28,10,30,14,23,3,246,2,6,11,0,21,72,2,0,59,23
41,VRANCEA,"AȘEZĂMÂNT CULTURAL",344,VINTILEASCA,178475,2,PROV,PRCNCT,EUP,EUP_SV,"2024-06-10 08:24:54",591,591,0,387,347,0,40,652,265,350,37,1,11,3,3,3,260,1,1,6,0,1,42,0,1,10,7
41,VRANCEA,"ATENEUL POPULAR „MAIOR GHEORGHE PASTIA” FOCȘANI",3,"MUNICIPIUL FOCŞANI",174744,2,PROV,PRCNCT,EUP,EUP_SV,"2024-06-11 09:22:50",1397,1397,0,663,621,0,42,1536,873,631,32,4,28,11,19,1,307,2,3,15,3,34,81,6,9,85,23
41,VRANCEA,"BIBLIOTECA ORĂȘENEASCĂ ”ANA GEORGESCU”",85,"ORAŞ ODOBEŞTI",175019,1,PROV,PRCNCT,EUP,EUP_SV,"2024-06-10 03:03:18",1460,1460,0,764,746,0,18,1615,851,726,38,3,30,11,14,10,462,7,1,1,13,13,104,4,2,38,13
41,VRANCEA,"CAMIN CULTURAL",119,BROŞTENI,175466,3,PROV,PRCNCT,EUP,EUP_SV,"2024-06-11 12:27:25",1361,1361,0,814,802,0,12,1501,687,748,66,1,27,5,13,1,507,3,2,8,4,5,116,6,12,19,19
41,VRANCEA,"CAMIN CULTURAL",291,STRĂOANE,177799,2,PROV,PRCNCT,EUP,EUP_SV,"2024-06-10 18:40:07",766,766,0,429,421,0,8,840,411,414,15,2,14,2,7,1,225,2,1,2,2,7,91,1,5,40,12
41,VRANCEA,"CĂMIN CULTURAL",128,CÂRLIGELE,175732,2,PROV,PRCNCT,EUP,EUP_SV,"2024-06-11 22:53:42",1108,1108,0,579,543,0,36,1217,638,546,33,0,27,1,6,0,344,0,4,10,6,6,92,24,1,19,6
41,VRANCEA,"CĂMIN CULTURAL",107,BILIEŞTI,178929,3,PROV,PRCNCT,EUP,EUP_SV,"2024-06-11 13:40:02",1053,1053,0,621,594,0,27,1158,537,588,33,3,35,1,6,1,428,4,0,7,2,11,52,0,7,21,10
41,VRANCEA,"CĂMIN CULTURAL",106,BILIEŞTI,178929,3,PROV,PRCNCT,EUP,EUP_SV,"2024-06-11 14:34:06",999,999,0,595,563,0,32,1109,514,562,33,0,14,1,12,3,404,2,3,3,1,3,57,6,6,33,14
41,VRANCEA,"CAMIN CULTURAL CALIENII-VECHI",224,NĂNEŞTI,176855,2,PROV,PRCNCT,EUP,EUP_SV,"2024-06-11 19:11:47",507,507,0,278,239,0,39,556,278,252,26,0,6,0,0,1,188,0,0,3,1,2,25,1,1,23,1
41,VRANCEA,"CAMIN CULTURAL CIORASTI",136,CIORĂŞTI,175590,2,PROV,PRCNCT,EUP,EUP_SV,"2024-06-10 18:40:11",654,654,0,353,317,0,36,716,363,311,42,5,18,2,3,1,220,0,1,1,2,0,47,1,2,5,3
41,VRANCEA,"CAMIN CULTURAL DUMBRAVENI",152,DUMBRĂVENI,175938,2,PROV,PRCNCT,EUP,EUP_SV,"2024-06-12 17:42:09",1654,1654,0,933,903,0,30,1817,884,855,78,2,58,4,19,1,531,2,5,10,5,9,132,4,13,31,29
41,VRANCEA,"CĂMIN CULTURAL FARAOANELE",333,VÂRTEŞCOIU,178689,1,PROV,PRCNCT,EUP,EUP_SV,"2024-06-10 05:12:55",974,974,0,568,553,0,15,1071,503,529,39,1,31,2,9,0,404,2,1,6,1,9,38,4,3,12,6
41,VRANCEA,"CĂMIN CULTURAL GOLEŞTI",176,GOLEŞTI,174824,2,PROV,PRCNCT,EUP,EUP_SV,"2024-06-10 19:19:10",1618,1618,0,780,768,0,12,1786,1006,754,26,5,44,11,15,5,392,6,6,18,2,18,139,1,4,71,17
41,VRANCEA,"CAMIN CULTURAL NANESTI",222,NĂNEŞTI,176855,3,PROV,PRCNCT,EUP,EUP_SV,"2024-06-11 19:42:08",975,975,0,587,514,0,73,1080,493,551,36,0,15,1,4,2,398,2,0,5,9,7,68,0,6,28,6
41,VRANCEA,"CĂMIN CULTURAL NEICU",99,"ORAŞ PANCIU",175055,3,PROV,PRCNCT,EUP,EUP_SV,"2024-06-11 13:24:46",498,498,0,255,241,0,14,553,298,230,25,1,14,1,4,2,131,1,2,3,1,3,37,0,1,22,7
41,VRANCEA,"CAMIN CULTURAL PĂULEȘTI",236,PĂULEŞTI,178910,2,PROV,PRCNCT,EUP,EUP_SV,"2024-06-12 16:30:06",581,581,0,382,364,0,18,642,260,344,38,1,11,5,11,3,218,1,5,4,2,1,29,1,3,45,4
41,VRANCEA,"CAMIN CULTURAL PAUNESTI",242,PĂUNEŞTI,177236,1,PROV,PRCNCT,EUP,EUP_SV,"2024-06-10 03:51:56",1073,1073,0,472,458,0,14,1170,698,419,53,0,22,52,12,1,200,2,1,8,0,11,67,4,2,26,11
41,VRANCEA,"CAMIN CULTURAL POIANA CRISTEI, PRIMARIA COMUNEI POIANA CRISTEI",247,"POIANA CRISTEI",177263,2,PROV,PRCNCT,EUP,EUP_SV,"2024-06-11 21:43:36",934,934,0,638,626,0,12,1025,387,535,103,0,25,0,11,0,318,0,3,0,0,0,81,2,3,84,8
41,VRANCEA,"CAMIN CULTURAL PRAHUDA",235,PALTIN,177101,1,PROV,PRCNCT,EUP,EUP_SV,"2024-06-10 05:55:04",419,419,0,265,261,0,4,458,193,245,20,0,9,0,3,0,192,0,1,0,1,0,32,0,1,3,3
41,VRANCEA,"CAMIN CULTURAL(SALA FESTIVITATI)",105,BÂRSEŞTI,175224,2,PROV,PRCNCT,EUP,EUP_SV,"2024-06-12 21:41:19",1103,1103,0,783,690,0,93,1218,435,743,40,1,17,2,16,0,544,2,1,6,4,2,107,1,6,22,12
41,VRANCEA,"CĂMIN CULTURAL SAT SPINEȘTI",357,VRÂNCIOAIA,178750,2,PROV,PRCNCT,EUP,EUP_SV,"2024-06-11 20:04:16",595,595,0,339,308,0,31,657,318,300,39,2,11,2,3,0,237,0,2,1,4,3,19,0,2,12,2
41,VRANCEA,"CĂMIN CULTURAL TĂTĂRANU",300,TĂTĂRANU,177986,1,PROV,PRCNCT,EUP,EUP_SV,"2024-06-10 04:35:31",1105,1105,0,568,549,0,19,1218,650,519,49,1,18,7,2,1,378,1,1,5,2,2,51,0,3,40,7
41,VRANCEA,"CĂMIN CULTURAL VERDEA",262,RĂCOASA,177405,1,PROV,PRCNCT,EUP,EUP_SV,"2024-06-10 04:58:35",551,551,0,348,331,0,17,607,259,307,41,0,15,1,2,0,169,2,0,4,0,1,100,1,2,10,0
41,VRANCEA,"CAMIN CULTURAL VIRTESCOIU",331,VÂRTEŞCOIU,178689,2,PROV,PRCNCT,EUP,EUP_SV,"2024-06-11 23:04:59",1271,1271,0,669,656,0,13,1401,732,626,43,2,44,5,18,3,381,1,3,15,1,9,88,1,13,30,12
41,VRANCEA,"CAMINUL CULTURAL",117,BORDEŞTI,175439,2,PROV,PRCNCT,EUP,EUP_SV,"2024-06-17 21:22:27",960,960,0,594,539,0,55,1049,455,531,63,2,21,4,10,0,331,0,1,6,3,6,60,0,3,77,7
41,VRANCEA,"CAMINUL CULTURAL",190,HOMOCEA,176445,1,PROV,PRCNCT,EUP,EUP_SV,"2024-06-10 03:55:14",1676,1676,0,469,458,0,11,1841,1372,436,33,0,54,12,2,0,309,0,0,2,6,0,37,2,7,4,1
41,VRANCEA,"CAMINUL CULTURAL",194,HOMOCEA,176445,2,PROV,PRCNCT,EUP,EUP_SV,"2024-06-10 10:06:09",992,992,0,513,508,0,5,1092,579,468,45,0,64,14,7,0,298,0,2,2,3,5,50,2,7,9,5
41,VRANCEA,"CĂMINUL CULTURAL",283,"SLOBOZIA CIORĂŞTI",177726,1,PROV,PRCNCT,EUP,EUP_SV,"2024-06-10 03:16:44",1056,1056,0,568,549,0,19,1163,595,529,39,4,51,2,1,1,332,4,4,3,2,5,86,2,8,18,6
41,VRANCEA,"CĂMINUL CULTURAL BOGZA",274,SIHLEA,177600,2,PROV,PRCNCT,EUP,EUP_SV,"2024-06-12 13:27:21",660,660,0,310,276,0,34,725,415,290,20,2,8,0,1,3,214,1,0,1,2,1,33,2,6,13,3
41,VRANCEA,"CAMINUL CULTURAL BUDESTI",149,COTEŞTI,175885,2,PROV,PRCNCT,EUP,EUP_SV,"2024-06-11 22:31:18",1469,1469,0,844,800,0,44,1625,781,803,41,4,37,2,14,5,332,5,3,7,6,11,176,5,5,177,14
41,VRANCEA,"CĂMINUL CULTURAL CÂNDEȘTI",153,DUMBRĂVENI,175938,2,PROV,PRCNCT,EUP,EUP_SV,"2024-06-10 05:39:35",1132,1132,0,657,614,0,43,1240,583,623,34,5,61,4,14,3,391,2,4,9,3,6,89,6,7,14,5
41,VRANCEA,"CĂMINUL CULTURAL ”DIMITRIE CANTEMIR”",210,MERA,176686,2,PROV,PRCNCT,EUP,EUP_SV,"2024-06-12 09:10:42",1057,1057,0,687,653,0,34,959,272,637,50,1,42,6,4,0,459,0,0,7,2,1,84,4,5,15,7
41,VRANCEA,"CĂMINUL CULTURAL HĂULIȘCA",238,PĂULEŞTI,178910,2,PROV,PRCNCT,EUP,EUP_SV,"2024-06-12 16:28:35",521,521,0,332,318,0,14,574,242,308,23,1,9,8,1,0,209,0,0,1,2,1,58,2,2,8,6
41,VRANCEA,"CĂMINUL CULTURAL „NICOLAE CIORĂSCU” GUGEŞTI",180,GUGEŞTI,176301,2,PROV,PRCNCT,EUP,EUP_SV,"2024-06-10 13:23:19",1579,1579,0,705,672,0,33,1741,1036,665,40,3,32,4,12,2,431,4,0,9,7,5,102,7,5,34,8
41,VRANCEA,"CĂMINUL CULTURAL RĂCOASA",258,RĂCOASA,177405,3,PROV,PRCNCT,EUP,EUP_SV,"2024-06-13 08:51:38",897,897,0,476,460,0,16,985,510,443,32,2,16,2,3,0,268,2,2,2,3,2,109,0,0,17,15
41,VRANCEA,"CAMINUL CULTURAL STRAOANE DE JOS",289,STRĂOANE,177799,1,PROV,PRCNCT,EUP,EUP_SV,"2024-06-10 04:13:06",1097,1097,0,562,553,0,9,1216,654,536,26,3,32,2,9,1,339,1,1,8,5,6,89,2,1,32,5
41,VRANCEA,"CAMINUL CULTURAL STRAOANE DE SUS",290,STRĂOANE,177799,2,PROV,PRCNCT,EUP,EUP_SV,"2024-06-10 19:00:08",702,702,0,371,357,0,14,777,406,355,16,3,9,2,9,2,184,2,2,0,0,4,100,2,5,25,6
41,VRANCEA,"CĂMINUL CULTURAL VASILE ȚIROIU BOLOTEȘTI",111,BOLOTEŞTI,175368,1,PROV,PRCNCT,EUP,EUP_SV,"2024-06-10 03:27:42",596,596,0,311,294,0,17,652,341,292,19,2,12,1,3,0,174,1,0,1,4,9,54,3,2,15,11
41,VRANCEA,"CASA OBŞTII TULNICI",310,TULNICI,178117,2,PROV,PRCNCT,EUP,EUP_SV,"2024-06-10 16:14:48",1140,1140,0,593,560,0,33,1261,668,536,57,2,22,1,5,1,385,0,1,5,3,8,74,0,1,12,16
41,VRANCEA,"CASA OBŞTII TULNICI",309,TULNICI,178117,2,PROV,PRCNCT,EUP,EUP_SV,"2024-06-10 10:40:13",1138,1138,0,606,579,0,27,1259,653,542,64,3,29,0,13,1,421,0,1,2,2,4,48,0,3,10,5
41,VRANCEA,"CASA PRAZNICALĂ CIOLĂNEȘTI",168,FITIONEŞTI,176150,1,PROV,PRCNCT,EUP,EUP_SV,"2024-06-10 02:07:06",129,129,0,85,72,0,13,141,56,85,0,0,2,0,2,2,43,0,0,0,0,1,18,3,0,13,1
41,VRANCEA,"CASA PRAZNICALĂ FITIONEȘTI",166,FITIONEŞTI,176150,2,PROV,PRCNCT,EUP,EUP_SV,"2024-06-10 20:26:31",643,643,0,363,347,0,16,707,344,341,22,1,21,7,8,2,175,1,1,4,3,6,54,2,2,49,5
41,VRANCEA,"CASA PRAZNICALĂ GHIMICEȘTI",169,FITIONEŞTI,176150,1,PROV,PRCNCT,EUP,EUP_SV,"2024-06-10 04:17:17",299,299,0,174,156,0,18,331,157,146,28,5,9,0,7,1,59,3,0,9,0,1,18,2,0,32,0
41,VRANCEA,"CENTRU COMUNITAR MULTIFUNCȚIONAL CORBIȚA",145,CORBIŢA,175787,2,PROV,PRCNCT,EUP,EUP_SV,"2024-06-12 21:27:29",255,255,0,148,144,0,4,280,132,132,16,2,8,0,0,1,97,2,0,0,0,0,10,1,1,8,2
41,VRANCEA,"CENTRU DE ZI, CANTINĂ SOCIALĂ ȘI ÎNGRIJIRE LA DOMICILIU PENTRU PERSOANE VÂRSTNICE",140,CIORĂŞTI,175590,1,PROV,PRCNCT,EUP,EUP_SV,"2024-06-10 01:50:58",270,270,0,178,167,0,11,296,118,148,30,0,3,1,3,0,101,0,0,1,2,1,31,0,0,4,1
41,VRANCEA,"CENTRUL DE RECUPERARE PENTRU PERSOANE CU HANDICAP",96,"ORAŞ PANCIU",175055,2,PROV,PRCNCT,EUP,EUP_SV,"2024-06-10 10:35:39",399,399,0,254,239,0,15,442,188,244,10,1,16,0,3,0,99,1,1,7,0,4,63,3,6,36,4
41,VRANCEA,"CENTRU PENTRU EDUCAȚIE TIMPURIE ”LUMEA COPIILOR”",89,"ORAŞ ODOBEŞTI",175019,2,PROV,PRCNCT,EUP,EUP_SV,"2024-06-11 09:58:43",785,785,0,471,458,0,13,860,389,449,22,3,18,1,11,0,246,2,5,6,0,8,83,9,2,44,11
41,VRANCEA,"COLEGIUL NAŢIONAL ”AL. I. CUZA”",22,"MUNICIPIUL FOCŞANI",174744,1,PROV,PRCNCT,EUP,EUP_SV,"2024-06-10 09:53:22",838,838,0,398,335,0,63,923,525,380,18,1,15,12,9,3,160,3,4,15,2,27,59,3,2,52,13
41,VRANCEA,"COLEGIUL NAȚIONAL „EMIL BOTTA” - CORP B - SALA DE FESTIVITĂȚI",60,"MUNICIPIUL ADJUD",174860,2,PROV,PRCNCT,EUP,EUP_SV,"2024-06-12 16:03:18",865,865,0,367,348,0,19,953,586,353,14,6,18,11,8,1,196,2,1,4,4,8,59,2,4,22,7
41,VRANCEA,"COLEGIUL NAȚIONAL PEDAGOGIC „SPIRU HARET” FOCȘANI",41,"MUNICIPIUL FOCŞANI",174744,2,PROV,PRCNCT,EUP,EUP_SV,"2024-06-11 10:20:05",1600,1600,0,760,751,0,9,1765,1005,738,22,7,33,19,30,3,344,6,6,16,3,44,100,5,4,92,26
41,VRANCEA,"COLEGIUL NAŢIONAL ”UNIREA”",30,"MUNICIPIUL FOCŞANI",174744,1,PROV,PRCNCT,EUP,EUP_SV,"2024-06-10 12:24:26",1083,1083,0,443,409,0,34,1197,754,423,20,1,19,6,16,4,216,2,0,11,1,17,48,2,3,56,21
41,VRANCEA,"COLEGIUL TEHNIC AUTO „TRAIAN VUIA”",8,"MUNICIPIUL FOCŞANI",174744,1,PROV,PRCNCT,EUP,EUP_SV,"2024-06-10 05:27:57",670,670,0,345,328,0,17,741,396,333,12,6,13,6,5,3,150,1,3,10,2,18,49,0,2,40,25
41,VRANCEA,"COLEGIUL TEHNIC AUTO „TRAIAN VUIA”",9,"MUNICIPIUL FOCŞANI",174744,2,PROV,PRCNCT,EUP,EUP_SV,"2024-06-10 16:59:48",1035,1035,0,480,472,0,8,1135,655,463,17,0,18,24,19,5,230,1,2,0,4,19,58,0,6,61,16
41,VRANCEA,"COLEGIUL TEHNIC ”EDMOND NICOLAU”",34,"MUNICIPIUL FOCŞANI",174744,1,PROV,PRCNCT,EUP,EUP_SV,"2024-06-10 05:37:37",1131,1131,0,498,483,0,15,1254,756,491,7,2,24,7,17,7,236,7,1,17,1,25,62,3,1,63,18
41,VRANCEA,"COLEGIUL TEHNIC „GHEORGHE ASACHI” FOCȘANI",23,"MUNICIPIUL FOCŞANI",174744,1,PROV,PRCNCT,EUP,EUP_SV,"2024-06-10 06:09:01",1335,1335,0,567,556,0,11,1469,902,551,16,2,20,5,13,2,241,4,5,16,2,25,94,6,2,89,25
41,VRANCEA,"COLEGIUL TEHNIC „GHEORGHE ASACHI” FOCȘANI",24,"MUNICIPIUL FOCŞANI",174744,1,PROV,PRCNCT,EUP,EUP_SV,"2024-06-10 02:59:47",1582,1582,0,632,612,0,20,1747,1115,609,23,3,33,6,14,5,297,4,7,18,4,17,90,4,6,75,26
41,VRANCEA,"COLEGIUL TEHNIC ”GHEORGHE BALŞ” A",69,"MUNICIPIUL ADJUD",174860,2,PROV,PRCNCT,EUP,EUP_SV,"2024-06-11 20:59:36",1394,1394,0,659,652,0,7,1535,876,620,39,4,38,103,15,4,295,0,4,7,3,9,89,3,3,25,18
41,VRANCEA,"COLEGIUL TEHNIC ”GHEORGHE BALŞ” B",70,"MUNICIPIUL ADJUD",174860,3,PROV,PRCNCT,EUP,EUP_SV,"2024-06-11 22:27:18",1198,1198,0,512,498,0,14,1319,807,479,33,4,40,70,11,4,212,2,3,9,3,8,79,3,6,18,7
41,VRANCEA,"COLEGIUL TEHNIC „ION MINCU” FOCȘANI",26,"MUNICIPIUL FOCŞANI",174744,2,PROV,PRCNCT,EUP,EUP_SV,"2024-06-11 10:09:14",937,937,0,417,402,0,15,1037,620,401,16,2,20,5,18,5,200,1,2,8,0,21,51,2,2,53,11
41,VRANCEA,"COLEGIUL TEHNIC „ION MINCU” FOCȘANI",27,"MUNICIPIUL FOCŞANI",174744,1,PROV,PRCNCT,EUP,EUP_SV,"2024-06-10 04:20:19",853,853,0,360,351,0,9,939,579,347,13,3,19,3,16,1,150,0,5,7,3,13,78,1,1,40,7
41,VRANCEA,"COLEGIUL TEHNIC „ION MINCU” FOCȘANI",25,"MUNICIPIUL FOCŞANI",174744,1,PROV,PRCNCT,EUP,EUP_SV,"2024-06-10 04:36:43",983,983,0,399,383,0,16,1081,682,373,26,4,20,5,11,0,190,3,6,10,2,0,67,0,2,47,6
41,VRANCEA,"COLEGIUL TEHNIC ”VALERIU D. COTEA”",21,"MUNICIPIUL FOCŞANI",174744,3,PROV,PRCNCT,EUP,EUP_SV,"2024-06-12 09:41:28",1251,1251,0,642,553,0,89,1368,726,622,20,2,36,13,17,3,298,5,6,11,3,38,92,3,4,63,28
41,VRANCEA,"CONSILIUL LOCAL TĂNĂSOAIA",296,TĂNĂSOAIA,177879,2,PROV,PRCNCT,EUP,EUP_SV,"2024-06-11 22:08:05",698,698,0,449,409,0,40,768,319,422,27,4,18,5,12,4,160,3,0,3,7,5,88,4,4,102,3
41,VRANCEA,"CONSILIUL LOCAL URECHEŞTI",318,URECHEŞTI,178279,1,PROV,PRCNCT,EUP,EUP_SV,"2024-06-10 05:08:22",1727,1727,0,883,853,0,30,1898,1015,821,62,4,43,7,19,0,527,3,2,15,8,8,142,6,12,15,10
41,VRANCEA,CREȘĂ,172,GAROAFA,176212,2,PROV,PRCNCT,EUP,EUP_SV,"2024-06-10 06:18:27",580,580,0,299,290,0,9,635,336,274,25,4,0,2,5,0,158,0,1,3,1,1,60,6,17,14,2
41,VRANCEA,"CᾸMIN CULTURAL SLOBOZIA BOTEṢTI",206,MĂICĂNEŞTI,176613,2,PROV,PRCNCT,EUP,EUP_SV,"2024-06-10 13:09:25",201,201,0,132,103,0,29,222,90,120,12,0,1,2,1,0,96,0,0,0,2,0,9,2,0,7,0
41,VRANCEA,"DIRECŢIA JUDEŢEANĂ A SPORTURILOR VRANCEA",37,"MUNICIPIUL FOCŞANI",174744,1,PROV,PRCNCT,EUP,EUP_SV,"2024-06-10 06:50:26",1350,1350,0,567,549,0,18,1491,924,546,21,3,28,9,19,3,254,3,2,14,2,20,102,6,1,59,21
41,VRANCEA,"DIRECŢIA SANITAR-VETERINARĂ",55,"MUNICIPIUL FOCŞANI",174744,2,PROV,PRCNCT,EUP,EUP_SV,"2024-06-12 11:32:02",1812,1812,0,960,829,0,131,1999,1039,918,42,4,50,12,31,6,422,4,4,26,0,40,164,4,7,123,21
41,VRANCEA,"DIRECTIA SILVICĂ VRANCEA",1,"MUNICIPIUL FOCŞANI",174744,3,PROV,PRCNCT,EUP,EUP_SV,"2024-06-12 19:41:51",1310,1310,0,602,576,0,26,1456,854,582,20,4,34,7,16,4,283,3,5,14,1,25,97,1,5,60,23
41,VRANCEA,"DISPENSARUL UMAN MIRCEŞTII VECHI",328,VÂNĂTORI,178607,2,PROV,PRCNCT,EUP,EUP_SV,"2024-06-10 06:09:36",272,272,0,144,136,0,8,298,154,142,2,0,4,2,3,0,72,0,0,3,1,3,31,1,2,15,5
41,VRANCEA,"FOSTA SCOALA GENERALA BORDEASCA NOUA",301,TĂTĂRANU,177986,2,PROV,PRCNCT,EUP,EUP_SV,"2024-06-10 13:45:56",320,320,0,170,141,0,29,354,184,155,15,1,5,1,1,0,117,1,0,0,0,0,20,1,0,7,1
41,VRANCEA,"FOSTA SCOALA GENERALA MARTINESTI",304,TĂTĂRANU,177986,3,PROV,PRCNCT,EUP,EUP_SV,"2024-06-11 10:40:37",504,504,0,265,253,0,12,557,292,245,20,0,16,0,2,0,191,1,1,1,3,1,20,0,0,9,0
41,VRANCEA,"FOSTA SCOALA GENERALA NR. 1 BORDEASCA VECHE",303,TĂTĂRANU,177986,2,PROV,PRCNCT,EUP,EUP_SV,"2024-06-11 09:19:43",838,838,0,424,403,0,21,922,498,402,22,0,16,5,1,0,309,1,2,3,4,5,44,1,1,9,1
41,VRANCEA,"FOSTA SCOALA PRIMARA VIJIITOAREA",305,TĂTĂRANU,177986,2,PROV,PRCNCT,EUP,EUP_SV,"2024-06-10 10:06:31",170,170,0,106,88,0,18,186,80,102,4,1,4,2,1,1,75,0,0,0,0,0,8,1,1,6,2
41,VRANCEA,GRĂDINIȚĂ,131,CÂRLIGELE,175732,2,PROV,PRCNCT,EUP,EUP_SV,"2024-06-10 06:43:36",543,543,0,339,307,0,32,599,260,328,11,2,11,8,0,0,243,2,1,10,2,3,26,6,3,9,2
41,VRANCEA,"GRĂDINIŢA CIORANI",256,PUFEŞTI,177352,2,PROV,PRCNCT,EUP,EUP_SV,"2024-06-12 20:22:46",802,802,0,436,427,0,9,882,446,405,31,0,10,6,13,0,142,0,1,3,1,2,196,0,4,21,6
41,VRANCEA,"GRĂDINIȚA CU PROGRAM NORMAL CHIOJDENI",132,CHIOJDENI,175509,2,PROV,PRCNCT,EUP,EUP_SV,"2024-06-10 08:17:20",506,506,0,330,315,0,15,554,224,308,22,1,3,0,1,0,261,0,0,2,6,0,29,0,0,3,2
41,VRANCEA,"GRĂDINIȚA CU PROGRAM NORMAL DUMBRAVA",97,"ORAŞ PANCIU",175055,1,PROV,PRCNCT,EUP,EUP_SV,"2024-06-10 06:12:45",400,400,0,191,184,0,7,438,247,176,15,0,8,0,6,0,90,1,0,4,1,4,32,2,2,25,1
41,VRANCEA,"GRĂDINIȚA CU PROGRAM NORMAL GOLOGANU",178,GOLOGANU,178938,1,PROV,PRCNCT,EUP,EUP_SV,"2024-06-10 06:00:01",1128,1128,0,650,626,0,24,1243,593,615,35,1,20,4,11,1,315,2,1,5,1,13,166,1,4,59,11
41,VRANCEA,"GRĂDINIȚA CU PROGRAM NORMAL JILIȘTE",284,"SLOBOZIA CIORĂŞTI",177726,2,PROV,PRCNCT,EUP,EUP_SV,"2024-06-10 07:55:10",574,574,0,320,299,0,21,633,313,299,21,1,17,4,1,0,190,1,0,5,2,0,57,0,1,11,9
41,VRANCEA,"GRĂDINIŢA CU PROGRAM NORMAL JORĂŞTI",326,VÂNĂTORI,178607,3,PROV,PRCNCT,EUP,EUP_SV,"2024-06-11 12:41:11",1282,1282,0,661,648,0,13,1411,750,612,49,6,43,8,12,6,281,2,3,7,5,12,141,5,7,63,11
41,VRANCEA,"GRĂDINIȚA CU PROGRAM NORMAL LĂMOTEȘTI",215,MILCOVUL,176748,2,PROV,PRCNCT,EUP,EUP_SV,"2024-06-10 07:35:49",875,875,0,483,483,0,0,963,480,455,28,3,24,2,9,0,259,1,1,6,4,8,62,2,5,64,5
41,VRANCEA,"GRĂDINIȚA CU PROGRAM NORMAL MILCOVUL",213,MILCOVUL,176748,1,PROV,PRCNCT,EUP,EUP_SV,"2024-06-10 04:22:23",994,994,0,545,533,0,12,1092,547,527,18,1,11,3,13,2,328,0,4,7,2,5,65,4,3,63,16
41,VRANCEA,"GRĂDINIȚA CU PROGRAM NORMAL MILCOVUL",214,MILCOVUL,176748,1,PROV,PRCNCT,EUP,EUP_SV,"2024-06-10 04:16:14",1045,1045,0,553,537,0,16,1147,594,531,22,1,21,2,3,6,312,0,0,7,6,3,89,1,6,65,9
41,VRANCEA,"GRĂDINIȚA CU PROGRAM NORMAL NR.1",98,"ORAŞ PANCIU",175055,1,PROV,PRCNCT,EUP,EUP_SV,"2024-06-10 05:02:16",688,688,0,373,355,0,18,758,385,354,19,3,23,1,10,1,165,0,0,1,1,9,67,0,7,51,15
41,VRANCEA,"GRĂDINIȚA CU PROGRAM NORMAL NR.1 FITIONEȘTI",167,FITIONEŞTI,176150,2,PROV,PRCNCT,EUP,EUP_SV,"2024-06-10 13:54:35",506,506,0,297,290,0,7,558,261,279,18,1,15,13,3,1,141,2,1,2,2,4,51,2,2,38,1
41,VRANCEA,"GRĂDINIȚA CU PROGRAM NORMAL NR.1 NĂRUJA",225,NĂRUJA,176891,2,PROV,PRCNCT,EUP,EUP_SV,"2024-06-12 16:24:40",965,965,0,632,602,0,30,1062,430,604,28,1,24,0,13,0,437,3,1,1,1,20,79,0,9,7,8
41,VRANCEA,"GRĂDINIȚA CU PROGRAM NORMAL NR.2 POPEȘTI",253,POPEŞTI,178901,2,PROV,PRCNCT,EUP,EUP_SV,"2024-06-11 19:20:52",905,905,0,527,516,0,11,994,467,499,28,1,37,2,11,0,248,0,3,4,7,5,149,5,10,7,10
41,VRANCEA,"GRĂDINIȚA CU PROGRAM NORMAL NR. 2 SURAIA",295,SURAIA,177842,2,PROV,PRCNCT,EUP,EUP_SV,"2024-06-11 19:43:20",1571,1571,0,812,770,0,42,1720,908,759,53,2,40,2,8,4,504,1,1,5,18,14,69,10,7,69,5
41,VRANCEA,"GRĂDINIȚA CU PROGRAM NORMAL NR.3 GUGEŞTI",182,GUGEŞTI,176301,2,PROV,PRCNCT,EUP,EUP_SV,"2024-06-10 07:28:34",868,868,0,405,386,0,19,954,549,383,22,2,25,5,5,0,238,2,2,5,1,2,59,4,6,26,1
41,VRANCEA,"GRĂDINIȚA CU PROGRAM NORMAL NR.3 (STRUCTURA CARAGEA)",88,"ORAŞ ODOBEŞTI",175019,1,PROV,PRCNCT,EUP,EUP_SV,"2024-06-10 06:31:48",901,901,0,461,443,0,18,997,536,440,21,2,23,4,7,2,269,3,1,13,5,15,56,4,5,23,8
41,VRANCEA,"GRĂDINIŢA CU PROGRAM NORMAL NR. 4 FOCȘANI",57,"MUNICIPIUL FOCŞANI",174744,2,PROV,PRCNCT,EUP,EUP_SV,"2024-06-12 17:18:43",1543,1543,0,685,662,0,23,1700,1015,653,32,3,31,6,20,2,330,4,6,15,5,37,88,4,5,74,23
41,VRANCEA,"GRĂDINIȚA CU PROGRAM NORMAL NR. 4 (STRUCTURA UNIREA)",90,"ORAŞ ODOBEŞTI",175019,1,PROV,PRCNCT,EUP,EUP_SV,"2024-06-10 04:50:49",1614,1614,0,733,712,0,21,1784,1051,685,48,1,51,11,13,1,375,4,1,15,4,13,128,1,9,43,15
41,VRANCEA,"GRĂDINIȚA CU PROGRAM NORMAL PALTIN",234,PALTIN,177101,2,PROV,PRCNCT,EUP,EUP_SV,"2024-06-11 22:16:19",1085,1085,0,759,719,0,40,1183,424,695,64,4,51,2,9,0,480,4,3,4,4,10,78,2,9,19,16
41,VRANCEA,"GRĂDINIŢA CU PROGRAM NORMAL RĂDULEŞTI",330,VÂNĂTORI,178607,1,PROV,PRCNCT,EUP,EUP_SV,"2024-06-10 04:54:11",701,701,0,346,336,0,10,774,428,325,21,1,16,1,2,0,187,1,3,4,3,1,77,0,3,23,3
41,VRANCEA,"GRĂDINIŢA CU PROGRAM NORMAL RUCĂRENI",286,SOVEJA,177762,2,PROV,PRCNCT,EUP,EUP_SV,"2024-06-12 19:41:21",679,679,0,429,380,0,49,747,318,399,30,2,9,2,10,0,305,0,2,1,3,3,34,3,3,15,7
41,VRANCEA,"GRĂDINIȚA CU PROGRAM NORMAL SATU NOU",95,"ORAŞ PANCIU",175055,2,PROV,PRCNCT,EUP,EUP_SV,"2024-06-12 13:12:27",765,765,0,400,380,0,20,842,442,388,12,4,34,7,3,2,162,4,2,8,6,3,101,2,2,43,5
41,VRANCEA,"GRADINITA CU PROGRAM NORMAL STUPINA",208,MĂICĂNEŞTI,176613,2,PROV,PRCNCT,EUP,EUP_SV,"2024-06-11 09:27:04",259,259,0,206,184,0,22,285,79,186,20,0,3,2,2,2,133,1,1,3,2,1,16,0,0,3,17
41,VRANCEA,"GRĂDINIȚA CU PROGRAM NORMAL VARNIȚA",261,RĂCOASA,177405,3,PROV,PRCNCT,EUP,EUP_SV,"2024-06-12 15:38:15",447,447,0,212,207,0,5,489,275,193,19,1,12,1,1,1,96,0,0,1,0,4,57,1,0,15,3
41,VRANCEA,"GRADINITA CU PROGRAM NORMAL VIISOARA",243,PĂUNEŞTI,177236,2,PROV,PRCNCT,EUP,EUP_SV,"2024-06-10 13:05:59",779,779,0,356,345,0,11,854,498,313,43,2,10,47,10,0,140,0,4,5,1,5,67,3,6,10,3
41,VRANCEA,"GRĂDINIȚA CU PROGRAM NORNAL SÎRBI",317,ŢIFEŞTI,178180,2,PROV,PRCNCT,EUP,EUP_SV,"2024-06-10 05:27:08",587,587,0,302,291,0,11,650,348,276,26,0,7,2,6,2,179,1,2,1,1,1,48,1,0,21,4
41,VRANCEA,"GRĂDINIŢA CU PROGRAM PRELUNGIT GOLEŞTI",177,GOLEŞTI,174824,2,PROV,PRCNCT,EUP,EUP_SV,"2024-06-10 09:00:41",967,967,0,476,471,0,5,1066,590,461,15,1,22,4,9,2,233,2,3,6,8,14,112,3,3,32,7
41,VRANCEA,"GRĂDINIŢA CU PROGRAM PRELUNGIT NR. 1",54,"MUNICIPIUL FOCŞANI",174744,2,PROV,PRCNCT,EUP,EUP_SV,"2024-06-10 18:50:54",885,885,0,365,352,0,13,976,611,345,20,0,10,7,8,0,172,4,1,11,1,13,64,1,1,42,10
41,VRANCEA,"GRĂDINIŢA CU PROGRAM PRELUNGIT NR. 13",52,"MUNICIPIUL FOCŞANI",174744,2,PROV,PRCNCT,EUP,EUP_SV,"2024-06-11 08:30:36",1654,1654,0,712,699,0,13,1829,1117,681,31,6,39,12,18,5,357,3,8,17,2,32,93,1,3,55,30
41,VRANCEA,"GRĂDINIŢA CU PROGRAM PRELUNGIT NR. 13",53,"MUNICIPIUL FOCŞANI",174744,3,PROV,PRCNCT,EUP,EUP_SV,"2024-06-11 13:47:18",1753,1753,0,808,783,0,25,1933,1125,765,43,5,30,16,25,2,335,3,8,23,0,28,135,4,7,93,51
41,VRANCEA,"GRĂDINIŢA CU PROGRAM PRELUNGIT NR. 15",16,"MUNICIPIUL FOCŞANI",174744,1,PROV,PRCNCT,EUP,EUP_SV,"2024-06-10 06:08:40",1692,1692,0,752,742,0,10,1863,1111,708,44,5,43,22,25,3,313,5,5,15,4,34,101,1,3,100,29
41,VRANCEA,"GRĂDINIŢA CU PROGRAM PRELUNGIT NR. 15",15,"MUNICIPIUL FOCŞANI",174744,1,PROV,PRCNCT,EUP,EUP_SV,"2024-06-10 06:47:34",878,878,0,393,384,0,9,963,570,374,19,7,26,13,4,4,174,2,2,9,2,15,63,1,4,36,12
41,VRANCEA,"GRĂDINIȚA CU PROGRAM PRELUNGIT NR. 15 FOCȘANI",14,"MUNICIPIUL FOCŞANI",174744,1,PROV,PRCNCT,EUP,EUP_SV,"2024-06-10 12:02:41",1454,1454,0,607,592,0,15,1606,999,577,30,3,30,9,24,2,267,1,3,19,3,18,89,2,5,71,31
41,VRANCEA,"GRĂDINIŢA CU PROGRAM PRELUNGIT NR. 16",28,"MUNICIPIUL FOCŞANI",174744,2,PROV,PRCNCT,EUP,EUP_SV,"2024-06-11 20:56:32",1248,1248,0,465,445,0,20,1382,917,444,21,4,22,11,15,2,201,4,3,11,2,15,61,4,3,61,25
41,VRANCEA,"GRĂDINIŢA CU PROGRAM PRELUNGIT NR. 16",29,"MUNICIPIUL FOCŞANI",174744,2,PROV,PRCNCT,EUP,EUP_SV,"2024-06-10 20:32:03",1540,1540,0,597,578,0,19,1705,1108,577,20,4,32,10,17,2,312,4,4,8,3,9,94,3,2,59,14
41,VRANCEA,"GRĂDINIŢA CU PROGRAM PRELUNGIT NR. 17",58,"MUNICIPIUL FOCŞANI",174744,1,PROV,PRCNCT,EUP,EUP_SV,"2024-06-10 04:22:04",1001,1001,0,430,417,0,13,1106,676,404,26,2,21,11,18,4,185,1,4,6,1,13,61,2,4,56,15
41,VRANCEA,"GRĂDINIŢA CU PROGRAM PRELUNGIT NR. 18",43,"MUNICIPIUL FOCŞANI",174744,2,PROV,PRCNCT,EUP,EUP_SV,"2024-06-12 20:09:23",976,976,0,452,441,0,11,1079,627,436,16,2,22,5,12,3,222,1,1,15,3,15,66,4,2,56,7
41,VRANCEA,"GRĂDINIȚA CU PROGRAM PRELUNGIT NR. 18 FOCȘANI",42,"MUNICIPIUL FOCŞANI",174744,2,PROV,PRCNCT,EUP,EUP_SV,"2024-06-13 08:29:57",1388,1388,0,613,599,0,14,1532,918,596,17,1,28,11,18,2,263,3,3,13,1,38,115,4,3,69,24
41,VRANCEA,"GRĂDINIŢA CU PROGRAM PRELUNGIT NR. 8",56,"MUNICIPIUL FOCŞANI",174744,2,PROV,PRCNCT,EUP,EUP_SV,"2024-06-10 18:35:37",884,884,0,376,361,0,15,980,604,355,21,4,15,9,7,3,153,4,2,5,0,0,64,2,3,63,21
41,VRANCEA,"GRĂDINIŢA CU PROGRAM PRELUNGIT PETREŞTI",329,VÂNĂTORI,178607,2,PROV,PRCNCT,EUP,EUP_SV,"2024-06-10 11:40:37",1273,1273,0,585,573,0,12,1404,819,566,19,1,49,10,7,4,245,0,1,14,5,18,106,6,11,66,23
41,VRANCEA,"GRĂDINIȚA DE COPII - SALA II",120,BROŞTENI,175466,1,PROV,PRCNCT,EUP,EUP_SV,"2024-06-10 02:48:17",526,526,0,318,314,0,4,579,261,289,29,1,18,4,3,0,153,1,0,7,0,5,76,0,1,10,10
41,VRANCEA,"GRADINITA GOLESTII DE SUS",150,COTEŞTI,175885,2,PROV,PRCNCT,EUP,EUP_SV,"2024-06-12 08:58:58",354,354,0,237,218,0,19,389,152,224,13,1,12,3,4,0,100,0,1,2,2,5,35,0,2,48,9
41,VRANCEA,"GRADINITA NR 1",360,VULTURU,178821,1,PROV,PRCNCT,EUP,EUP_SV,"2024-06-10 05:25:43",1263,1263,0,421,405,0,16,1391,970,393,28,2,15,2,8,1,227,4,5,9,4,3,66,0,2,36,9
41,VRANCEA,"GRADINITA NR. 1 CENTRU HOMOCEA",191,HOMOCEA,176445,1,PROV,PRCNCT,EUP,EUP_SV,"2024-06-10 04:32:28",1721,1721,0,551,514,0,37,1899,1348,493,58,2,59,9,4,0,331,0,0,0,0,5,63,4,7,3,6
41,VRANCEA,"GRĂDINIȚA, SAT VETREȘTI-HERĂSTRĂU",232,NISTOREŞTI,177003,3,PROV,PRCNCT,EUP,EUP_SV,"2024-06-10 16:09:23",775,775,0,480,471,0,9,853,373,435,45,1,33,5,5,0,231,4,0,9,3,2,108,3,11,14,6
41,VRANCEA,"GRADINITA SPERIETI",216,MOVILIŢA,176793,2,PROV,PRCNCT,EUP,EUP_SV,"2024-06-11 10:06:12",389,389,0,209,193,0,16,433,224,195,14,0,8,1,0,2,98,2,1,2,3,4,35,0,3,32,4
41,VRANCEA,"GRADINITA „VOINICELUL” NECULELE",347,VINTILEASCA,178475,2,PROV,PRCNCT,EUP,EUP_SV,"2024-06-10 08:30:16",360,360,0,226,205,0,21,399,173,213,13,0,9,0,4,0,163,1,0,1,0,1,28,0,1,5,0
41,VRANCEA,"IMOBIL BIROURI",139,CIORĂŞTI,175590,2,PROV,PRCNCT,EUP,EUP_SV,"2024-06-10 18:52:38",472,472,0,272,244,0,28,521,249,241,31,0,6,1,0,2,204,0,0,0,1,1,18,1,2,5,0
41,VRANCEA,"INSPECTORATUL TERITORIAL DE MUNCĂ VRANCEA",36,"MUNICIPIUL FOCŞANI",174744,2,PROV,PRCNCT,EUP,EUP_SV,"2024-06-11 09:14:39",1203,1203,0,586,567,0,19,1325,742,567,16,3,24,9,13,8,274,4,5,18,1,16,93,2,2,75,20
41,VRANCEA,"INTERNAT SCOLAR",230,NEREJU,176944,2,PROV,PRCNCT,EUP,EUP_SV,"2024-06-12 22:32:22",575,575,0,360,350,0,10,631,271,310,50,0,18,1,0,1,228,1,0,0,1,1,55,1,3,0,0
41,VRANCEA,"LICEUL DE AGRICULTURĂ ȘI INDUSTRIE ALIMENTARĂ",87,"ORAŞ ODOBEŞTI",175019,1,PROV,PRCNCT,EUP,EUP_SV,"2024-06-10 04:38:29",1582,1582,0,851,831,0,20,1742,891,800,51,9,36,4,15,1,517,4,4,7,7,12,104,9,7,41,23
41,VRANCEA,"LICEUL TEHNOLOGIC ”ALEXANDRU IOAN CUZA” PANCIU",93,"ORAŞ PANCIU",175055,2,PROV,PRCNCT,EUP,EUP_SV,"2024-06-11 11:24:31",1270,1270,0,669,631,0,38,1404,735,644,25,3,51,2,18,3,279,5,3,14,5,18,130,7,3,78,25
41,VRANCEA,"LICEUL TEHNOLOGIC ”EREMIA GRIGORESCU”",77,"ORAŞ MĂRĂŞEŞTI",174922,2,PROV,PRCNCT,EUP,EUP_SV,"2024-06-10 18:56:33",1563,1563,0,593,586,0,7,1725,1132,573,20,0,19,26,12,4,292,4,1,6,1,23,134,0,2,38,11
41,VRANCEA,"LICEUL TEHNOLOGIC ”EREMIA GRIGORESCU”",78,"ORAŞ MĂRĂŞEŞTI",174922,2,PROV,PRCNCT,EUP,EUP_SV,"2024-06-10 17:20:45",1383,1383,0,581,553,0,28,1524,943,555,26,5,32,28,6,0,247,4,4,7,2,2,146,2,2,44,24
41,VRANCEA,"LICEUL TEHNOLOGIC ”G.G.LONGINESCU”",18,"MUNICIPIUL FOCŞANI",174744,1,PROV,PRCNCT,EUP,EUP_SV,"2024-06-10 06:40:39",1396,1396,0,631,618,0,13,1533,902,583,48,9,33,5,9,3,291,6,2,13,7,16,115,4,1,55,14
41,VRANCEA,"LICEUL TEHNOLOGIC ”G.G.LONGINESCU”",17,"MUNICIPIUL FOCŞANI",174744,1,PROV,PRCNCT,EUP,EUP_SV,"2024-06-10 04:16:12",720,720,0,375,350,0,25,791,416,358,17,3,22,2,13,0,170,2,1,8,2,14,57,11,1,40,12
41,VRANCEA,"LICEUL TEORETIC ”DUILIU ZAMFIRESCU” ODOBEȘTI",86,"ORAŞ ODOBEŞTI",175019,2,PROV,PRCNCT,EUP,EUP_SV,"2024-06-11 19:46:09",1526,1526,0,807,766,0,41,1678,871,765,42,4,33,3,6,2,478,3,4,18,2,24,103,12,7,55,11
41,VRANCEA,"LICEUL TEORETIC ”GRIGORE GHEBA” DUMITREȘTI",155,DUMITREŞTI,175983,1,PROV,PRCNCT,EUP,EUP_SV,"2024-06-10 08:45:26",596,596,0,429,390,0,39,654,225,408,21,1,4,3,17,1,263,1,1,8,2,7,70,1,1,26,2
41,VRANCEA,"LICEUL TEORETIC ”IOAN SLAVICI”",92,"ORAŞ PANCIU",175055,2,PROV,PRCNCT,EUP,EUP_SV,"2024-06-11 20:52:07",1050,1050,0,485,450,0,35,1163,678,468,17,6,45,7,11,8,197,2,2,10,0,17,63,4,6,81,9
41,VRANCEA,"LICEUL TEORETIC ”IOAN SLAVICI”",91,"ORAŞ PANCIU",175055,2,PROV,PRCNCT,EUP,EUP_SV,"2024-06-10 13:34:00",1316,1316,0,616,605,0,11,1448,832,578,38,7,43,3,11,12,259,3,5,22,1,0,97,3,3,98,11
41,VRANCEA,"MUZEUL SATULUI",294,SURAIA,177842,2,PROV,PRCNCT,EUP,EUP_SV,"2024-06-11 19:17:30",1533,1533,0,742,719,0,23,1678,936,698,44,5,36,4,12,6,428,3,6,4,1,13,61,6,11,89,13
41,VRANCEA,"OBŞTEA PRISACA",323,"VALEA SĂRII",178313,1,PROV,PRCNCT,EUP,EUP_SV,"2024-06-10 01:57:40",138,138,0,102,97,0,5,149,47,99,3,0,7,0,0,0,65,1,1,0,1,0,14,1,1,7,1
41,VRANCEA,"PRIMARIA COMUNEI SIHLEA",273,SIHLEA,177600,2,PROV,PRCNCT,EUP,EUP_SV,"2024-06-10 11:04:17",1880,1880,0,1008,990,0,18,2077,1069,933,75,3,36,4,7,0,691,1,1,7,6,6,128,3,8,26,6
41,VRANCEA,PRIMARIE,143,CORBIŢA,175787,2,PROV,PRCNCT,EUP,EUP_SV,"2024-06-12 21:32:06",334,334,0,203,185,0,18,366,163,189,14,3,9,0,1,0,146,1,0,0,2,2,18,1,2,3,1
41,VRANCEA,PRIMARIE,306,TÂMBOEŞTI,178046,1,PROV,PRCNCT,EUP,EUP_SV,"2024-06-10 03:47:00",1167,1167,0,671,630,0,41,1281,610,532,139,2,12,0,6,1,421,1,2,1,5,0,63,3,4,9,2
41,VRANCEA,"SALA DE FESTIVITĂŢI MUNCEI",355,VRÂNCIOAIA,178750,2,PROV,PRCNCT,EUP,EUP_SV,"2024-06-11 18:35:28",529,529,0,314,286,0,28,581,267,290,24,2,17,1,6,1,189,3,1,1,3,0,39,1,2,20,4
41,VRANCEA,"SALA DE ȘEDINȚE MĂRĂȘTI",260,RĂCOASA,177405,2,PROV,PRCNCT,EUP,EUP_SV,"2024-06-10 08:48:35",375,375,0,205,186,0,19,414,209,184,21,1,3,0,3,0,84,0,0,2,2,0,71,2,1,14,1
41,VRANCEA,"SALA DE ŞEDINŢE ŞI WORKSHOP",354,VRÂNCIOAIA,178750,2,PROV,PRCNCT,EUP,EUP_SV,"2024-06-11 19:14:45",474,474,0,273,250,0,23,525,252,237,36,0,7,1,1,0,161,2,1,4,2,0,34,1,1,20,2
41,VRANCEA,"SALA DE SPORT",67,"MUNICIPIUL ADJUD",174860,3,PROV,PRCNCT,EUP,EUP_SV,"2024-06-12 17:37:58",1165,1165,0,553,532,0,21,1286,733,528,25,5,34,21,22,1,258,3,2,18,1,19,92,3,5,38,6
41,VRANCEA,"SALA DE SPORT VIDRA",335,VIDRA,178377,2,PROV,PRCNCT,EUP,EUP_SV,"2024-06-11 13:34:03",1455,1455,0,749,721,0,28,1603,854,709,40,1,33,1,10,1,404,1,3,10,10,18,132,4,10,46,25
41,VRANCEA,"SALĂ FESTIVITĂŢI",321,"VALEA SĂRII",178313,3,PROV,PRCNCT,EUP,EUP_SV,"2024-06-11 14:59:31",597,597,0,397,368,0,29,656,259,366,31,0,26,1,10,1,223,0,3,1,3,5,65,0,7,16,5
41,VRANCEA,"SALA SPORTURILOR",35,"MUNICIPIUL FOCŞANI",174744,3,PROV,PRCNCT,EUP,EUP_SV,"2024-06-11 16:23:18",1189,1189,0,496,491,0,5,1312,816,478,18,0,21,6,11,6,219,2,2,19,2,22,71,4,2,85,6
41,VRANCEA,"SC FREEDOM CAFE-BAR S.R.L.",59,"MUNICIPIUL FOCŞANI",174744,2,PROV,PRCNCT,EUP,EUP_SV,"2024-06-10 17:17:23",1358,1358,0,726,561,0,165,1499,773,679,47,0,47,17,14,2,320,3,3,10,3,15,168,2,7,53,15
41,VRANCEA,SCOALA,110,BOGHEŞTI,175260,2,PROV,PRCNCT,EUP,EUP_SV,"2024-06-12 16:21:59",388,388,0,290,275,0,15,426,136,268,22,0,17,24,10,0,162,1,2,1,1,2,29,0,1,15,3
41,VRANCEA,"SCOALA BECIU",332,VÂRTEŞCOIU,178689,1,PROV,PRCNCT,EUP,EUP_SV,"2024-06-10 01:45:24",355,355,0,187,179,0,8,387,200,176,11,0,3,0,2,0,135,2,1,2,0,0,23,0,1,6,1
41,VRANCEA,"SCOALA BLIDARI",129,CÂRLIGELE,175732,2,PROV,PRCNCT,EUP,EUP_SV,"2024-06-12 12:55:45",452,452,0,287,259,0,28,490,203,273,14,2,15,3,3,2,173,0,1,5,1,1,40,7,3,13,4
41,VRANCEA,"SCOALA BOTARLAU",361,VULTURU,178821,2,PROV,PRCNCT,EUP,EUP_SV,"2024-06-10 08:14:04",1211,1211,0,409,384,0,25,1333,924,394,15,2,37,1,13,1,193,0,2,6,2,3,81,0,9,32,12
41,VRANCEA,"SCOALA CALIENII-NOI",223,NĂNEŞTI,176855,2,PROV,PRCNCT,EUP,EUP_SV,"2024-06-10 13:46:36",262,262,0,156,134,0,22,287,131,145,11,1,3,0,1,0,96,1,2,0,1,3,11,1,2,23,0
41,VRANCEA,"ŞCOALA CODREŞTI",138,CIORĂŞTI,175590,1,PROV,PRCNCT,EUP,EUP_SV,"2024-06-10 01:29:27",154,154,0,110,86,0,24,169,59,95,15,0,6,0,3,0,68,0,0,0,0,2,11,1,1,3,0
41,VRANCEA,"SCOALA CU CLASELE I-IV",118,BORDEŞTI,175439,2,PROV,PRCNCT,EUP,EUP_SV,"2024-06-12 13:56:58",404,404,0,260,236,0,24,445,185,243,17,0,7,1,0,0,142,0,1,0,0,2,43,14,0,31,2
41,VRANCEA,"ŞCOALA CU CLASELE I-IV",226,NĂRUJA,176891,2,PROV,PRCNCT,EUP,EUP_SV,"2024-06-12 16:55:39",540,540,0,322,307,0,15,592,270,302,20,0,16,1,3,0,204,1,1,0,1,5,62,0,2,6,0
41,VRANCEA,"SCOALA CU CLASELE I-IV DEALU SARII",202,JITIA,176551,2,PROV,PRCNCT,EUP,EUP_SV,"2024-06-10 07:30:12",136,136,0,92,86,0,6,150,58,80,12,0,0,0,2,0,60,1,0,1,0,4,8,2,0,2,0
41,VRANCEA,"ŞCOALA CU CLASELE I-IV DOAGA",174,GAROAFA,176212,2,PROV,PRCNCT,EUP,EUP_SV,"2024-06-10 06:05:34",364,364,0,203,190,0,13,403,200,194,9,2,5,3,3,0,122,1,1,0,0,2,36,1,3,9,6
41,VRANCEA,"ŞCOALA CU CLASELE I-IV FUNDATURA",237,PĂULEŞTI,178910,2,PROV,PRCNCT,EUP,EUP_SV,"2024-06-10 08:03:36",431,431,0,268,260,0,8,476,208,239,29,5,7,0,4,1,167,0,0,2,2,4,21,0,6,18,2
41,VRANCEA,"SCOALA CU CLASELE I-IV JITIA",200,JITIA,176551,2,PROV,PRCNCT,EUP,EUP_SV,"2024-06-10 07:39:57",581,581,0,371,352,0,19,641,270,333,38,0,18,3,1,2,244,0,0,2,2,1,48,1,2,9,0
41,VRANCEA,"SCOALA CU CLASELE I-IV JITIA DE JOS NR.1",203,JITIA,176551,2,PROV,PRCNCT,EUP,EUP_SV,"2024-06-10 06:42:27",339,339,0,237,225,0,12,372,135,222,15,0,8,1,1,0,164,0,3,2,1,0,28,1,3,7,3
41,VRANCEA,"ȘCOALA CU CLASELE I-IV OLEȘEȘTI",316,ŢIFEŞTI,178180,2,PROV,PRCNCT,EUP,EUP_SV,"2024-06-10 07:10:45",698,698,0,396,384,0,12,769,373,368,28,1,22,1,6,1,209,2,1,14,4,3,59,1,1,34,9
41,VRANCEA,"SCOALA CU CLASELE I-IV SAT MAHRIU, SCOALA COORDONATORARE POIANA CRISTEI",248,"POIANA CRISTEI",177263,2,PROV,PRCNCT,EUP,EUP_SV,"2024-06-10 06:40:31",275,275,0,179,172,0,7,305,126,166,13,0,8,0,1,1,93,0,0,1,2,1,21,0,0,37,1
41,VRANCEA,"SCOALA CU CLASELE I-IV SAT PETREANU. SCOALA COORDONATOARE POIANA CRISTEI",249,"POIANA CRISTEI",177263,2,PROV,PRCNCT,EUP,EUP_SV,"2024-06-11 20:03:47",115,115,0,84,75,0,9,126,42,78,6,0,0,0,0,0,56,0,0,0,1,0,14,0,0,6,1
41,VRANCEA,"SCOALA CU CLASELE I-IV SAT PODU LACULUI, SCOALA COORDONATOARE POIANA CRISTEI",250,"POIANA CRISTEI",177263,1,PROV,PRCNCT,EUP,EUP_SV,"2024-06-10 02:14:09",489,489,0,343,337,0,6,538,195,299,44,1,15,1,3,2,137,0,1,3,2,2,23,1,5,99,4
41,VRANCEA,"SCOALA CU CLASELE I - IV VITANESTII DE SUB MAGURA",116,BOLOTEŞTI,175368,2,PROV,PRCNCT,EUP,EUP_SV,"2024-06-10 04:52:57",602,602,0,351,319,0,32,662,311,334,17,1,12,2,5,0,226,0,0,2,5,1,52,4,0,18,6
41,VRANCEA,"SCOALA CU CLASELE I-VIII",192,HOMOCEA,176445,1,PROV,PRCNCT,EUP,EUP_SV,"2024-06-10 03:23:30",1275,1275,0,501,488,0,13,1404,903,475,26,0,50,8,6,0,290,2,3,4,2,1,74,0,14,16,5
41,VRANCEA,"SCOALA CU CLASELE I-VIII SAT TIRITU, SCOALA COORDONATOARE POIANA CRISTEI",251,"POIANA CRISTEI",177263,4,PROV,PRCNCT,EUP,EUP_SV,"2024-06-12 09:23:06",216,216,0,127,119,0,8,237,110,112,15,0,6,1,1,0,67,2,2,1,3,1,16,0,0,12,0
41,VRANCEA,"SCOALA ” DIMITRIE GUSTI” NEREJU",228,NEREJU,176944,2,PROV,PRCNCT,EUP,EUP_SV,"2024-06-12 19:40:51",1379,1379,0,869,856,0,13,1524,655,808,61,1,28,7,5,0,608,1,5,4,7,6,107,6,4,14,5
41,VRANCEA,"SCOALA DIN LIVEZILE",349,VIZANTEA-LIVEZI,178545,2,PROV,PRCNCT,EUP,EUP_SV,"2024-06-11 08:28:50",568,568,0,325,290,0,35,626,301,290,35,1,7,0,1,2,226,1,2,0,4,1,29,1,4,7,4
41,VRANCEA,"SCOALA DIN MESTEACANU",350,VIZANTEA-LIVEZI,178545,1,PROV,PRCNCT,EUP,EUP_SV,"2024-06-10 00:18:36",284,284,0,136,128,0,8,312,176,128,8,1,6,0,0,0,105,0,2,1,0,0,11,0,0,2,0
41,VRANCEA,"SCOALA DIN VIZANTEA MANASTIREASCA",352,VIZANTEA-LIVEZI,178545,2,PROV,PRCNCT,EUP,EUP_SV,"2024-06-10 06:36:56",1345,1345,0,647,586,0,61,1488,841,614,33,1,15,3,10,0,533,0,1,2,1,3,31,0,2,10,2
41,VRANCEA,"SCOALA DIN VIZANTEA RAZASEASCA",353,VIZANTEA-LIVEZI,178545,1,PROV,PRCNCT,EUP,EUP_SV,"2024-06-10 04:18:32",563,563,0,292,263,0,29,618,326,274,18,0,7,2,1,0,245,0,0,0,0,1,9,2,1,6,0
41,VRANCEA,"ŞCOALA DOAGA",81,"ORAŞ MĂRĂŞEŞTI",174922,1,PROV,PRCNCT,EUP,EUP_SV,"2024-06-10 04:00:59",214,214,0,75,67,0,8,234,159,71,4,1,0,6,0,1,28,0,0,0,0,1,27,0,0,6,1
41,VRANCEA,"SCOALA GENERALA",339,VIDRA,178377,1,PROV,PRCNCT,EUP,EUP_SV,"2024-06-10 06:07:37",344,344,0,210,193,0,17,380,170,193,17,0,8,0,1,0,103,0,3,2,0,0,59,2,5,9,1
41,VRANCEA,"SCOALA GENERALA",338,VIDRA,178377,2,PROV,PRCNCT,EUP,EUP_SV,"2024-06-12 21:29:09",692,692,0,339,312,0,27,757,418,315,24,0,16,0,2,0,178,0,0,1,9,4,70,3,6,20,6
41,VRANCEA,"SCOALA GENERALA",337,VIDRA,178377,2,PROV,PRCNCT,EUP,EUP_SV,"2024-06-11 15:06:42",722,722,0,353,342,0,11,794,441,317,36,1,34,3,0,0,150,0,2,3,1,1,91,3,3,24,1
41,VRANCEA,"SCOALA GENERALA",342,VIDRA,178377,2,PROV,PRCNCT,EUP,EUP_SV,"2024-06-11 15:06:39",545,545,0,288,277,0,11,600,312,270,18,1,8,1,5,1,199,0,0,1,2,1,35,0,3,12,1
41,VRANCEA,"SCOALA GENERALA",336,VIDRA,178377,2,PROV,PRCNCT,EUP,EUP_SV,"2024-06-12 20:13:00",638,638,0,321,310,0,11,708,387,295,26,1,33,2,2,0,166,0,1,2,2,0,50,1,4,27,4
41,VRANCEA,"SCOALA GENERALA",343,VIDRA,178377,1,PROV,PRCNCT,EUP,EUP_SV,"2024-06-10 04:22:01",265,265,0,145,135,0,10,292,147,130,15,0,3,1,3,0,62,1,2,5,2,0,40,0,1,9,1
41,VRANCEA,"SCOALA GENERALA",340,VIDRA,178377,1,PROV,PRCNCT,EUP,EUP_SV,"2024-06-10 04:28:52",447,447,0,210,199,0,11,499,289,198,12,0,14,2,5,0,82,0,1,3,3,2,54,0,3,26,3
41,VRANCEA,"SCOALA GENERALA",272,RUGINEŞTI,177557,2,PROV,PRCNCT,EUP,EUP_SV,"2024-06-10 12:17:31",245,245,0,135,124,0,11,269,134,124,11,0,8,0,2,0,90,0,1,1,0,1,13,0,2,3,3
41,VRANCEA,"SCOALA GENERALA",271,RUGINEŞTI,177557,2,PROV,PRCNCT,EUP,EUP_SV,"2024-06-10 12:13:08",549,549,0,300,277,0,23,607,307,267,33,3,12,6,4,0,198,0,0,0,2,1,32,1,5,2,1
41,VRANCEA,"SCOALĂ GENERALA ADJUDU VECHI",72,"MUNICIPIUL ADJUD",174860,4,PROV,PRCNCT,EUP,EUP_SV,"2024-06-13 15:07:57",1391,1391,0,634,611,0,23,1535,901,586,48,7,29,25,12,2,376,4,2,13,3,9,80,3,2,12,7
41,VRANCEA,"SCOALA GENERALA NR.1, CORP A",244,PLOSCUŢENI,178894,3,PROV,PRCNCT,EUP,EUP_SV,"2024-06-11 16:17:27",990,990,0,468,428,0,40,1087,619,444,24,1,16,5,16,3,307,3,0,0,4,8,26,0,2,48,5
41,VRANCEA,"SCOALA GENERALA NR.1, CORP B",245,PLOSCUŢENI,178894,1,PROV,PRCNCT,EUP,EUP_SV,"2024-06-10 04:14:56",1123,1123,0,618,604,0,14,1234,616,585,33,0,34,3,19,3,393,2,2,5,1,16,46,3,6,39,13
41,VRANCEA,"SCOALA GENERALA PODURI",322,"VALEA SĂRII",178313,3,PROV,PRCNCT,EUP,EUP_SV,"2024-06-10 07:11:23",219,219,0,159,133,0,26,240,81,153,6,0,6,0,0,1,109,0,0,1,0,2,28,1,1,4,0
41,VRANCEA,"SCOALA GENERALA POIENILE",189,"GURA CALIŢEI",176338,2,PROV,PRCNCT,EUP,EUP_SV,"2024-06-12 21:34:50",272,272,0,181,164,0,17,300,119,151,30,5,4,1,0,1,90,0,0,1,1,0,27,2,1,17,1
41,VRANCEA,"SCOALA GENERALA REPEDEA",292,STRĂOANE,177799,1,PROV,PRCNCT,EUP,EUP_SV,"2024-06-10 02:22:48",298,298,0,147,138,0,9,329,182,138,9,1,6,0,2,0,93,0,2,0,1,8,18,1,1,4,1
41,VRANCEA,"SCOALA GENERALA SATU-NOU",207,MĂICĂNEŞTI,176613,1,PROV,PRCNCT,EUP,EUP_SV,"2024-06-10 02:25:28",193,193,0,122,97,0,25,208,86,112,10,0,5,2,2,0,72,0,0,1,0,0,13,0,2,15,0
41,VRANCEA,"SCOALA GENERALA TATARU",209,MĂICĂNEŞTI,176613,3,PROV,PRCNCT,EUP,EUP_SV,"2024-06-11 10:02:48",633,633,0,420,367,0,53,694,274,381,39,4,2,1,2,6,297,0,0,0,13,0,36,0,0,15,5
41,VRANCEA,"ȘCOALA GENERALĂ TICHIRIȘ - ȘCOALA NOUĂ",341,VIDRA,178377,2,PROV,PRCNCT,EUP,EUP_SV,"2024-06-11 13:38:06",592,592,0,345,333,0,12,651,306,313,32,1,8,3,7,0,148,1,3,5,3,2,90,4,4,29,5
41,VRANCEA,"SCOALA GENERALA VULTURU",359,VULTURU,178821,2,PROV,PRCNCT,EUP,EUP_SV,"2024-06-10 08:05:45",1252,1252,0,421,413,0,8,1384,963,396,25,1,21,1,4,3,235,1,2,3,0,5,66,0,6,37,11
41,VRANCEA,"SCOALA GENERALA VULTURU",358,VULTURU,178821,1,PROV,PRCNCT,EUP,EUP_SV,"2024-06-10 03:56:21",1260,1260,0,464,450,0,14,1388,924,434,30,1,10,6,16,0,265,0,2,4,3,8,67,1,1,38,12
41,VRANCEA,"SCOALA GENERAL[ SIMION MEHEDINTI",285,SOVEJA,177762,2,PROV,PRCNCT,EUP,EUP_SV,"2024-06-12 19:49:09",975,975,0,643,583,0,60,1073,432,586,55,0,16,3,12,4,381,2,1,10,4,10,90,7,0,39,7
41,VRANCEA,"ȘCOALA GIMANZIALĂ „OANA-DIANA RENEA” FOCȘANI",32,"MUNICIPIUL FOCŞANI",174744,1,PROV,PRCNCT,EUP,EUP_SV,"2024-06-10 05:03:40",657,657,0,277,261,0,16,720,443,270,7,4,8,2,9,3,132,1,0,5,0,10,39,0,4,36,17
41,VRANCEA,"ȘCOALA GIMANZIALĂ „OANA-DIANA RENEA” FOCȘANI",31,"MUNICIPIUL FOCŞANI",174744,2,PROV,PRCNCT,EUP,EUP_SV,"2024-06-10 12:54:58",1146,1146,0,525,498,0,27,1268,743,507,18,4,17,11,19,7,225,3,2,14,1,30,80,1,2,67,24
41,VRANCEA,"ŞCOALA GIMNAZIALĂ „ADRIAN PĂUNESCU” FOCȘANI",13,"MUNICIPIUL FOCŞANI",174744,1,PROV,PRCNCT,EUP,EUP_SV,"2024-06-10 04:33:23",1153,1153,0,493,480,0,13,1275,782,482,11,2,29,10,14,3,233,5,3,12,2,20,81,1,7,50,10
41,VRANCEA,"ȘCOALA GIMNAZIALĂ „ADRIAN PĂUNESCU” FOCȘANI",10,"MUNICIPIUL FOCŞANI",174744,1,PROV,PRCNCT,EUP,EUP_SV,"2024-06-10 07:48:21",1591,1591,0,672,653,0,19,1752,1080,644,28,5,21,9,24,8,281,8,2,16,4,33,107,9,6,89,22
41,VRANCEA,"ȘCOALA GIMNAZIALĂ „ADRIAN PĂUNESCU” FOCȘANI",11,"MUNICIPIUL FOCŞANI",174744,2,PROV,PRCNCT,EUP,EUP_SV,"2024-06-12 19:42:51",1612,1612,0,662,647,0,15,1777,1115,641,21,6,38,14,27,1,267,5,5,18,2,28,99,6,7,89,29
41,VRANCEA,"ȘCOALA GIMNAZIALĂ „ADRIAN PĂUNESCU” FOCȘANI",12,"MUNICIPIUL FOCŞANI",174744,2,PROV,PRCNCT,EUP,EUP_SV,"2024-06-11 10:52:02",1551,1551,0,606,591,0,15,1711,1105,581,25,3,32,10,18,3,275,2,6,11,3,32,99,3,3,68,13
41,VRANCEA,"ŞCOALA GIMNAZIALĂ ”ALEXANDRU VLAHUŢĂ”",51,"MUNICIPIUL FOCŞANI",174744,1,PROV,PRCNCT,EUP,EUP_SV,"2024-06-10 06:42:09",835,835,0,374,364,0,10,920,546,353,21,4,18,4,10,0,200,2,3,10,0,4,47,1,3,36,11
41,VRANCEA,"ŞCOALA GIMNAZIALĂ ”ALEXANDRU VLAHUŢĂ”",49,"MUNICIPIUL FOCŞANI",174744,2,PROV,PRCNCT,EUP,EUP_SV,"2024-06-11 10:19:27",823,823,0,350,332,0,18,907,557,338,12,2,14,3,13,2,167,1,2,8,0,11,51,3,10,39,12
41,VRANCEA,"ŞCOALA GIMNAZIALĂ ”ALEXANDRU VLAHUŢĂ”",50,"MUNICIPIUL FOCŞANI",174744,1,PROV,PRCNCT,EUP,EUP_SV,"2024-06-10 07:28:07",1356,1356,0,547,536,0,11,1496,949,530,17,2,26,3,15,2,284,6,4,5,1,11,85,9,7,51,19
41,VRANCEA,"ŞCOALA GIMNAZIALĂ ”ALEXANDRU VLAHUȚĂ” GUGEŞTI",183,GUGEŞTI,176301,2,PROV,PRCNCT,EUP,EUP_SV,"2024-06-10 06:07:32",973,973,0,447,429,0,18,1076,629,434,13,2,25,3,10,0,261,4,3,9,0,8,76,1,6,16,10
41,VRANCEA,"ȘCOALA GIMNAZIALĂ ANDREIAȘU DE JOS",100,"ANDREIAŞU DE JOS",175126,2,PROV,PRCNCT,EUP,EUP_SV,"2024-06-11 22:58:11",434,434,0,307,258,0,49,477,170,282,25,1,12,1,4,0,215,0,0,0,1,2,30,0,0,10,6
41,VRANCEA,"ȘCOALA GIMNAZIALĂ ANDREIAȘU DE SUS",101,"ANDREIAŞU DE JOS",175126,2,PROV,PRCNCT,EUP,EUP_SV,"2024-06-11 10:40:05",357,357,0,239,224,0,15,395,156,215,24,2,7,0,3,0,165,0,0,0,1,0,33,1,0,3,0
41,VRANCEA,"SCOALĂ GIMNAZIALĂ ”ANGELA GHEORGHIU”",68,"MUNICIPIUL ADJUD",174860,2,PROV,PRCNCT,EUP,EUP_SV,"2024-06-11 23:00:19",1569,1569,0,697,683,0,14,1726,1029,664,33,5,45,41,24,3,347,5,0,21,1,9,104,5,6,34,14
41,VRANCEA,"SCOALA GIMNAZIALA ANGHELESTI",270,RUGINEŞTI,177557,2,PROV,PRCNCT,EUP,EUP_SV,"2024-06-10 13:12:04",1014,1014,0,499,489,0,10,1117,618,453,46,1,21,7,6,0,281,2,1,8,2,5,92,2,3,18,4
41,VRANCEA,"ȘCOALA GIMNAZIALĂ BĂTINEȘTI",314,ŢIFEŞTI,178180,2,PROV,PRCNCT,EUP,EUP_SV,"2024-06-12 14:30:44",1325,1325,0,741,716,0,25,1463,722,690,51,2,38,4,8,5,373,3,1,7,8,13,88,0,9,118,13
41,VRANCEA,"ȘCOALA GIMNAZIALĂ BOGHEȘTI",108,BOGHEŞTI,175260,2,PROV,PRCNCT,EUP,EUP_SV,"2024-06-12 16:38:07",625,625,0,464,434,0,30,828,364,415,49,2,36,83,8,0,181,4,3,4,5,3,57,3,6,15,5
41,VRANCEA,"ŞCOALA GIMNAZIALA CÎMPURI",125,CÂMPURI,175670,1,PROV,PRCNCT,EUP,EUP_SV,"2024-06-10 05:13:37",848,848,0,460,420,0,40,931,471,439,21,4,43,3,1,0,323,1,2,2,1,0,48,0,6,2,3
41,VRANCEA,"ȘCOALA GIMNAZIALĂ CLIPICEȘTI",315,ŢIFEŞTI,178180,2,PROV,PRCNCT,EUP,EUP_SV,"2024-06-10 06:25:48",666,666,0,303,287,0,16,735,432,281,22,1,25,1,0,0,136,0,2,1,2,0,57,1,2,49,4
41,VRANCEA,"ŞCOALA GIMNAZIALĂ COROTENI",282,"SLOBOZIA BRADULUI",177655,2,PROV,PRCNCT,EUP,EUP_SV,"2024-06-11 15:03:15",766,766,0,438,407,0,31,841,403,399,39,1,11,1,1,0,301,0,1,1,3,4,40,3,4,20,8
41,VRANCEA,"ŞCOALA GIMNAZIALĂ COZA - SALA 1",311,TULNICI,178117,1,PROV,PRCNCT,EUP,EUP_SV,"2024-06-10 03:07:32",635,635,0,356,344,0,12,700,344,331,25,1,10,1,1,1,272,0,1,2,1,3,25,1,4,5,3
41,VRANCEA,"ȘCOALA GIMNAZIALĂ CU CLASELE I-IV ” EPISCOP MITROFAN ”",130,CÂRLIGELE,175732,1,PROV,PRCNCT,EUP,EUP_SV,"2024-06-10 01:49:49",379,379,0,214,206,0,8,416,202,202,12,1,6,0,0,1,152,0,0,10,2,1,19,5,1,4,0
41,VRANCEA,"SCOALA GIMNAZIALA CU CLASELE I-VIII BALESTI",104,BĂLEŞTI,175206,2,PROV,PRCNCT,EUP,EUP_SV,"2024-06-11 16:57:21",694,694,0,511,419,0,92,763,252,477,34,3,11,1,11,0,394,0,0,4,10,3,27,2,4,7,0
41,VRANCEA,"SCOALA GIMNAZIALA CU CLASELE I-VIII BALESTI",103,BĂLEŞTI,175206,2,PROV,PRCNCT,EUP,EUP_SV,"2024-06-11 16:41:01",808,808,0,604,481,0,123,883,279,529,75,2,13,1,5,0,426,0,0,2,2,2,36,2,3,30,5
41,VRANCEA,"ŞCOALA GIMNAZIALĂ CU CLASELE I-VIII RĂSTOACA",263,RĂSTOACA,178956,1,PROV,PRCNCT,EUP,EUP_SV,"2024-06-10 05:11:03",1183,1183,0,683,677,0,6,1303,620,655,28,4,28,4,5,5,328,0,2,0,6,13,102,0,4,137,17
41,VRANCEA,"ŞCOALA GIMNAZIALĂ CU CLASELE I-VIII RĂSTOACA",264,RĂSTOACA,178956,2,PROV,PRCNCT,EUP,EUP_SV,"2024-06-11 09:50:59",825,825,0,488,483,0,5,908,420,458,30,0,15,0,0,0,255,2,0,0,8,0,96,4,0,78,0
41,VRANCEA,"ŞCOALA GIMNAZIALĂ DOMNEŞTI-TÂRG",257,PUFEŞTI,177352,1,PROV,PRCNCT,EUP,EUP_SV,"2024-06-10 04:59:21",1233,1233,0,642,630,0,12,1356,714,590,52,2,27,4,11,0,278,0,2,0,6,3,189,3,2,51,12
41,VRANCEA,"ȘCOALA GIMNAZIALĂ „DUILIU ZAMFIRESCU” FOCȘANI",39,"MUNICIPIUL FOCŞANI",174744,1,PROV,PRCNCT,EUP,EUP_SV,"2024-06-10 11:56:30",1332,1332,0,593,582,0,11,1473,880,575,18,3,32,4,17,3,264,4,6,14,1,31,85,2,4,68,37
41,VRANCEA,"ȘCOALA GIMNAZIALĂ „DUILIU ZAMFIRESCU” FOCȘANI",38,"MUNICIPIUL FOCŞANI",174744,2,PROV,PRCNCT,EUP,EUP_SV,"2024-06-10 16:04:56",819,819,0,300,290,0,10,906,606,288,12,3,20,2,10,2,132,4,3,7,0,10,40,0,2,48,5
41,VRANCEA,"ȘCOALA GIMNAZIALĂ „DUILIU ZAMFIRESCU” FOCȘANI",40,"MUNICIPIUL FOCŞANI",174744,2,PROV,PRCNCT,EUP,EUP_SV,"2024-06-10 08:33:31",1606,1606,0,714,693,0,21,1776,1062,680,34,5,29,18,27,6,303,3,3,14,5,25,110,3,1,95,33
41,VRANCEA,"ȘCOALA GIMNAZIALĂ ”DUMITRU PRICOP”",227,NEGRILEŞTI,178885,2,PROV,PRCNCT,EUP,EUP_SV,"2024-06-11 13:16:17",1360,1360,0,750,707,0,43,1495,745,556,194,6,19,4,19,2,279,2,6,5,0,7,132,4,21,37,13
41,VRANCEA,"ŞCOALA GIMNAZIALĂ ”ECATERINA TEODOROIU”",75,"ORAŞ MĂRĂŞEŞTI",174922,2,PROV,PRCNCT,EUP,EUP_SV,"2024-06-12 21:46:58",766,766,0,305,298,0,7,842,537,297,8,0,9,9,3,0,135,4,1,0,1,2,117,0,2,13,1
41,VRANCEA,"ŞCOALA GIMNAZIALĂ ”ECATERINA TEODOROIU”",74,"ORAŞ MĂRĂŞEŞTI",174922,2,PROV,PRCNCT,EUP,EUP_SV,"2024-06-12 16:08:52",1324,1324,0,646,633,0,13,1451,805,622,24,4,32,14,8,0,298,3,1,9,5,9,194,4,5,27,9
41,VRANCEA,"ȘCOALA GIMNAZIALĂ „EMIL ATANASIU” GAROAFA",171,GAROAFA,176212,2,PROV,PRCNCT,EUP,EUP_SV,"2024-06-10 09:45:05",1628,1628,0,862,838,0,24,1792,930,814,48,1,38,5,15,1,463,2,8,14,3,8,195,3,6,42,10
41,VRANCEA,"ȘCOALA GIMNAZIALĂ FELDIOARA",298,TĂNĂSOAIA,177879,2,PROV,PRCNCT,EUP,EUP_SV,"2024-06-11 22:01:56",532,532,0,311,280,0,31,587,276,290,21,1,17,1,6,0,120,1,0,2,0,0,100,1,2,33,6
41,VRANCEA,"SCOALA GIMNAZIALA GAGESTI",113,BOLOTEŞTI,175368,2,PROV,PRCNCT,EUP,EUP_SV,"2024-06-10 08:16:14",512,512,0,344,307,0,37,565,221,321,23,1,7,1,1,1,249,0,1,1,4,0,30,3,3,15,4
41,VRANCEA,"SCOALA GIMNAZIALA GAGESTI",112,BOLOTEŞTI,175368,2,PROV,PRCNCT,EUP,EUP_SV,"2024-06-10 08:10:20",1214,1214,0,738,701,0,37,1338,600,680,58,1,40,9,17,1,447,2,2,5,2,6,77,7,6,51,7
41,VRANCEA,"ŞCOALA GIMNAZIALĂ GOLEŞTI",175,GOLEŞTI,174824,2,PROV,PRCNCT,EUP,EUP_SV,"2024-06-10 13:47:18",1439,1439,0,683,668,0,15,1591,908,661,22,1,37,8,18,3,328,0,4,23,9,19,103,2,7,75,24
41,VRANCEA,"ȘCOALA GIMNAZIALĂ GURA CALIȚEI",185,"GURA CALIŢEI",176338,2,PROV,PRCNCT,EUP,EUP_SV,"2024-06-10 07:23:01",802,802,0,534,493,0,41,884,350,483,51,0,37,2,6,1,330,1,1,5,2,6,66,4,5,12,5
41,VRANCEA,"ȘCOALA GIMNAZIALĂ „ION BASGAN” FOCȘANI",20,"MUNICIPIUL FOCŞANI",174744,2,PROV,PRCNCT,EUP,EUP_SV,"2024-06-11 10:55:40",1753,1753,0,823,804,0,19,1928,1105,803,20,2,33,21,23,4,361,5,8,27,2,52,125,3,0,107,30
41,VRANCEA,"ȘCOALA GIMNAZIALĂ „ION BASGAN” FOCȘANI",19,"MUNICIPIUL FOCŞANI",174744,2,PROV,PRCNCT,EUP,EUP_SV,"2024-06-11 13:09:10",1633,1633,0,746,720,0,26,1795,1049,730,16,6,35,9,11,7,308,2,4,21,3,32,135,6,5,117,29
41,VRANCEA,"ȘCOALA GIMNAZIALĂ „IONEL SÎRBU” CIORĂȘTI",137,CIORĂŞTI,175590,1,PROV,PRCNCT,EUP,EUP_SV,"2024-06-10 02:58:58",150,150,0,89,84,0,5,166,77,79,10,0,2,0,2,0,52,0,1,1,0,0,12,1,1,6,1
41,VRANCEA,"SCOALA GIMNAZIALA JARISTEA",195,JARIŞTEA,176506,2,PROV,PRCNCT,EUP,EUP_SV,"2024-06-10 12:16:10",1656,1656,0,889,848,0,41,1791,902,840,49,1,25,0,7,0,631,3,1,6,8,10,92,29,1,21,5
41,VRANCEA,"ȘCOALA GIMNAZIALĂ LĂSTUNI",161,DUMITREŞTI,175983,2,PROV,PRCNCT,EUP,EUP_SV,"2024-06-10 16:13:22",245,245,0,188,163,0,25,268,80,184,4,0,3,1,2,1,145,0,0,0,1,0,27,0,0,2,2
41,VRANCEA,"SCOALA GIMNAZIALA MAICANESTI",204,MĂICĂNEŞTI,176613,1,PROV,PRCNCT,EUP,EUP_SV,"2024-06-10 03:38:52",1080,1080,0,631,578,0,53,1199,568,571,60,4,13,6,4,0,425,0,0,0,20,6,66,4,2,19,2
41,VRANCEA,"SCOALĂ GIMNAZIALĂ ”MAREȘAL ALEXANDRU AVERESCU”",62,"MUNICIPIUL ADJUD",174860,2,PROV,PRCNCT,EUP,EUP_SV,"2024-06-11 19:56:12",1319,1319,0,538,531,0,7,1445,907,498,40,1,30,117,4,0,236,3,1,6,3,4,61,0,7,15,10
41,VRANCEA,"SCOALĂ GIMNAZIALĂ ”MIHAIL ARMENCEA”",61,"MUNICIPIUL ADJUD",174860,1,PROV,PRCNCT,EUP,EUP_SV,"2024-06-10 02:38:21",981,981,0,458,443,0,15,1093,635,431,27,4,22,16,14,2,223,1,4,10,1,15,77,2,1,23,16
41,VRANCEA,"ŞCOALA GIMNAZIALĂ MIRCEŞTII NOI",327,VÂNĂTORI,178607,1,PROV,PRCNCT,EUP,EUP_SV,"2024-06-10 04:55:18",771,771,0,387,379,0,8,851,464,359,28,6,18,1,13,4,152,5,1,3,3,7,89,0,3,44,10
41,VRANCEA,"SCOALA GIMNAZIALA NEREJU-MIC",229,NEREJU,176944,2,PROV,PRCNCT,EUP,EUP_SV,"2024-06-12 21:45:23",1511,1511,0,985,968,0,17,1670,685,905,80,3,60,2,5,2,633,0,4,2,10,8,148,11,6,8,3
41,VRANCEA,"ŞCOALA GIMNAZIALĂ ”NICOLAE IORGA”",46,"MUNICIPIUL FOCŞANI",174744,2,PROV,PRCNCT,EUP,EUP_SV,"2024-06-10 16:26:37",1421,1421,0,544,528,0,16,1575,1031,531,13,1,35,11,14,0,275,4,5,8,4,15,75,5,3,60,16
41,VRANCEA,"ŞCOALA GIMNAZIALĂ ”NICOLAE IORGA”",47,"MUNICIPIUL FOCŞANI",174744,1,PROV,PRCNCT,EUP,EUP_SV,"2024-06-10 12:44:45",1203,1203,0,726,716,0,10,1322,597,698,27,6,49,10,27,1,296,4,2,16,0,30,116,1,7,92,41
41,VRANCEA,"ŞCOALA GIMNAZIALĂ ”NICOLAE IORGA”",44,"MUNICIPIUL FOCŞANI",174744,1,PROV,PRCNCT,EUP,EUP_SV,"2024-06-10 08:46:54",1368,1368,0,550,530,0,20,1516,966,526,24,6,29,5,21,2,257,6,6,7,4,14,86,1,6,65,11
41,VRANCEA,"ŞCOALA GIMNAZIALĂ ”NICOLAE IORGA”",48,"MUNICIPIUL FOCŞANI",174744,1,PROV,PRCNCT,EUP,EUP_SV,"2024-06-10 10:35:50",1545,1545,0,561,550,0,11,1705,1144,561,0,6,27,5,30,1,292,2,3,9,6,16,96,3,6,38,21
41,VRANCEA,"ŞCOALA GIMNAZIALĂ ”NICOLAE IORGA”",45,"MUNICIPIUL FOCŞANI",174744,2,PROV,PRCNCT,EUP,EUP_SV,"2024-06-11 23:10:01",1419,1419,0,593,571,0,22,1564,971,564,29,2,32,4,20,4,291,6,0,9,5,13,90,4,7,45,32
41,VRANCEA,"ȘCOALA GIMNAZIALĂ NISTOREȘTI",231,NISTOREŞTI,177003,2,PROV,PRCNCT,EUP,EUP_SV,"2024-06-10 16:11:34",831,831,0,469,421,0,48,914,445,430,39,1,14,0,4,0,279,1,0,4,2,2,97,9,3,8,6
41,VRANCEA,"ȘCOALA GIMNAZIALĂ NR.1- CORP A",212,MERA,176686,2,PROV,PRCNCT,EUP,EUP_SV,"2024-06-11 23:07:14",1568,1568,0,940,885,0,55,1727,787,883,57,3,49,9,3,2,601,1,4,5,22,6,137,21,9,7,4
41,VRANCEA,"ȘCOALA GIMNAZIALĂ NR.1 ȘINDRILARI",266,REGHIU,177469,2,PROV,PRCNCT,EUP,EUP_SV,"2024-06-11 23:03:02",932,932,0,575,556,0,19,1028,453,544,31,1,18,2,3,0,440,0,0,2,2,3,33,4,7,23,6
41,VRANCEA,"ȘCOALA GIMNAZIALĂ NR.1 ȘINDRILARI",267,REGHIU,177469,1,PROV,PRCNCT,EUP,EUP_SV,"2024-06-10 03:30:48",501,501,0,273,263,0,10,551,278,257,16,0,6,2,1,1,194,1,2,0,1,9,27,2,3,8,0
41,VRANCEA,"ŞCOALA GIMNAZIALĂ NR.2",79,"ORAŞ MĂRĂŞEŞTI",174922,2,PROV,PRCNCT,EUP,EUP_SV,"2024-06-10 06:31:08",1144,1144,0,446,435,0,11,1258,812,427,19,1,19,22,2,1,202,0,5,0,1,10,112,2,2,39,9
41,VRANCEA,"ŞCOALA GIMNAZIALĂ NR.2",80,"ORAŞ MĂRĂŞEŞTI",174922,4,PROV,PRCNCT,EUP,EUP_SV,"2024-06-10 07:25:30",297,297,0,122,109,0,13,327,205,118,4,2,7,7,6,1,50,1,0,2,0,0,34,0,1,4,3
41,VRANCEA,"SCOALA GIMNAZIALA NR. 2 BORDEASCA VECHE",302,TĂTĂRANU,177986,1,PROV,PRCNCT,EUP,EUP_SV,"2024-06-10 05:15:32",585,585,0,322,306,0,16,644,322,297,25,2,10,2,2,0,230,0,1,2,2,1,29,3,2,9,2
41,VRANCEA,"ŞCOALA GIMNAZIALĂ NR.2 GUGEŞTI",181,GUGEŞTI,176301,2,PROV,PRCNCT,EUP,EUP_SV,"2024-06-12 16:48:50",1424,1424,0,723,678,0,45,1571,848,690,33,2,34,6,0,4,468,3,2,11,5,4,88,6,11,34,12
41,VRANCEA,"ŞCOALA GIMNAZIALĂ NR.4 OREAVU",184,GUGEŞTI,176301,2,PROV,PRCNCT,EUP,EUP_SV,"2024-06-12 20:03:13",440,440,0,222,200,0,22,483,261,201,21,2,15,3,2,1,143,2,1,1,1,1,20,0,4,4,1
41,VRANCEA,"SCOALA GIMNAZIALĂ OBREJIŢA",233,OBREJIŢA,178947,3,PROV,PRCNCT,EUP,EUP_SV,"2024-06-12 13:25:39",1298,1298,0,878,812,0,66,1426,548,821,55,1,52,2,17,4,575,0,1,3,4,2,114,6,16,18,6
41,VRANCEA,"ŞCOALA GIMNAZIALĂ ”PETRACHE BLÎNDU”",173,GAROAFA,176212,1,PROV,PRCNCT,EUP,EUP_SV,"2024-06-10 09:09:33",1326,1326,0,743,714,0,29,1457,714,682,61,4,30,1,1,0,435,2,2,8,4,6,142,17,8,19,3
41,VRANCEA,"SCOALA GIMNAZIALA „ PICTOR MIHAIL BALASESCU” BAHNELE",345,VINTILEASCA,178475,2,PROV,PRCNCT,EUP,EUP_SV,"2024-06-10 09:04:54",459,459,0,279,262,0,17,504,225,250,29,0,9,0,5,0,200,2,0,0,0,0,32,1,1,0,0
41,VRANCEA,"ȘCOALA GIMNAZIALĂ „PRINCIPELE RADU”",66,"MUNICIPIUL ADJUD",174860,2,PROV,PRCNCT,EUP,EUP_SV,"2024-06-12 13:11:26",1383,1383,0,574,565,0,9,1527,953,543,25,3,31,63,6,1,250,3,3,7,5,16,96,3,8,34,14
41,VRANCEA,"SCOALĂ GIMNAZIALĂ ”PRINCIPELE RADU” A",63,"MUNICIPIUL ADJUD",174860,1,PROV,PRCNCT,EUP,EUP_SV,"2024-06-10 05:02:13",1174,1174,0,476,462,0,14,1293,817,453,23,5,20,35,12,4,259,3,5,7,2,9,47,5,5,24,11
41,VRANCEA,"SCOALĂ GIMNAZIALĂ ”PRINCIPELE RADU” B",64,"MUNICIPIUL ADJUD",174860,1,PROV,PRCNCT,EUP,EUP_SV,"2024-06-10 05:39:14",1166,1166,0,477,469,0,8,1287,810,453,24,4,29,35,10,0,230,4,2,9,1,2,87,5,2,16,17
41,VRANCEA,"SCOALĂ GIMNAZIALĂ ”PRINCIPELE RADU” C",65,"MUNICIPIUL ADJUD",174860,1,PROV,PRCNCT,EUP,EUP_SV,"2024-06-10 05:18:38",1168,1168,0,415,409,0,6,1289,874,391,24,3,15,22,17,1,198,4,6,4,5,10,63,3,6,22,12
41,VRANCEA,"SCOALA GIMNAZIALA PROFESOR DOCTOR GENERAL GHEORGHE V. ZAHARIA",252,POPEŞTI,178901,2,PROV,PRCNCT,EUP,EUP_SV,"2024-06-11 20:26:15",1098,1098,0,652,627,0,25,1214,562,609,43,1,43,7,6,2,368,4,4,7,1,4,118,3,10,19,12
41,VRANCEA,"ȘCOALA GIMNAZIALĂ ”PROFESOR GENERAL GHEORGHE GHEORGHIU” GOLOGANU",179,GOLOGANU,178938,2,PROV,PRCNCT,EUP,EUP_SV,"2024-06-10 07:19:59",1368,1368,0,854,827,0,27,1504,650,790,64,2,19,15,0,5,435,2,2,12,13,9,206,6,4,52,8
41,VRANCEA,"ŞCOALA GIMNAZIALĂ PUFEŞTI",255,PUFEŞTI,177352,1,PROV,PRCNCT,EUP,EUP_SV,"2024-06-10 07:53:30",1270,1270,0,668,665,0,3,1406,738,635,33,7,33,8,8,0,250,1,2,9,1,4,185,4,0,113,10
41,VRANCEA,"SCOALA GIMNAZIALA PUTNA",115,BOLOTEŞTI,175368,2,PROV,PRCNCT,EUP,EUP_SV,"2024-06-10 06:00:50",530,530,0,355,319,0,36,581,226,330,25,0,7,0,5,0,237,1,0,7,2,0,51,2,2,15,1
41,VRANCEA,"SCOALA GIMNAZIALA RIMNICENI",205,MĂICĂNEŞTI,176613,1,PROV,PRCNCT,EUP,EUP_SV,"2024-06-10 11:54:37",1124,1124,0,757,668,0,89,1239,482,692,65,1,17,1,3,0,578,0,1,6,13,4,45,9,3,7,4
41,VRANCEA,"SCOALA GIMNAZIALA ROTILESTII MICI",127,CÂMPURI,175670,1,PROV,PRCNCT,EUP,EUP_SV,"2024-06-10 05:09:57",512,512,0,313,277,0,36,567,254,284,29,1,16,2,1,0,233,0,0,4,1,2,17,1,1,3,2
41,VRANCEA,"ȘCOALA GIMNAZIALĂ RUGINEȘTI",269,RUGINEŞTI,177557,2,PROV,PRCNCT,EUP,EUP_SV,"2024-06-10 11:38:29",761,761,0,367,341,0,26,838,471,327,40,0,38,8,9,2,177,1,0,0,1,2,50,3,1,31,4
41,VRANCEA,"ȘCOALA GIMNAZIALĂ RUGINEȘTI",268,RUGINEŞTI,177557,2,PROV,PRCNCT,EUP,EUP_SV,"2024-06-10 13:06:29",784,784,0,371,356,0,15,863,492,349,22,1,17,13,4,0,240,0,0,0,2,2,37,1,8,20,4
41,VRANCEA,"ŞCOALA GIMNAZIALĂ SLOBOZIA BRADULUI SALA A",277,"SLOBOZIA BRADULUI",177655,2,PROV,PRCNCT,EUP,EUP_SV,"2024-06-11 14:00:54",818,818,0,571,564,0,7,896,325,495,76,0,21,1,0,0,417,0,0,0,0,1,34,0,1,20,0
41,VRANCEA,"ŞCOALA GIMNAZIALĂ SLOBOZIA BRADULUI SALA B",278,"SLOBOZIA BRADULUI",177655,2,PROV,PRCNCT,EUP,EUP_SV,"2024-06-11 16:57:39",969,969,0,644,636,0,8,1061,417,560,84,0,18,2,1,0,469,0,1,0,3,1,47,3,3,12,0
41,VRANCEA,"ŞCOALA GIMNAZIALĂ SLOBOZIA BRADULUI SALA C",279,"SLOBOZIA BRADULUI",177655,1,PROV,PRCNCT,EUP,EUP_SV,"2024-06-10 06:37:59",1315,1315,0,832,830,0,2,1451,619,732,100,0,0,0,0,0,680,0,0,0,0,0,52,0,0,0,0
41,VRANCEA,"ȘCOALA GIMNAZIALĂ SPULBER",287,SPULBER,178965,2,PROV,PRCNCT,EUP,EUP_SV,"2024-06-11 17:55:08",910,910,0,653,610,0,43,995,342,612,41,0,26,1,5,0,453,2,0,1,4,11,87,0,3,11,8
41,VRANCEA,"ŞCOALA GIMNAZIALĂ „ŞTEFAN CEL MARE” FOCȘANI",7,"MUNICIPIUL FOCŞANI",174744,2,PROV,PRCNCT,EUP,EUP_SV,"2024-06-10 06:06:16",792,792,0,379,364,0,15,877,498,369,10,2,20,5,2,4,176,4,4,10,0,16,51,0,1,61,13
41,VRANCEA,"ŞCOALA GIMNAZIALĂ „ŞTEFAN CEL MARE” FOCȘANI",6,"MUNICIPIUL FOCŞANI",174744,3,PROV,PRCNCT,EUP,EUP_SV,"2024-06-12 21:45:34",1106,1106,0,445,428,0,17,1220,775,424,21,4,19,5,8,1,229,3,3,11,0,24,45,2,3,50,17
41,VRANCEA,"ŞCOALA GIMNAZIALĂ „ŞTEFAN CEL MARE” FOCȘANI",5,"MUNICIPIUL FOCŞANI",174744,1,PROV,PRCNCT,EUP,EUP_SV,"2024-06-10 09:09:04",1057,1057,0,451,441,0,10,1169,718,438,13,4,27,8,19,3,213,6,2,7,3,15,59,2,3,57,10
41,VRANCEA,"ȘCOALA GIMNAZIALĂ „ȘTEFAN CEL MARE” FOCȘANI",4,"MUNICIPIUL FOCŞANI",174744,1,PROV,PRCNCT,EUP,EUP_SV,"2024-06-10 04:05:41",1248,1248,0,528,509,0,19,1378,850,500,28,0,20,16,16,4,221,1,1,10,2,28,75,0,3,85,18
41,VRANCEA,"SCOALA GIMNAZIALA SURAIA",293,SURAIA,177842,2,PROV,PRCNCT,EUP,EUP_SV,"2024-06-11 19:53:06",1734,1734,0,856,799,0,57,1932,1076,781,75,1,34,6,14,3,511,1,7,2,10,21,88,5,12,51,15
41,VRANCEA,"ȘCOALA GIMNAZIALĂ ȚIFEȘTI",313,ŢIFEŞTI,178180,1,PROV,PRCNCT,EUP,EUP_SV,"2024-06-10 03:14:53",827,827,0,480,468,0,12,911,431,446,34,4,34,0,9,5,228,0,2,6,4,8,69,0,3,63,11
41,VRANCEA,"SCOALA GIMNAZIALĂ ” VASILE IFTIMESCU ” VALEA SARII",320,"VALEA SĂRII",178313,2,PROV,PRCNCT,EUP,EUP_SV,"2024-06-11 14:56:21",655,655,0,455,414,0,41,721,266,419,36,2,37,0,12,0,277,0,0,2,2,1,56,2,6,14,8
41,VRANCEA,"ȘCOALA GIMNAZIALĂ „VICTOR SLĂVESCU” COTEȘTI",147,COTEŞTI,175885,2,PROV,PRCNCT,EUP,EUP_SV,"2024-06-10 10:56:29",1112,1112,0,647,630,0,17,1228,581,599,48,3,25,9,6,6,237,2,4,0,11,4,113,7,6,162,4
41,VRANCEA,"ŞCOALA GIMNAZIALĂ VÎNĂTORI",324,VÂNĂTORI,178607,1,PROV,PRCNCT,EUP,EUP_SV,"2024-06-10 11:38:50",1377,1377,0,768,751,0,17,1507,739,735,33,4,63,9,29,4,347,0,9,11,17,33,90,4,4,84,27
41,VRANCEA,"ȘCOALA GIMNAZIALĂ VOETIN",276,SIHLEA,177600,2,PROV,PRCNCT,EUP,EUP_SV,"2024-06-10 14:10:35",849,849,0,425,391,0,34,936,511,376,49,1,25,3,3,0,285,0,4,4,6,2,34,3,1,3,2
41,VRANCEA,"SCOALA GOGOIU",259,RĂCOASA,177405,2,PROV,PRCNCT,EUP,EUP_SV,"2024-06-10 05:16:39",180,180,0,95,86,0,9,180,85,86,9,0,8,0,0,0,49,1,0,2,0,0,20,0,1,3,2
41,VRANCEA,"SCOALA HANGULESTI",362,VULTURU,178821,2,PROV,PRCNCT,EUP,EUP_SV,"2024-06-11 13:24:04",893,893,0,443,409,0,34,984,541,416,27,1,11,1,5,0,290,3,4,4,7,4,45,1,0,36,4
41,VRANCEA,"ȘCOALA I-IV NOUĂ",123,CÂMPINEANCA,174780,1,PROV,PRCNCT,EUP,EUP_SV,"2024-06-10 06:55:57",554,554,0,335,305,0,30,613,278,316,19,3,20,0,7,2,206,1,0,2,3,5,41,3,1,19,3
41,VRANCEA,"ȘCOALA I-IV NOUĂ",121,CÂMPINEANCA,174780,1,PROV,PRCNCT,EUP,EUP_SV,"2024-06-10 09:02:29",1719,1719,0,993,967,0,26,1883,890,952,41,5,62,10,16,3,536,3,5,14,4,29,137,4,4,90,30
41,VRANCEA,"ȘCOALA I-IV NOUĂ",122,CÂMPINEANCA,174780,2,PROV,PRCNCT,EUP,EUP_SV,"2024-06-11 10:49:29",1604,1604,0,890,857,0,33,1763,873,855,35,2,57,8,24,5,464,3,2,18,13,20,126,10,5,74,24
41,VRANCEA,"SCOALA ION CREANGA DUPA MAGURA",346,VINTILEASCA,178475,2,PROV,PRCNCT,EUP,EUP_SV,"2024-06-11 13:13:41",64,64,0,40,33,0,7,70,30,38,2,0,5,1,0,0,27,0,0,0,0,0,3,1,0,1,0
41,VRANCEA,"SCOALA IUGANI",109,BOGHEŞTI,175260,2,PROV,PRCNCT,EUP,EUP_SV,"2024-06-12 16:37:00",101,101,0,82,62,0,20,107,25,75,7,1,3,21,1,0,32,0,0,0,1,0,11,0,2,3,0
41,VRANCEA,"ŞCOALA LEPŞA",312,TULNICI,178117,1,PROV,PRCNCT,EUP,EUP_SV,"2024-06-10 04:17:31",390,390,0,250,175,0,75,430,180,238,12,2,8,4,3,1,135,0,2,8,0,10,43,0,2,17,3
41,VRANCEA,"SCOALA MALURI",363,VULTURU,178821,1,PROV,PRCNCT,EUP,EUP_SV,"2024-06-10 03:29:32",405,405,0,202,184,0,18,447,245,190,12,1,4,3,0,0,122,0,1,2,1,0,49,0,0,6,1
41,VRANCEA,"SCOALA NR.1",218,MOVILIŢA,176793,2,PROV,PRCNCT,EUP,EUP_SV,"2024-06-10 16:27:35",705,705,0,357,347,0,10,773,416,326,31,1,16,6,8,1,117,2,5,2,4,2,55,3,7,93,4
41,VRANCEA,"SCOALA NR.2",217,MOVILIŢA,176793,2,PROV,PRCNCT,EUP,EUP_SV,"2024-06-10 13:23:25",621,621,0,342,323,0,19,681,339,317,25,1,23,3,3,1,150,0,2,9,1,8,51,5,0,53,7
41,VRANCEA,"ŞCOALA PĂDURENI",84,"ORAŞ MĂRĂŞEŞTI",174922,1,PROV,PRCNCT,EUP,EUP_SV,"2024-06-10 02:47:36",401,401,0,204,192,0,12,439,235,193,11,3,10,16,0,0,111,0,0,6,0,3,32,0,2,5,5
41,VRANCEA,"ȘCOALA PRIMARĂ ALEXANDRU VLAHUȚĂ DRAGOSLOVENI",154,DUMBRĂVENI,175938,2,PROV,PRCNCT,EUP,EUP_SV,"2024-06-10 07:14:00",897,897,0,552,526,0,26,981,429,510,42,1,43,1,6,3,307,0,3,6,3,2,81,6,15,15,18
41,VRANCEA,"ŞCOALA PRIMARĂ BALTA RAŢEI",325,VÂNĂTORI,178607,1,PROV,PRCNCT,EUP,EUP_SV,"2024-06-10 02:21:30",243,243,0,116,103,0,13,267,151,110,6,3,19,1,3,1,36,1,0,1,1,1,17,2,1,18,5
41,VRANCEA,"ȘCOALA PRIMARĂ BICEȘTII DE JOS",156,DUMITREŞTI,175983,3,PROV,PRCNCT,EUP,EUP_SV,"2024-06-12 18:04:46",537,537,0,334,325,0,9,592,258,285,49,0,12,3,2,1,228,1,1,0,0,0,28,4,0,2,3
41,VRANCEA,"ȘCOALA PRIMARĂ BICEȘTII DE SUS",157,DUMITREŞTI,175983,3,PROV,PRCNCT,EUP,EUP_SV,"2024-06-12 15:32:57",554,554,0,409,391,0,18,610,201,378,31,1,12,1,5,1,231,0,2,1,1,1,111,0,2,7,2
41,VRANCEA,"SCOALA PRIMARA BOSTANESTI",241,PĂUNEŞTI,177236,2,PROV,PRCNCT,EUP,EUP_SV,"2024-06-10 13:26:33",873,873,0,406,396,0,10,970,564,363,43,3,11,51,8,2,189,0,6,4,3,3,52,3,3,18,7
41,VRANCEA,"SCOALA PRIMARA BUDA",144,CORBIŢA,175787,1,PROV,PRCNCT,EUP,EUP_SV,"2024-06-10 02:31:58",389,389,0,268,254,0,14,425,157,245,23,0,11,2,4,1,183,2,1,0,0,4,31,0,1,2,3
41,VRANCEA,"SCOALĂ PRIMARA BURCIOAIA",71,"MUNICIPIUL ADJUD",174860,1,PROV,PRCNCT,EUP,EUP_SV,"2024-06-10 02:10:03",434,434,0,170,165,0,5,479,309,161,9,1,13,11,1,1,95,0,0,0,2,0,24,0,6,5,2
41,VRANCEA,"ȘCOALA PRIMARĂ CĂIATA",275,SIHLEA,177600,3,PROV,PRCNCT,EUP,EUP_SV,"2024-06-10 07:03:28",598,598,0,294,278,0,16,659,365,275,19,0,21,4,2,1,181,0,0,1,1,2,47,1,3,9,2
41,VRANCEA,"ŞCOALA PRIMARĂ CĂLIMĂNEŞTI",82,"ORAŞ MĂRĂŞEŞTI",174922,1,PROV,PRCNCT,EUP,EUP_SV,"2024-06-10 03:16:27",460,460,0,246,238,0,8,503,257,225,21,0,14,13,1,0,115,0,0,1,0,1,70,0,2,8,0
41,VRANCEA,"ȘCOALA PRIMARĂ CĂTĂUȚI",133,CHIOJDENI,175509,2,PROV,PRCNCT,EUP,EUP_SV,"2024-06-10 20:15:06",236,236,0,168,145,0,23,258,90,153,15,0,2,2,0,0,137,0,0,0,0,0,9,0,2,1,0
41,VRANCEA,"ȘCOALA PRIMARĂ CERBU",201,JITIA,176551,1,PROV,PRCNCT,EUP,EUP_SV,"2024-06-10 04:40:22",178,178,0,129,116,0,13,197,68,122,7,1,1,2,2,0,88,0,0,1,2,3,13,1,2,6,0
41,VRANCEA,"SCOALA PRIMARA CÎMPURI",124,CÂMPURI,175670,1,PROV,PRCNCT,EUP,EUP_SV,"2024-06-10 05:15:43",781,781,0,488,482,0,6,861,373,449,39,1,24,3,1,1,318,0,0,1,1,3,86,3,1,4,2
41,VRANCEA,"ŞCOALA PRIMARĂ CORNETU SALA A",280,"SLOBOZIA BRADULUI",177655,2,PROV,PRCNCT,EUP,EUP_SV,"2024-06-11 15:17:27",551,551,0,413,403,0,10,608,195,329,84,0,4,0,0,0,288,0,0,0,2,0,31,0,0,4,0
41,VRANCEA,"ŞCOALA PRIMARĂ CORNETU SALA B",281,"SLOBOZIA BRADULUI",177655,1,PROV,PRCNCT,EUP,EUP_SV,"2024-06-10 03:44:44",602,602,0,426,420,0,6,663,237,337,89,0,5,2,1,0,284,0,0,0,7,0,34,2,0,2,0
41,VRANCEA,"ȘCOALA PRIMARĂ COSTIȘA",297,TĂNĂSOAIA,177879,2,PROV,PRCNCT,EUP,EUP_SV,"2024-06-11 22:21:56",176,176,0,145,111,0,34,193,48,132,13,2,1,1,0,0,31,0,0,2,5,0,22,1,0,64,3
41,VRANCEA,"SCOALA PRIMARA COTESTI",148,COTEŞTI,175885,2,PROV,PRCNCT,EUP,EUP_SV,"2024-06-10 07:27:32",457,457,0,262,249,0,13,498,236,247,15,1,12,3,2,1,86,0,0,1,2,2,36,0,5,96,0
41,VRANCEA,"ȘCOALA PRIMARĂ DEALU LUNG",186,"GURA CALIŢEI",176338,2,PROV,PRCNCT,EUP,EUP_SV,"2024-06-10 07:26:46",304,304,0,201,190,0,11,334,133,171,30,1,2,0,1,0,144,0,1,0,1,0,16,1,0,3,1
41,VRANCEA,"SCOALA PRIMARA DIOCHETI-REDIU",219,MOVILIŢA,176793,2,PROV,PRCNCT,EUP,EUP_SV,"2024-06-10 17:13:45",552,552,0,306,291,0,15,609,303,260,46,3,27,3,4,4,100,2,3,3,6,0,39,3,4,55,4
41,VRANCEA,"ȘCOALA PRIMARĂ DUMITREȘTII DE SUS",158,DUMITREŞTI,175983,1,PROV,PRCNCT,EUP,EUP_SV,"2024-06-10 02:03:47",213,213,0,158,152,0,6,232,74,144,14,0,6,1,3,0,94,1,1,0,1,6,23,0,3,4,1
41,VRANCEA,"ȘCOALA PRIMARĂ DUMITREȘTII - FAȚĂ",159,DUMITREŞTI,175983,2,PROV,PRCNCT,EUP,EUP_SV,"2024-06-10 06:28:14",156,156,0,124,115,0,9,172,48,115,9,0,7,0,1,0,80,0,1,0,2,0,20,1,0,1,2
41,VRANCEA,"SCOALA PRIMARA FETESTI",126,CÂMPURI,175670,1,PROV,PRCNCT,EUP,EUP_SV,"2024-06-10 06:39:17",730,730,0,355,336,0,19,804,449,317,38,1,25,2,1,0,228,0,1,1,2,1,44,2,7,2,0
41,VRANCEA,"SCOALA PRIMARA FRECATEI",220,MOVILIŢA,176793,1,PROV,PRCNCT,EUP,EUP_SV,"2024-06-10 02:23:04",402,402,0,178,170,0,8,443,265,147,31,1,7,0,0,1,71,2,0,6,1,1,27,1,0,24,5
41,VRANCEA,"ȘCOALA PRIMARĂ GĂLOIEȘTI",160,DUMITREŞTI,175983,2,PROV,PRCNCT,EUP,EUP_SV,"2024-06-10 17:20:48",454,454,0,324,312,0,12,496,172,293,31,3,13,0,5,2,222,3,2,0,1,0,31,4,2,1,4
41,VRANCEA,"ŞCOALA PRIMARĂ HARET",83,"ORAŞ MĂRĂŞEŞTI",174922,3,PROV,PRCNCT,EUP,EUP_SV,"2024-06-12 19:46:26",532,532,0,305,292,0,13,584,279,288,17,2,8,41,1,0,115,1,0,6,1,1,80,0,0,29,3
41,VRANCEA,"ŞCOALA PRIMARĂ IVĂNCEŞTI",114,BOLOTEŞTI,175368,1,PROV,PRCNCT,EUP,EUP_SV,"2024-06-10 03:34:49",367,367,0,215,189,0,26,401,186,197,18,0,3,2,3,0,149,0,0,2,0,0,17,0,2,13,6
41,VRANCEA,"ȘCOALA PRIMARĂ LUNCILE",134,CHIOJDENI,175509,2,PROV,PRCNCT,EUP,EUP_SV,"2024-06-10 20:19:55",754,754,0,497,488,0,9,834,337,416,81,0,27,3,3,1,325,0,2,0,0,2,41,6,2,1,3
41,VRANCEA,"ȘCOALA PRIMARĂ MĂNASTIOARA",170,FITIONEŞTI,176150,1,PROV,PRCNCT,EUP,EUP_SV,"2024-06-10 05:03:18",472,472,0,260,256,0,4,519,259,242,18,0,20,3,0,3,115,3,2,4,2,3,48,5,7,27,0
41,VRANCEA,"ȘCOALA PRIMARĂ MOTNĂU",162,DUMITREŞTI,175983,2,PROV,PRCNCT,EUP,EUP_SV,"2024-06-12 09:39:17",235,235,0,191,170,0,21,259,68,176,15,0,7,1,4,0,116,0,2,1,1,1,31,1,3,8,0
41,VRANCEA,"ȘCOALA PRIMARĂ ”NICOLAE V. BĂLAN” LACU LUI BABAN",187,"GURA CALIŢEI",176338,1,PROV,PRCNCT,EUP,EUP_SV,"2024-06-10 04:26:39",340,340,0,200,189,0,11,373,173,157,43,5,21,3,2,0,85,1,1,0,2,1,17,1,1,16,1
41,VRANCEA,"SCOALA PRIMARA NOVACESTI",240,PĂUNEŞTI,177236,2,PROV,PRCNCT,EUP,EUP_SV,"2024-06-11 18:29:47",1465,1465,0,688,682,0,6,1612,924,618,70,1,44,92,8,1,287,3,3,15,7,1,104,3,12,16,21
41,VRANCEA,"ȘCOALA PRIMARĂ NR.1 RĂCHITAȘU",102,"ANDREIAŞU DE JOS",175126,2,PROV,PRCNCT,EUP,EUP_SV,"2024-06-11 15:22:47",513,513,0,299,276,0,23,567,268,273,26,2,4,3,1,0,222,0,0,1,1,0,27,0,1,8,3
41,VRANCEA,"SCOALA PRIMARA NR 2 MARGINEA",196,JARIŞTEA,176506,2,PROV,PRCNCT,EUP,EUP_SV,"2024-06-10 20:16:55",740,740,0,419,408,0,11,813,394,388,31,2,14,2,9,0,249,1,1,2,2,5,46,21,6,23,5
41,VRANCEA,"SCOALA PRIMARA PADURENI",197,JARIŞTEA,176506,2,PROV,PRCNCT,EUP,EUP_SV,"2024-06-10 21:00:39",381,381,0,221,200,0,21,421,200,210,11,0,11,1,2,0,164,0,0,0,1,1,20,3,1,5,1
41,VRANCEA,"ȘCOALA PRIMARĂ PĂVĂLARI",288,SPULBER,178965,2,PROV,PRCNCT,EUP,EUP_SV,"2024-06-10 09:31:11",96,96,0,70,64,0,6,105,35,68,2,0,2,0,0,0,51,0,0,0,1,2,7,1,0,1,3
41,VRANCEA,"ȘCOALA PRIMARĂ PLOPU",188,"GURA CALIŢEI",176338,2,PROV,PRCNCT,EUP,EUP_SV,"2024-06-10 06:59:46",265,265,0,164,157,0,7,291,127,146,18,0,5,1,1,0,120,0,0,0,0,0,13,1,2,3,0
41,VRANCEA,"ŞCOALA PRIMARĂ POIANA - SALA GRĂDINIȚEI",356,VRÂNCIOAIA,178750,2,PROV,PRCNCT,EUP,EUP_SV,"2024-06-11 20:28:32",540,540,0,480,343,0,137,595,115,434,46,1,26,4,6,0,290,0,1,2,5,8,69,0,3,17,2
41,VRANCEA,"ȘCOALA PRIMARĂ POIENIȚA",163,DUMITREŞTI,175983,2,PROV,PRCNCT,EUP,EUP_SV,"2024-06-10 09:12:28",170,170,0,150,132,0,18,186,36,148,2,0,1,0,0,0,134,0,0,0,0,0,10,1,1,1,0
41,VRANCEA,"ȘCOALA PRIMARĂ RĂIUȚI",265,REGHIU,177469,1,PROV,PRCNCT,EUP,EUP_SV,"2024-06-10 01:13:43",238,238,0,156,147,0,9,260,104,141,15,0,1,1,1,1,100,0,0,0,0,4,23,0,0,7,3
41,VRANCEA,"SCOALA PRIMARA RIMNICEANCA",334,VÂRTEŞCOIU,178689,1,PROV,PRCNCT,EUP,EUP_SV,"2024-06-10 01:59:36",252,252,0,149,143,0,6,278,129,142,7,0,16,1,1,2,93,0,0,1,1,2,18,1,3,3,0
41,VRANCEA,"SCOALA PRIMARA SAT ARGEA",246,PLOSCUŢENI,178894,2,PROV,PRCNCT,EUP,EUP_SV,"2024-06-11 16:29:51",381,381,0,223,211,0,12,417,194,203,20,1,26,0,1,0,144,0,0,0,2,0,20,0,4,5,0
41,VRANCEA,"SCOALA PRIMARA SCINTEIA",198,JARIŞTEA,176506,2,PROV,PRCNCT,EUP,EUP_SV,"2024-06-10 17:24:16",172,172,0,116,101,0,15,186,70,112,4,1,3,0,0,0,91,0,1,0,0,3,5,4,2,1,1
41,VRANCEA,"ŞCOALA PRIMARĂ ”SIRETU”",76,"ORAŞ MĂRĂŞEŞTI",174922,2,PROV,PRCNCT,EUP,EUP_SV,"2024-06-12 20:25:42",1904,1904,0,725,715,0,10,2099,1374,573,152,2,8,69,1,1,198,0,0,2,1,4,278,2,3,4,0
41,VRANCEA,"SCOALĂ PRIMARA SISCANI",73,"MUNICIPIUL ADJUD",174860,1,PROV,PRCNCT,EUP,EUP_SV,"2024-06-10 03:10:39",704,704,0,336,328,0,8,764,428,314,22,1,18,19,5,1,209,0,3,2,1,5,35,2,5,6,2
41,VRANCEA,"SCOALA PRIMARA SURLEA",239,PĂUNEŞTI,177236,2,PROV,PRCNCT,EUP,EUP_SV,"2024-06-11 17:23:48",1060,1060,0,470,460,0,10,1174,704,409,61,1,26,47,8,1,206,0,3,9,6,5,71,0,4,19,3
41,VRANCEA,"SCOALA PRIMARA TERCHESTI",254,POPEŞTI,178901,2,PROV,PRCNCT,EUP,EUP_SV,"2024-06-11 19:46:44",447,447,0,255,242,0,13,494,239,240,15,1,8,0,5,1,171,0,3,1,1,0,40,2,1,5,1
41,VRANCEA,"ȘCOALA PRIMARĂ TINOASA",164,DUMITREŞTI,175983,3,PROV,PRCNCT,EUP,EUP_SV,"2024-06-11 08:48:38",109,109,0,104,83,0,21,119,15,102,2,0,8,1,1,0,80,0,0,0,3,1,3,0,1,3,1
41,VRANCEA,"ȘCOALA PRIMARĂ TRESTIA",165,DUMITREŞTI,175983,2,PROV,PRCNCT,EUP,EUP_SV,"2024-06-10 11:26:13",115,115,0,90,79,0,11,123,33,89,1,0,10,0,5,0,41,0,0,0,0,2,24,0,3,4,0
41,VRANCEA,"SCOALA PRIMARA TROTUSANU",221,MOVILIŢA,176793,2,PROV,PRCNCT,EUP,EUP_SV,"2024-06-10 13:43:45",369,369,0,227,214,0,13,404,177,215,12,4,15,2,4,1,124,3,0,1,18,0,36,2,2,0,3
41,VRANCEA,"ȘCOALA PRIMARĂ TULBUREA",135,CHIOJDENI,175509,2,PROV,PRCNCT,EUP,EUP_SV,"2024-06-10 20:20:12",250,250,0,183,173,0,10,271,88,173,10,0,5,0,1,0,140,1,0,0,0,2,20,0,2,1,1
41,VRANCEA,"ŞCOALA PRIMARĂ URECHEŞTI",319,URECHEŞTI,178279,1,PROV,PRCNCT,EUP,EUP_SV,"2024-06-10 04:08:05",462,462,0,258,251,0,7,505,247,243,15,3,8,1,16,0,158,1,1,4,2,4,31,2,2,4,6
41,VRANCEA,"SCOALA PRIMARA VARSATURA",199,JARIŞTEA,176506,2,PROV,PRCNCT,EUP,EUP_SV,"2024-06-10 20:14:32",478,478,0,227,205,0,22,524,297,221,6,3,13,1,3,0,147,2,4,1,0,0,28,9,2,7,1
41,VRANCEA,"ȘCOALA PRIMARĂ VLADNICU DE SUS",299,TĂNĂSOAIA,177879,2,PROV,PRCNCT,EUP,EUP_SV,"2024-06-11 22:11:20",191,191,0,137,100,0,37,208,71,135,2,1,4,1,1,0,56,0,0,1,1,1,50,1,2,15,1
41,VRANCEA,"SCOALA RADACINESTI",146,CORBIŢA,175787,1,PROV,PRCNCT,EUP,EUP_SV,"2024-06-10 00:33:20",342,342,0,243,225,0,18,372,129,212,31,0,22,5,6,0,130,1,0,3,3,0,29,0,2,8,3
41,VRANCEA,"SCOALA SALCIA VECHE",141,CIORĂŞTI,175590,1,PROV,PRCNCT,EUP,EUP_SV,"2024-06-10 02:25:54",230,230,0,145,133,0,12,252,107,135,10,0,7,1,2,1,103,2,2,0,0,2,9,0,1,4,1
41,VRANCEA,"SCOALA SATU NOU",142,CIORĂŞTI,175590,1,PROV,PRCNCT,EUP,EUP_SV,"2024-06-10 01:30:40",182,182,0,107,96,0,11,200,93,97,10,0,4,3,0,0,71,0,1,0,0,0,14,2,1,0,1
41,VRANCEA,"SCOALA SLIMNIC",307,TÂMBOEŞTI,178046,2,PROV,PRCNCT,EUP,EUP_SV,"2024-06-10 11:40:01",999,999,0,642,598,0,44,1108,466,586,56,0,19,7,6,1,444,0,1,7,7,2,70,5,0,13,4
41,VRANCEA,"SCOALA TRESTIENI",308,TÂMBOEŞTI,178046,3,PROV,PRCNCT,EUP,EUP_SV,"2024-06-10 05:42:24",132,132,0,113,75,0,38,145,32,106,7,1,4,4,1,1,87,0,0,0,0,0,5,0,1,0,2
41,VRANCEA,"SCOALA VADU ROSCA",364,VULTURU,178821,1,PROV,PRCNCT,EUP,EUP_SV,"2024-06-10 03:56:23",523,523,0,200,183,0,17,575,375,189,11,3,6,0,2,0,108,0,1,1,1,3,32,3,1,28,0
41,VRANCEA,"SCOALA VALEA COTESTI",151,COTEŞTI,175885,2,PROV,PRCNCT,EUP,EUP_SV,"2024-06-11 22:34:38",620,620,0,388,371,0,17,658,270,363,25,3,13,1,4,3,146,1,2,1,5,6,68,2,3,101,4
41,VRANCEA,"ȘCOALA VECHE SAT COSTIȘA",193,HOMOCEA,176445,2,PROV,PRCNCT,EUP,EUP_SV,"2024-06-10 06:56:31",292,292,0,154,143,0,11,323,169,144,10,2,12,5,3,0,104,0,0,0,0,0,8,2,1,6,1
41,VRANCEA,"SOALA DIN PIISCU-RADULUI",351,VIZANTEA-LIVEZI,178545,1,PROV,PRCNCT,EUP,EUP_SV,"2024-06-10 04:31:22",330,330,0,187,172,0,15,364,177,173,14,0,5,1,2,0,135,0,0,0,1,1,22,0,3,3,0
41,VRANCEA,"ȘOALA GIMNAZIALĂ PETRE MIRONESCU -MERA",211,MERA,176686,1,PROV,PRCNCT,EUP,EUP_SV,"2024-06-10 09:43:57",523,523,0,343,317,0,26,774,431,332,11,1,9,2,2,0,275,0,0,2,2,2,29,0,0,6,2
41,VRANCEA,"SPAȚII BIROURI JANDARMI",94,"ORAŞ PANCIU",175055,2,PROV,PRCNCT,EUP,EUP_SV,"2024-06-12 08:50:54",946,946,0,433,413,0,20,1037,604,412,21,2,32,3,5,1,183,2,0,8,1,7,70,4,3,72,19
41,VRANCEA,"STAȚIE DE AȘTEPTARE MICROBUZ",348,VINTILEASCA,178475,2,PROV,PRCNCT,EUP,EUP_SV,"2024-06-10 08:31:05",55,55,0,41,30,0,11,60,19,37,4,0,0,0,0,0,30,0,0,0,0,0,5,1,0,1,0
41,VRANCEA,"TEATRUL MUNICIPAL „MAIOR GHEORGHE PASTIA” FOCŞANI",2,"MUNICIPIUL FOCŞANI",174744,1,PROV,PRCNCT,EUP,EUP_SV,"2024-06-11 18:22:02",1501,1501,0,717,691,0,26,1656,939,694,23,3,27,12,12,5,319,7,3,14,4,44,102,10,3,106,23
