precinct_county_nce,precinct_county_name,precinct_name,precinct_nr,uat_name,uat_siruta,report_version,report_stage_code,report_type_scope_code,report_type_category_code,report_type_code,created_at,a,a1,a2,b,b1,b2,b3,c,d,e,f,"UNIUNEA DEMOCRATĂ MAGHIARĂ DIN ROMÂNIA-voturi","ALIANȚA ELECTORALĂ PSD PNL-voturi","PARTIDUL REÎNNOIM PROIECTUL EUROPEAN AL ROMÂNIEI-voturi","ALIANȚA AUR-voturi","PARTIDUL UMANIST SOCIAL LIBERAL-voturi","ALIANȚA DREAPTA UNITĂ USR - PMP - FORȚA DREPTEI-voturi","ROMÂNIA SOCIALISTĂ-voturi","PARTIDUL ROMÂNIA MARE-voturi","PARTIDUL PATRIOȚILOR-voturi","PARTIDUL ALTERNATIVA DREAPTĂ-voturi","PARTIDUL S.O.S. ROMÂNIA-voturi","PARTIDUL DIASPORA UNITĂ-voturi","PÎRVĂNESCU PAULA-MARINELA-voturi","GHEORGHE VLAD-DAN-voturi","ȘTEFĂNUȚĂ NICOLAE-BOGDĂNEL-voturi","ȘOȘOACĂ DUMITRU-SILVESTRU-voturi"
29,NEAMŢ,"ANEXĂ ȘCOALA NEGREȘTI",183,BIRA,121386,1,PROV,PRCNCT,EUP,EUP_SV,"2024-06-10 03:36:21",150,150,0,96,83,0,13,200,104,88,8,1,63,2,6,2,1,0,1,1,0,4,1,1,2,0,3
29,NEAMŢ,"BIBLIOTECA COMUNALA FAUREI",277,FĂUREI,122613,1,PROV,PRCNCT,EUP,EUP_SV,"2024-06-10 01:34:59",209,201,8,212,201,3,8,300,166,119,15,1,64,0,9,0,36,0,1,0,0,5,1,0,1,0,1
29,NEAMŢ,"CAMIN CULTURAL",174,BICAZ-CHEI,121297,1,PROV,PRCNCT,EUP,EUP_SV,"2024-06-10 05:11:59",1095,1095,0,599,588,0,11,1200,601,553,46,3,392,2,79,1,3,0,0,3,2,28,9,4,13,6,8
29,NEAMŢ,"CAMIN CULTURAL",322,"ION CREANGĂ",123102,1,PROV,PRCNCT,EUP,EUP_SV,"2024-06-10 03:18:21",787,787,0,486,466,0,20,900,414,456,30,1,346,0,42,1,4,2,6,1,0,25,13,1,4,5,5
29,NEAMŢ,"CAMIN CULTURAL",311,HORIA,120922,1,PROV,PRCNCT,EUP,EUP_SV,"2024-06-10 06:00:15",1739,1738,1,784,778,0,6,1900,1116,722,62,5,303,13,207,7,70,4,5,1,3,45,18,2,17,19,3
29,NEAMŢ,"CAMIN CULTURAL",442,TAŞCA,124563,1,PROV,PRCNCT,EUP,EUP_SV,"2024-06-10 05:46:55",1362,1345,17,767,736,16,15,1500,733,715,52,9,301,20,185,21,26,6,8,3,0,69,22,6,9,17,13
29,NEAMŢ,"”CĂMIN CULTURAL”",206,BORLEŞTI,121732,1,PROV,PRCNCT,EUP,EUP_SV,"2024-06-10 00:30:28",244,237,7,96,89,0,7,300,204,91,5,0,54,2,13,1,7,1,0,1,2,6,0,0,0,2,2
29,NEAMŢ,"CĂMIN CULTURAL",325,"ION CREANGĂ",123102,1,PROV,PRCNCT,EUP,EUP_SV,"2024-06-10 06:35:25",645,645,0,379,361,0,18,700,321,361,18,4,265,2,49,0,10,1,1,1,1,11,3,0,4,3,6
29,NEAMŢ,"CĂMIN CULTURAL",178,"BICAZU ARDELEAN",121340,1,PROV,PRCNCT,EUP,EUP_SV,"2024-06-10 05:15:08",1290,1269,21,637,601,21,15,1400,763,611,26,6,346,5,118,2,43,1,2,5,0,31,7,2,21,11,11
29,NEAMŢ,"CĂMIN CULTURAL",324,"ION CREANGĂ",123102,1,PROV,PRCNCT,EUP,EUP_SV,"2024-06-10 03:54:50",655,655,0,394,364,0,30,700,306,367,27,3,277,3,45,0,5,1,1,5,2,16,2,0,2,3,2
29,NEAMŢ,"CĂMIN CULTURAL NOU ȘI BIBLIOTECĂ",320,"ION CREANGĂ",123102,1,PROV,PRCNCT,EUP,EUP_SV,"2024-06-10 05:13:20",956,956,0,570,561,0,9,1100,530,538,32,1,373,6,82,1,5,1,4,4,1,34,4,1,11,5,5
29,NEAMŢ,"CĂMIN CULTURAL NOU ȘI BIBLIOTECĂ",321,"ION CREANGĂ",123102,1,PROV,PRCNCT,EUP,EUP_SV,"2024-06-10 04:05:50",1170,1148,22,615,593,13,9,1300,685,563,52,2,354,6,86,9,12,6,2,4,1,49,5,0,6,8,13
29,NEAMŢ,"CĂMIN CULTURAL SABASA",201,BORCA,121652,1,PROV,PRCNCT,EUP,EUP_SV,"2024-06-10 06:57:41",959,951,8,600,591,1,8,1000,400,564,36,4,388,1,108,3,5,3,5,2,0,19,2,0,9,10,5
29,NEAMŢ,"CAMIN CULTURAL VALEA URSULUI",473,"VALEA URSULUI",124885,1,PROV,PRCNCT,EUP,EUP_SV,"2024-06-10 01:59:20",746,745,1,391,383,1,7,800,409,349,42,3,267,0,34,4,5,0,1,2,5,17,1,0,6,0,4
29,NEAMŢ,"CAMINUL CULTURAL",448,TĂMĂŞENI,124634,1,PROV,PRCNCT,EUP,EUP_SV,"2024-06-10 03:58:51",1050,1050,0,367,356,0,11,1100,733,348,19,5,154,16,31,6,71,1,2,2,2,17,3,4,11,20,3
29,NEAMŢ,"CAMINUL CULTURAL",445,TAZLĂU,124616,1,PROV,PRCNCT,EUP,EUP_SV,"2024-06-10 05:50:49",1178,1178,0,676,633,0,43,1300,624,615,61,4,412,5,79,2,20,3,3,4,8,37,5,2,12,8,11
29,NEAMŢ,"CĂMINUL CULTURAL",423,SECUIENI,124233,1,PROV,PRCNCT,EUP,EUP_SV,"2024-06-10 08:22:35",848,848,0,461,448,0,13,900,439,427,34,2,288,5,60,4,11,6,3,5,0,18,4,2,9,1,9
29,NEAMŢ,"CĂMINUL CULTURAL",421,SECUIENI,124233,1,PROV,PRCNCT,EUP,EUP_SV,"2024-06-10 05:05:47",736,736,0,398,381,0,17,800,402,371,27,2,210,6,75,2,13,3,2,2,3,23,6,4,6,8,6
29,NEAMŢ,"CĂMINUL CULTURAL",273,FARCAŞA,122551,1,PROV,PRCNCT,EUP,EUP_SV,"2024-06-10 03:08:04",719,719,0,388,375,0,13,800,412,355,33,5,214,6,53,12,4,3,4,5,0,27,4,2,6,6,4
29,NEAMŢ,"CĂMINUL CULTURAL",232,CORDUN,120888,1,PROV,PRCNCT,EUP,EUP_SV,"2024-06-10 03:40:00",724,724,0,358,358,0,0,800,442,328,30,3,164,4,77,2,20,2,4,0,1,25,8,1,6,5,6
29,NEAMŢ,"CĂMINUL CULTURAL",298,GRINŢIEŞ,122864,1,PROV,PRCNCT,EUP,EUP_SV,"2024-06-10 06:10:02",1290,1290,0,719,661,0,58,1400,681,669,50,8,412,8,118,10,10,1,8,9,2,36,7,4,8,16,12
29,NEAMŢ,"CĂMINUL CULTURAL",248,DOCHIA,125098,1,PROV,PRCNCT,EUP,EUP_SV,"2024-06-10 01:19:29",104,104,0,58,51,0,7,199,141,55,3,1,30,0,10,7,0,0,0,1,0,3,0,0,0,1,2
29,NEAMŢ,"CĂMINUL CULTURAL BIRA",182,BIRA,121386,1,PROV,PRCNCT,EUP,EUP_SV,"2024-06-10 10:20:15",629,624,5,339,314,5,20,700,361,310,28,3,190,7,46,0,10,0,2,1,1,31,3,1,5,7,3
29,NEAMŢ,"CĂMINUL CULTURAL CÂRLIG",263,DULCEŞTI,122463,1,PROV,PRCNCT,EUP,EUP_SV,"2024-06-10 03:45:16",329,329,0,329,312,0,17,500,171,312,17,2,116,1,19,1,136,4,1,4,1,9,3,2,7,4,2
29,NEAMŢ,"CĂMINUL CULTURAL CORHANA",264,DULCEŞTI,122463,1,PROV,PRCNCT,EUP,EUP_SV,"2024-06-10 02:48:42",482,482,0,280,249,0,31,500,220,269,11,3,91,3,42,3,92,1,1,1,0,11,2,1,7,8,3
29,NEAMŢ,"CAMINUL CULTURAL DAMUC",242,DĂMUC,122249,1,PROV,PRCNCT,EUP,EUP_SV,"2024-06-10 07:10:09",1208,1208,0,760,711,0,49,1300,540,721,39,6,370,12,243,6,9,2,1,4,0,31,7,0,10,8,12
29,NEAMŢ,"CĂMINUL CULTURAL DOBRENI",245,DOBRENI,122285,1,PROV,PRCNCT,EUP,EUP_SV,"2024-06-10 09:21:05",1498,1498,0,946,869,0,77,1600,644,900,46,7,411,24,138,31,154,4,3,4,5,60,9,4,19,17,10
29,NEAMŢ,"CĂMINUL CULTURAL DULCEȘTI",262,DULCEŞTI,122463,1,PROV,PRCNCT,EUP,EUP_SV,"2024-06-10 06:09:17",883,883,0,578,526,0,52,1000,423,546,31,2,374,13,64,3,32,5,1,1,2,19,5,1,5,13,6
29,NEAMŢ,"CĂMINUL CULTURAL HÎRTOP",171,BÂRGĂUANI,121466,1,PROV,PRCNCT,EUP,EUP_SV,"2024-06-10 03:54:43",177,177,0,121,112,0,9,200,79,117,4,0,70,2,16,7,2,1,2,0,0,11,2,0,2,2,0
29,NEAMŢ,"CĂMINUL CULTURAL LOC.BLEBEA",145,"ORAŞ TÂRGU-NEAMŢ",121055,1,PROV,PRCNCT,EUP,EUP_SV,"2024-06-10 07:05:30",672,672,0,353,345,0,8,700,347,338,15,2,192,8,45,3,16,0,3,1,1,28,7,2,19,8,3
29,NEAMŢ,"CĂMINUL PENTRU PERSOANE VÂRSTNICE ROZNOV",131,"ORAŞ ROZNOV",124117,1,PROV,PRCNCT,EUP,EUP_SV,"2024-06-10 05:11:29",1355,1355,0,664,649,0,15,1500,836,598,66,10,317,8,111,8,18,5,4,4,2,62,18,2,12,13,4
29,NEAMŢ,"CASA CORPULUI DIDACTIC",54,"MUNICIPIUL PIATRA-NEAMŢ",120726,1,PROV,PRCNCT,EUP,EUP_SV,"2024-06-10 13:28:42",1291,1291,0,592,580,0,12,1400,808,567,25,5,219,20,92,32,49,6,6,6,2,50,19,12,15,20,14
29,NEAMŢ,"CASA DE PRĂZNUIRE A PAROHIEI ZVORĂNEŞTI",456,TIMIŞEŞTI,124661,1,PROV,PRCNCT,EUP,EUP_SV,"2024-06-10 01:31:37",132,129,3,78,75,0,3,200,122,76,2,0,45,0,12,0,0,0,3,0,0,6,0,0,4,1,5
29,NEAMŢ,"CASA SOCIALĂ A PAROHIEI ZVORĂNEŞTI, FILIA LUNCA MOLDOVEI",342,PĂSTRĂVENI,123371,1,PROV,PRCNCT,EUP,EUP_SV,"2024-06-10 02:21:45",237,237,0,178,170,0,8,299,121,167,11,2,102,2,27,1,6,0,1,0,0,12,3,0,10,0,1
29,NEAMŢ,"CENTRU CULTURAL MULTIFUNCTIONAL",489,ZĂNEŞTI,125061,1,PROV,PRCNCT,EUP,EUP_SV,"2024-06-10 05:46:09",1143,1143,0,621,596,0,25,1200,579,584,37,4,292,11,79,10,83,1,8,5,2,46,13,3,15,8,4
29,NEAMŢ,"CENTRUL CULTURAL IZVORU MUNTELUI",125,"ORAŞ BICAZ",120968,1,PROV,PRCNCT,EUP,EUP_SV,"2024-06-10 01:34:27",389,389,0,222,213,0,9,400,163,211,11,0,111,4,51,1,8,1,1,2,1,16,0,2,3,8,2
29,NEAMŢ,"CENTRUL DE ÎNGRIJIRE ŞI ASISTENŢĂ BĂTRÂNI (DISPENSAR 7)",103,"MUNICIPIUL ROMAN",120860,1,PROV,PRCNCT,EUP,EUP_SV,"2024-06-10 07:21:56",1818,1818,0,981,960,0,21,2000,1019,950,31,9,458,42,148,11,78,4,5,8,2,79,25,3,32,35,11
29,NEAMŢ,"CENTRUL DE PERMANENŢĂ DE LA DISPENSARUL MEDICAL NR. 6",83,"MUNICIPIUL ROMAN",120860,1,PROV,PRCNCT,EUP,EUP_SV,"2024-06-10 04:17:02",1183,1183,0,426,417,0,9,1300,874,412,14,3,219,10,60,5,26,0,11,3,2,17,13,9,15,13,6
29,NEAMŢ,"CENTRUL DE SPRIJIN ȘI ASISTENȚĂ DE SPECIALITATE PENTRU COPII",21,"MUNICIPIUL PIATRA-NEAMŢ",120726,1,PROV,PRCNCT,EUP,EUP_SV,"2024-06-10 03:21:47",1371,1371,0,470,456,0,14,1500,1030,457,13,8,168,20,60,30,32,5,5,5,6,44,26,12,23,6,7
29,NEAMŢ,"CENTRUL MEDICAL ADJUDENI",451,TĂMĂŞENI,124634,1,PROV,PRCNCT,EUP,EUP_SV,"2024-06-10 02:03:06",1514,1514,0,508,502,0,6,1700,1192,472,36,4,187,39,51,3,71,1,0,3,1,24,15,4,22,35,12
29,NEAMŢ,"CENTRUL SOCIAL - CARTIER SPERANŢA",36,"MUNICIPIUL PIATRA-NEAMŢ",120726,1,PROV,PRCNCT,EUP,EUP_SV,"2024-06-10 08:05:09",904,904,0,917,904,0,13,1000,585,389,17,1,134,4,65,37,12,6,2,2,2,67,10,7,13,18,9
29,NEAMŢ,"CENTRUL SOCIAL PIETRICICA",28,"MUNICIPIUL PIATRA-NEAMŢ",120726,1,PROV,PRCNCT,EUP,EUP_SV,"2024-06-10 06:31:47",1531,1531,0,656,644,0,12,1701,1045,619,37,3,243,42,96,33,53,9,6,6,6,30,27,14,21,23,7
29,NEAMŢ,CLĂDIRE,424,SECUIENI,124233,1,PROV,PRCNCT,EUP,EUP_SV,"2024-06-10 01:42:19",197,197,0,121,113,0,8,300,177,119,2,2,64,1,28,0,2,2,0,4,1,10,1,1,0,1,2
29,NEAMŢ,"CLĂDIRE ADMINISTRATIVĂ S.C. CMI URBAN S.A. (ŞTRAND MUNICIPAL)",37,"MUNICIPIUL PIATRA-NEAMŢ",120726,1,PROV,PRCNCT,EUP,EUP_SV,"2024-06-10 03:07:34",714,714,0,285,277,0,8,800,515,256,29,4,98,8,52,11,15,3,4,1,2,28,6,2,8,6,8
29,NEAMŢ,"CLĂDIREA ”SALA DE NUNŢI”",289,GHINDĂOANI,125114,1,PROV,PRCNCT,EUP,EUP_SV,"2024-06-10 03:53:44",1489,1489,0,1515,1489,0,26,1600,739,802,59,3,580,3,101,3,18,0,4,4,0,51,14,1,7,12,1
29,NEAMŢ,"CLADIRE ŞCOALĂ",234,COSTIŞA,122132,1,PROV,PRCNCT,EUP,EUP_SV,"2024-06-10 03:02:36",191,190,1,110,102,1,7,200,90,103,7,3,72,0,14,1,1,0,1,0,1,4,1,1,2,2,0
29,NEAMŢ,"CLUBUL COPIILOR",142,"ORAŞ TÂRGU-NEAMŢ",121055,1,PROV,PRCNCT,EUP,EUP_SV,"2024-06-10 06:28:35",1742,1742,0,802,778,0,24,1900,1098,781,21,9,419,21,102,10,54,7,6,2,2,59,23,7,25,28,7
29,NEAMŢ,"COLEGIUL NAȚIONAL ”CALISTRAT HOGAȘ”",7,"MUNICIPIUL PIATRA-NEAMŢ",120726,1,PROV,PRCNCT,EUP,EUP_SV,"2024-06-10 05:45:21",1270,1270,0,442,430,0,12,1400,970,415,15,0,164,38,75,18,48,3,4,1,4,16,13,5,14,8,4
29,NEAMŢ,"COLEGIUL NAȚIONAL DE INFORMATICĂ",29,"MUNICIPIUL PIATRA-NEAMŢ",120726,1,PROV,PRCNCT,EUP,EUP_SV,"2024-06-10 08:58:37",1787,1775,12,717,705,12,0,1900,1183,682,35,3,255,50,95,48,75,6,3,5,5,31,31,14,26,30,5
29,NEAMŢ,"COLEGIUL NAȚIONAL DE INFORMATICĂ",34,"MUNICIPIUL PIATRA-NEAMŢ",120726,1,PROV,PRCNCT,EUP,EUP_SV,"2024-06-10 05:47:29",885,885,0,366,357,0,9,1000,634,353,13,4,161,17,46,12,28,0,2,1,1,26,7,8,17,16,7
29,NEAMŢ,"COLEGIUL NAȚIONAL DE INFORMATICĂ",30,"MUNICIPIUL PIATRA-NEAMŢ",120726,1,PROV,PRCNCT,EUP,EUP_SV,"2024-06-10 09:23:57",1658,1658,0,803,790,0,13,1800,997,769,34,9,251,63,131,39,85,7,5,4,8,39,25,13,45,33,12
29,NEAMŢ,"COLEGIUL NAȚIONAL DE INFORMATICĂ",32,"MUNICIPIUL PIATRA-NEAMŢ",120726,1,PROV,PRCNCT,EUP,EUP_SV,"2024-06-10 04:20:53",1270,1250,20,567,547,0,20,1400,853,529,18,7,211,35,79,35,36,5,8,2,4,37,13,7,15,29,6
29,NEAMŢ,"COLEGIUL NAȚIONAL DE INFORMATICĂ",31,"MUNICIPIUL PIATRA-NEAMŢ",120726,1,PROV,PRCNCT,EUP,EUP_SV,"2024-06-10 04:10:41",1596,1596,0,609,604,0,5,1700,1094,584,22,2,214,44,105,36,57,12,6,1,3,32,19,10,18,17,8
29,NEAMŢ,"COLEGIUL NAȚIONAL DE INFORMATICĂ",33,"MUNICIPIUL PIATRA-NEAMŢ",120726,1,PROV,PRCNCT,EUP,EUP_SV,"2024-06-10 06:10:22",694,694,0,312,305,0,7,1100,792,294,14,1,102,9,38,13,13,6,1,3,1,70,7,2,10,11,7
29,NEAMŢ,"COLEGIUL NAȚIONAL ”GH. ASACHI”",23,"MUNICIPIUL PIATRA-NEAMŢ",120726,1,PROV,PRCNCT,EUP,EUP_SV,"2024-06-10 02:39:18",885,885,0,898,885,0,13,1000,717,276,7,1,112,7,63,17,13,1,1,1,0,25,11,4,10,7,3
29,NEAMŢ,"COLEGIUL NAȚIONAL ”GH. ASACHI”",24,"MUNICIPIUL PIATRA-NEAMŢ",120726,1,PROV,PRCNCT,EUP,EUP_SV,"2024-06-10 02:28:00",1070,1070,0,321,307,0,14,1200,879,297,24,3,123,7,63,17,25,5,4,2,2,20,3,2,11,4,6
29,NEAMŢ,"COLEGIUL NAȚIONAL ”PETRU RAREȘ”",5,"MUNICIPIUL PIATRA-NEAMŢ",120726,1,PROV,PRCNCT,EUP,EUP_SV,"2024-06-10 04:09:30",1578,1560,18,512,494,0,18,1700,1188,479,33,8,180,47,59,19,56,2,5,2,4,21,20,7,7,39,3
29,NEAMŢ,"COLEGIUL NAȚIONAL ”ROMAN VODĂ” - CORP A",76,"MUNICIPIUL ROMAN",120860,1,PROV,PRCNCT,EUP,EUP_SV,"2024-06-10 06:54:13",1123,1123,0,498,486,0,12,1200,702,480,18,2,255,23,58,15,44,5,3,5,0,26,17,4,15,6,2
29,NEAMŢ,"COLEGIUL NAŢIONAL ”ŞTEFAN CEL MARE”, CORP A, SALA 1",141,"ORAŞ TÂRGU-NEAMŢ",121055,1,PROV,PRCNCT,EUP,EUP_SV,"2024-06-10 07:13:38",1901,1901,0,932,914,0,18,2100,1168,893,39,6,418,19,151,6,89,7,14,7,4,53,37,5,24,42,11
29,NEAMŢ,"COLEGIUL NAŢIONAL ”ŞTEFAN CEL MARE”, CORP B, SALA 1",139,"ORAŞ TÂRGU-NEAMŢ",121055,1,PROV,PRCNCT,EUP,EUP_SV,"2024-06-10 08:18:16",1583,1583,0,651,640,0,11,1743,1092,609,30,6,320,13,91,10,53,4,5,2,2,37,22,7,10,19,8
29,NEAMŢ,"COLEGIUL NAŢIONAL ”ŞTEFAN CEL MARE”, CORP B, SALA 2 (FOSTA SECŢIE DE LA CASA CULTURII)",140,"ORAŞ TÂRGU-NEAMŢ",121055,1,PROV,PRCNCT,EUP,EUP_SV,"2024-06-10 05:53:50",1558,1558,0,710,699,0,11,1700,990,681,29,5,376,19,84,5,51,5,11,7,6,37,30,0,19,24,2
29,NEAMŢ,"COLEGIUL TEHNIC „DANUBIANA”",118,"MUNICIPIUL ROMAN",120860,1,PROV,PRCNCT,EUP,EUP_SV,"2024-06-10 08:55:32",1197,1197,0,531,483,0,48,1300,780,483,37,6,298,14,64,7,19,6,4,11,6,21,2,1,7,11,6
29,NEAMŢ,"COLEGIUL TEHNIC DE TRANSPORTURI",55,"MUNICIPIUL PIATRA-NEAMŢ",120726,1,PROV,PRCNCT,EUP,EUP_SV,"2024-06-10 03:06:06",1094,1094,0,434,400,0,34,1200,768,419,13,3,147,36,62,25,34,3,2,5,4,32,16,4,18,23,5
29,NEAMŢ,"COLEGIUL TEHNIC FORESTIER",56,"MUNICIPIUL PIATRA-NEAMŢ",120726,1,PROV,PRCNCT,EUP,EUP_SV,"2024-06-10 07:39:02",1210,1210,0,487,479,0,8,1300,813,458,29,3,175,38,88,20,42,5,4,4,3,21,16,8,12,14,5
29,NEAMŢ,"COLEGIUL TEHNIC FORESTIER",57,"MUNICIPIUL PIATRA-NEAMŢ",120726,1,PROV,PRCNCT,EUP,EUP_SV,"2024-06-10 05:31:09",1309,1309,0,575,556,0,19,1400,825,551,24,2,193,42,108,33,52,4,7,6,5,27,15,7,24,17,9
29,NEAMŢ,"COLEGIUL TEHNIC ”ION CREANGĂ”, CORP B",144,"ORAŞ TÂRGU-NEAMŢ",121055,1,PROV,PRCNCT,EUP,EUP_SV,"2024-06-10 01:13:06",1798,1798,0,55,49,0,6,2018,1963,54,1,0,28,0,10,1,5,1,0,0,0,6,0,0,1,1,1
29,NEAMŢ,"COLEGIUL TEHNIC ”ION CREANGĂ”, CORP B",143,"ORAŞ TÂRGU-NEAMŢ",121055,1,PROV,PRCNCT,EUP,EUP_SV,"2024-06-10 07:54:37",1685,1683,2,929,902,2,25,1827,898,903,26,6,443,22,148,10,69,7,9,5,1,69,29,5,29,37,14
29,NEAMŢ,"COLEGIUL TEHNIC „MIRON COSTIN”",99,"MUNICIPIUL ROMAN",120860,1,PROV,PRCNCT,EUP,EUP_SV,"2024-06-10 04:58:46",1175,1175,0,324,313,0,11,1300,976,301,23,3,175,6,40,3,11,5,4,0,2,23,13,4,4,6,2
29,NEAMŢ,"COLEGIUL TEHNIC „PETRU PONI” - CORP A",112,"MUNICIPIUL ROMAN",120860,1,PROV,PRCNCT,EUP,EUP_SV,"2024-06-10 08:51:17",1131,1118,13,439,426,0,13,1200,761,417,22,4,176,14,82,5,43,5,5,3,1,40,15,2,8,10,4
29,NEAMŢ,"COLEGIUL TEHNIC „PETRU PONI” - CORP B",113,"MUNICIPIUL ROMAN",120860,1,PROV,PRCNCT,EUP,EUP_SV,"2024-06-10 10:19:37",1386,1386,0,620,604,0,16,1500,880,591,29,3,294,34,74,6,45,6,11,4,3,49,20,7,22,9,4
29,NEAMŢ,"COMPLEXUL EXPOZIȚIONAL MUNICIPAL",45,"MUNICIPIUL PIATRA-NEAMŢ",120726,1,PROV,PRCNCT,EUP,EUP_SV,"2024-06-10 05:27:50",1264,1264,0,598,561,0,37,1400,802,580,18,5,214,59,94,20,61,4,4,5,8,44,15,5,14,22,6
29,NEAMŢ,"CONTAINER MODULAR",164,BĂLŢĂTEŞTI,121242,1,PROV,PRCNCT,EUP,EUP_SV,"2024-06-10 06:36:37",505,499,6,278,261,6,11,600,322,255,23,4,148,3,34,3,11,2,3,1,3,16,7,4,8,6,2
29,NEAMŢ,"CREŞA SMIRODAVA",96,"MUNICIPIUL ROMAN",120860,1,PROV,PRCNCT,EUP,EUP_SV,"2024-06-10 07:54:04",1310,1310,0,495,491,0,4,1400,905,464,31,5,249,16,64,5,26,10,4,1,3,26,12,7,16,16,4
29,NEAMŢ,"DIRECȚIA AGRICOLĂ",43,"MUNICIPIUL PIATRA-NEAMŢ",120726,1,PROV,PRCNCT,EUP,EUP_SV,"2024-06-10 04:54:29",1231,1228,3,555,536,0,19,1300,745,525,30,4,200,38,85,24,55,4,5,7,4,29,14,7,15,33,1
29,NEAMŢ,"DIRECŢIA DE ASISTENŢĂ SOCIALĂ ROMAN",104,"MUNICIPIUL ROMAN",120860,1,PROV,PRCNCT,EUP,EUP_SV,"2024-06-10 05:27:55",1011,1011,0,413,401,0,12,1100,687,395,18,4,193,12,57,10,34,2,3,0,1,26,16,6,11,15,5
29,NEAMŢ,"DISPENSARUL UMAN ROZNOV",130,"ORAŞ ROZNOV",124117,1,PROV,PRCNCT,EUP,EUP_SV,"2024-06-10 05:01:46",1530,1530,0,725,715,0,10,1600,875,677,48,3,370,10,116,6,33,7,4,5,5,57,17,3,12,11,18
29,NEAMŢ,"FOSTA GRĂDINIȚĂ DE COPII BÎRGĂUANI DEAL",167,BÂRGĂUANI,121466,1,PROV,PRCNCT,EUP,EUP_SV,"2024-06-10 04:54:12",425,411,14,286,253,14,19,500,214,270,16,2,216,1,23,1,4,0,0,0,0,13,0,0,6,2,2
29,NEAMŢ,"FOSTA SCOALĂ BOZIENII DE SUS",402,RUGINOASA,125105,1,PROV,PRCNCT,EUP,EUP_SV,"2024-06-10 02:12:18",293,257,36,218,169,33,16,400,182,200,18,4,149,0,20,1,7,0,0,0,1,10,2,0,5,0,1
29,NEAMŢ,"FOSTA ŞCOALA CU CLASELE I-IV,LOCALITATEA ŢUŢCANII DIN VALE",162,BAHNA,121153,1,PROV,PRCNCT,EUP,EUP_SV,"2024-06-10 03:49:37",254,236,18,171,140,18,13,300,129,164,7,3,136,0,8,1,1,0,0,1,0,4,0,0,4,6,0
29,NEAMŢ,"FOSTA SCOALA CU CLASELE I-IV SATUL HOCIUNGI",332,MOLDOVENI,123228,1,PROV,PRCNCT,EUP,EUP_SV,"2024-06-10 03:38:17",639,639,0,424,385,0,39,700,276,370,54,7,187,1,101,3,21,0,1,3,8,16,8,3,3,7,1
29,NEAMŢ,"FOSTA ȘCOALĂ PRIMARĂ BREAZA",169,BÂRGĂUANI,121466,1,PROV,PRCNCT,EUP,EUP_SV,"2024-06-10 01:58:02",154,154,0,110,105,0,5,200,90,107,3,4,57,1,8,0,21,2,1,0,0,5,2,0,0,2,4
29,NEAMŢ,"FOSTA ȘCOALĂ PRIMARĂ CERTIENI",170,BÂRGĂUANI,121466,1,PROV,PRCNCT,EUP,EUP_SV,"2024-06-10 02:20:48",156,156,0,105,94,0,11,200,95,100,5,3,52,1,18,0,5,1,0,3,1,7,4,0,1,2,2
29,NEAMŢ,"FOSTA ȘCOALA PRIMARĂ (SALA DE FESTIVITĂȚI)",467,ŢIBUCANI,124803,1,PROV,PRCNCT,EUP,EUP_SV,"2024-06-10 06:32:21",300,299,1,165,145,0,20,400,235,157,8,2,109,0,20,1,5,0,0,0,1,7,3,0,1,5,3
29,NEAMŢ,"FOSTA ȘCOALĂ PRIMARĂ VLĂDICENI",173,BÂRGĂUANI,121466,1,PROV,PRCNCT,EUP,EUP_SV,"2024-06-10 03:25:31",435,434,1,235,219,1,15,500,265,225,10,4,141,3,22,3,9,1,4,1,1,23,3,1,5,3,1
29,NEAMŢ,GRADINITA,446,TĂMĂŞENI,124634,1,PROV,PRCNCT,EUP,EUP_SV,"2024-06-10 03:11:15",1397,1397,0,502,489,0,13,1500,998,475,27,4,218,15,55,3,99,1,0,2,0,23,10,3,14,23,5
29,NEAMŢ,GRADINITA,301,GRUMĂZEŞTI,122908,1,PROV,PRCNCT,EUP,EUP_SV,"2024-06-10 04:34:01",946,946,0,530,528,0,2,1000,470,497,33,3,298,0,135,4,11,0,4,0,0,15,3,0,13,5,6
29,NEAMŢ,GRADINITA,300,GRUMĂZEŞTI,122908,1,PROV,PRCNCT,EUP,EUP_SV,"2024-06-10 04:42:50",1319,1319,0,769,753,0,16,1400,631,724,45,0,412,9,203,4,11,0,3,1,3,29,8,2,13,21,5
29,NEAMŢ,GRADINITA,450,TĂMĂŞENI,124634,1,PROV,PRCNCT,EUP,EUP_SV,"2024-06-10 02:09:26",1038,1038,0,343,332,0,11,1100,757,314,29,5,131,20,44,0,43,5,3,4,2,20,5,4,3,13,12
29,NEAMŢ,GRĂDINIŢA,440,TARCĂU,124493,1,PROV,PRCNCT,EUP,EUP_SV,"2024-06-10 05:00:08",422,422,0,259,249,0,10,500,245,248,1,1,134,2,43,4,24,1,1,0,0,24,0,1,6,2,5
29,NEAMŢ,GRĂDINIŢA,441,TARCĂU,124493,1,PROV,PRCNCT,EUP,EUP_SV,"2024-06-10 03:27:53",525,525,0,526,525,0,1,600,327,253,20,3,107,7,61,4,32,0,2,2,1,18,1,3,1,6,5
29,NEAMŢ,GRĂDINIŢA,327,MĂRGINENI,123175,1,PROV,PRCNCT,EUP,EUP_SV,"2024-06-10 03:46:56",872,872,0,471,455,0,16,1000,529,435,36,5,305,3,50,5,11,1,2,3,1,31,3,1,2,6,6
29,NEAMŢ,GRĂDINIŢA,439,TARCĂU,124493,1,PROV,PRCNCT,EUP,EUP_SV,"2024-06-10 03:11:04",217,195,22,217,195,0,22,300,105,183,12,5,85,4,41,1,23,0,0,0,0,14,2,2,3,3,0
29,NEAMŢ,"GRĂDINIŢĂ - (CĂTUNĂ)",188,BODEŞTI,121607,1,PROV,PRCNCT,EUP,EUP_SV,"2024-06-10 04:15:56",494,494,0,261,252,0,9,592,331,246,15,3,142,11,43,2,15,0,0,0,1,14,3,1,4,3,4
29,NEAMŢ,"GRĂDINIȚA CUPLATĂ CU CREŞĂ NR.5",18,"MUNICIPIUL PIATRA-NEAMŢ",120726,1,PROV,PRCNCT,EUP,EUP_SV,"2024-06-10 06:07:27",985,985,0,405,394,0,11,1100,695,373,32,1,158,21,53,29,25,3,4,1,6,27,7,3,19,10,6
29,NEAMŢ,"GRĂDINIȚA CUPLATĂ CU CREŞĂ NR.5",17,"MUNICIPIUL PIATRA-NEAMŢ",120726,1,PROV,PRCNCT,EUP,EUP_SV,"2024-06-10 03:32:50",1357,1357,0,529,522,0,7,1500,971,503,26,3,213,23,94,23,33,4,3,3,4,35,16,9,20,13,7
29,NEAMŢ,"GRADINITA CU PROGRAM NORMAL",365,PIPIRIG,123521,1,PROV,PRCNCT,EUP,EUP_SV,"2024-06-10 01:28:04",540,538,2,281,272,0,9,600,319,263,18,2,144,1,68,2,2,2,2,1,3,16,1,0,7,8,4
29,NEAMŢ,"GRĂDINIŢA CU PROGRAM NORMAL",434,"ŞTEFAN CEL MARE",124411,1,PROV,PRCNCT,EUP,EUP_SV,"2024-06-10 01:19:06",407,404,3,200,197,0,3,500,300,180,20,0,103,1,20,3,18,0,1,0,2,23,0,2,1,5,1
29,NEAMŢ,"GRĂDINIȚA CU PROGRAM NORMAL",223,CÂNDEŞTI,122061,1,PROV,PRCNCT,EUP,EUP_SV,"2024-06-10 03:13:28",677,677,0,391,385,0,6,734,343,373,18,1,138,8,166,1,4,0,2,0,1,33,2,4,4,5,4
29,NEAMŢ,"GRĂDINIȚA CU PROGRAM NORMAL",225,CÂNDEŞTI,122061,1,PROV,PRCNCT,EUP,EUP_SV,"2024-06-10 03:55:08",1068,1060,8,461,443,8,10,1094,237,450,11,5,242,2,114,1,14,1,4,4,3,28,8,1,11,7,5
29,NEAMŢ,"GRĂDINIŢA CU PROGRAM NORMAL - BORCA CENTRU",200,BORCA,121652,1,PROV,PRCNCT,EUP,EUP_SV,"2024-06-10 04:15:39",735,723,12,438,426,0,12,800,362,417,21,3,236,9,99,6,8,3,2,0,0,20,2,4,13,10,2
29,NEAMŢ,"GRĂDINIŢA CU PROGRAM NORMAL BRADU NR. 1",299,GRINŢIEŞ,122864,1,PROV,PRCNCT,EUP,EUP_SV,"2024-06-10 03:04:52",642,630,12,349,337,5,7,700,349,319,30,3,198,3,47,5,4,3,1,1,1,27,3,6,4,5,8
29,NEAMŢ,"GRADINITA CU PROGRAM NORMAL CATUNA",471,URECHENI,124849,1,PROV,PRCNCT,EUP,EUP_SV,"2024-06-10 01:49:41",535,535,0,295,280,0,15,600,305,262,33,0,201,0,20,1,15,0,2,3,0,15,0,1,2,0,2
29,NEAMŢ,"GRADINITA CU PROGRAM NORMAL GROSI",219,BRUSTURI,121938,1,PROV,PRCNCT,EUP,EUP_SV,"2024-06-10 02:45:16",393,393,0,199,188,0,11,500,301,168,31,1,95,1,47,0,0,0,1,0,0,12,3,0,5,2,1
29,NEAMŢ,"GRĂDINIŢA CU PROGRAM NORMAL,LOCALITATEA BĂHNIŞOARA",159,BAHNA,121153,1,PROV,PRCNCT,EUP,EUP_SV,"2024-06-10 04:45:22",344,344,0,229,205,0,24,391,162,203,26,4,162,2,17,1,6,1,1,1,1,4,1,0,1,0,1
29,NEAMŢ,"GRĂDINIŢĂ CU PROGRAM NORMAL,LOCALITATEA BROŞTENI",160,BAHNA,121153,1,PROV,PRCNCT,EUP,EUP_SV,"2024-06-10 01:53:01",329,329,0,274,215,0,59,400,126,250,24,5,196,2,32,1,1,0,0,1,0,7,2,0,0,3,0
29,NEAMŢ,"GRĂDINIŢA CU PROGRAM NORMAL, LOC TRAIAN",490,ZĂNEŞTI,125061,1,PROV,PRCNCT,EUP,EUP_SV,"2024-06-10 01:38:24",851,851,0,423,417,0,6,900,477,400,23,1,197,4,62,2,46,3,2,6,2,61,4,2,4,2,2
29,NEAMŢ,"GRĂDINIŢA CU PROGRAM NORMAL LUŢCA",405,SAGNA,124153,1,PROV,PRCNCT,EUP,EUP_SV,"2024-06-10 00:47:46",382,382,0,204,196,0,8,400,196,185,19,1,78,4,43,1,10,4,1,2,0,18,6,5,8,1,3
29,NEAMŢ,"GRADINITA CU PROGRAM NORMAL NEGULESTI,COMUNA PIATRA SOIMULUI",359,"PIATRA ŞOIMULUI",123479,1,PROV,PRCNCT,EUP,EUP_SV,"2024-06-10 02:34:02",577,577,0,264,259,0,5,600,336,241,23,2,114,0,40,3,12,3,7,0,1,31,6,6,5,6,5
29,NEAMŢ,"GRĂDINIŢA CU PROGRAM NORMAL NR.1",75,"MUNICIPIUL PIATRA-NEAMŢ",120726,1,PROV,PRCNCT,EUP,EUP_SV,"2024-06-10 12:55:03",1435,1435,0,641,621,0,20,1600,959,562,79,6,275,0,75,32,55,3,8,2,4,36,17,9,13,22,5
29,NEAMŢ,"GRĂDINIȚA CU PROGRAM NORMAL NR. 1",180,"BICAZU ARDELEAN",121340,1,PROV,PRCNCT,EUP,EUP_SV,"2024-06-10 01:58:56",392,392,0,415,392,0,23,500,249,240,9,0,152,2,39,1,15,1,2,0,2,15,3,0,4,4,0
29,NEAMŢ,"GRĂDINIŢA CU PROGRAM NORMAL NR. 2",368,PODOLENI,123674,1,PROV,PRCNCT,EUP,EUP_SV,"2024-06-10 04:58:11",1218,1218,0,599,589,0,10,1300,701,560,39,1,358,10,82,2,18,3,1,5,2,29,13,6,15,7,8
29,NEAMŢ,"GRĂDINIŢA CU PROGRAM NORMAL NR. 2 RĂUCEŞTI",381,RĂUCEŞTI,123914,1,PROV,PRCNCT,EUP,EUP_SV,"2024-06-10 03:30:24",748,748,0,434,428,0,6,800,366,418,16,4,210,4,85,3,40,3,3,3,3,32,4,1,9,9,5
29,NEAMŢ,"GRĂDINIŢA CU PROGRAM NORMAL NR. 3",371,PODOLENI,123674,1,PROV,PRCNCT,EUP,EUP_SV,"2024-06-10 05:04:29",839,839,0,445,430,0,15,900,455,420,25,6,298,7,53,3,6,0,5,2,0,11,8,1,5,12,3
29,NEAMŢ,"GRĂDINIȚA CU PROGRAM NORMAL NR.3",209,BORLEŞTI,121732,1,PROV,PRCNCT,EUP,EUP_SV,"2024-06-10 04:20:00",862,862,0,407,397,0,10,900,493,369,34,2,189,9,80,4,5,2,3,4,3,39,7,4,7,6,5
29,NEAMŢ,"GRĂDINIȚA CU PROGRAM NORMAL OCOL",20,"MUNICIPIUL PIATRA-NEAMŢ",120726,1,PROV,PRCNCT,EUP,EUP_SV,"2024-06-10 08:35:32",1864,1864,0,870,794,0,76,2000,1143,819,38,8,299,58,182,30,64,9,6,10,14,63,19,8,19,27,3
29,NEAMŢ,"GRADINITA CU PROGRAM NORMAL POIANA",220,BRUSTURI,121938,1,PROV,PRCNCT,EUP,EUP_SV,"2024-06-10 02:43:16",658,658,0,410,379,0,31,700,290,399,11,4,236,3,89,1,4,0,0,6,0,34,1,1,13,2,5
29,NEAMŢ,"GRADINITA CU PROGRAM NORMAL POIANA",334,NEGREŞTI,125169,1,PROV,PRCNCT,EUP,EUP_SV,"2024-06-10 06:22:59",305,305,0,191,161,0,30,400,209,179,12,7,91,1,33,3,27,1,3,2,1,7,1,2,0,0,0
29,NEAMŢ,"GRĂDINIȚA CU PROGRAM NORMAL ROTUNDA",253,DOLJEŞTI,122347,1,PROV,PRCNCT,EUP,EUP_SV,"2024-06-10 03:47:48",1277,1277,0,438,413,0,25,1400,962,409,29,0,217,11,67,2,49,1,2,2,1,17,6,1,13,18,2
29,NEAMŢ,"GRADINITA CU PROGRAM NORMAL SAVINESTI",416,SĂVINEŞTI,120824,1,PROV,PRCNCT,EUP,EUP_SV,"2024-06-10 04:52:40",674,674,0,345,331,0,14,700,355,326,19,2,166,8,54,7,22,5,3,0,0,16,8,5,10,15,5
29,NEAMŢ,"GRĂDINIŢA CU PROGRAM NORMAL VAD",258,DRAGOMIREŞTI,122392,1,PROV,PRCNCT,EUP,EUP_SV,"2024-06-10 02:41:07",688,688,0,401,364,0,37,800,399,362,39,7,212,2,72,15,1,4,4,4,1,20,6,1,4,4,5
29,NEAMŢ,"GRĂDINIŢA CU PROGRAM PRELUNGIT ”FLOARE DE COLŢ”",73,"MUNICIPIUL PIATRA-NEAMŢ",120726,1,PROV,PRCNCT,EUP,EUP_SV,"2024-06-10 04:33:40",1451,1451,0,551,543,0,8,1600,1049,539,12,3,212,23,84,30,46,3,4,5,10,31,21,6,33,22,6
29,NEAMŢ,"GRĂDINIŢA CU PROGRAM PRELUNGIT ”FLOARE DE COLŢ”",74,"MUNICIPIUL PIATRA-NEAMŢ",120726,1,PROV,PRCNCT,EUP,EUP_SV,"2024-06-10 04:39:39",1209,1204,5,503,498,0,5,1300,797,487,16,3,220,24,55,29,37,4,9,3,4,35,16,6,15,16,11
29,NEAMŢ,"GRĂDINIŢA CU PROGRAM PRELUNGIT NR.12",27,"MUNICIPIUL PIATRA-NEAMŢ",120726,1,PROV,PRCNCT,EUP,EUP_SV,"2024-06-10 03:42:14",1248,1248,0,505,496,0,9,1400,895,487,18,4,164,18,99,29,29,9,6,2,3,50,24,10,18,18,4
29,NEAMŢ,"GRĂDINIŢA CU PROGRAM PRELUNGIT NR.12",25,"MUNICIPIUL PIATRA-NEAMŢ",120726,1,PROV,PRCNCT,EUP,EUP_SV,"2024-06-10 10:00:34",1283,1271,12,496,483,1,12,1400,904,480,16,3,171,26,80,44,29,6,6,2,3,42,12,13,12,17,14
29,NEAMŢ,"GRĂDINIŢA CU PROGRAM PRELUNGIT NR.12",26,"MUNICIPIUL PIATRA-NEAMŢ",120726,1,PROV,PRCNCT,EUP,EUP_SV,"2024-06-10 05:07:18",1171,1171,0,443,430,0,13,1300,857,431,12,3,176,20,71,30,23,7,3,3,6,21,18,7,13,21,9
29,NEAMŢ,"GRĂDINIŢA CU PROGRAM PRELUNGIT NR.2",136,"ORAŞ TÂRGU-NEAMŢ",121055,1,PROV,PRCNCT,EUP,EUP_SV,"2024-06-10 04:24:29",487,486,1,268,243,0,25,604,336,260,8,0,133,10,39,0,15,0,6,1,0,20,8,4,10,12,2
29,NEAMŢ,"GRĂDINIȚA CU PROGRAM PRELUNGIT NR.3 CORP B",10,"MUNICIPIUL PIATRA-NEAMŢ",120726,1,PROV,PRCNCT,EUP,EUP_SV,"2024-06-10 06:31:20",945,945,0,403,389,0,14,1000,597,392,11,2,180,19,61,17,22,5,1,4,3,24,13,5,12,17,7
29,NEAMŢ,"GRĂDINIȚA CU PROGRAM PRELUNGIT NR.8",19,"MUNICIPIUL PIATRA-NEAMŢ",120726,1,PROV,PRCNCT,EUP,EUP_SV,"2024-06-10 08:12:04",816,816,0,322,308,0,14,900,578,304,18,2,114,19,60,15,27,2,4,3,0,27,10,1,5,11,4
29,NEAMŢ,"GRADINIŢA CU PROGRAM PRELUNGIT SAVINESTI",417,SĂVINEŞTI,120824,1,PROV,PRCNCT,EUP,EUP_SV,"2024-06-10 03:38:45",548,542,6,274,261,6,7,600,326,267,7,0,137,9,54,2,18,5,2,1,1,12,8,3,7,5,3
29,NEAMŢ,"GRADINITA DE COPII",313,HORIA,120922,1,PROV,PRCNCT,EUP,EUP_SV,"2024-06-10 05:20:16",1256,1247,9,585,567,9,9,1400,815,550,35,8,254,6,199,1,17,4,4,2,4,24,5,3,11,3,5
29,NEAMŢ,"GRĂDINIŢA DE COPII NR. 1 CU PROGRAM PRELUNGIT",98,"MUNICIPIUL ROMAN",120860,1,PROV,PRCNCT,EUP,EUP_SV,"2024-06-10 06:15:43",1335,1335,0,493,488,0,5,1501,1008,478,15,4,269,15,53,3,43,10,3,2,2,24,18,6,15,4,7
29,NEAMŢ,"GRĂDINIŢA DE COPII NR. 1 CU PROGRAM PRELUNGIT",97,"MUNICIPIUL ROMAN",120860,1,PROV,PRCNCT,EUP,EUP_SV,"2024-06-10 08:45:23",1340,1340,0,532,520,0,12,1500,969,511,20,3,281,15,70,9,41,2,5,2,3,34,12,6,12,12,4
29,NEAMŢ,"GRĂDINIȚA DE COPII NR. 2 CU PROGRAM PRELUNGIT",77,"MUNICIPIUL ROMAN",120860,1,PROV,PRCNCT,EUP,EUP_SV,"2024-06-10 07:07:08",1161,1085,76,585,497,76,12,1300,715,552,33,5,325,19,66,7,39,6,4,2,8,21,15,3,11,15,6
29,NEAMŢ,"GRĂDINIŢA DE COPII NR. 4 CU PROGRAM NORMAL",94,"MUNICIPIUL ROMAN",120860,1,PROV,PRCNCT,EUP,EUP_SV,"2024-06-10 03:07:44",1301,1298,3,1308,1296,2,10,1400,861,509,30,2,293,9,71,9,40,1,4,4,6,32,11,1,11,12,3
29,NEAMŢ,"GRĂDINIŢA DE COPII NR. 5 CU PROGRAM NORMAL",109,"MUNICIPIUL ROMAN",120860,1,PROV,PRCNCT,EUP,EUP_SV,"2024-06-10 07:11:42",1420,1409,11,562,552,0,10,1500,938,533,29,3,278,14,86,8,45,3,1,1,4,32,14,10,11,16,7
29,NEAMŢ,"GRĂDINIŢA DE COPII NR. 5 CU PROGRAM PRELUNGIT",95,"MUNICIPIUL ROMAN",120860,1,PROV,PRCNCT,EUP,EUP_SV,"2024-06-10 06:57:43",1458,1457,1,606,594,1,11,1600,973,585,21,6,298,27,68,13,54,1,5,2,1,34,20,7,22,24,3
29,NEAMŢ,"GRĂDINIŢA DE COPII NR. 6 CU PROGRAM NORMAL",84,"MUNICIPIUL ROMAN",120860,1,PROV,PRCNCT,EUP,EUP_SV,"2024-06-10 04:43:27",1384,1384,0,557,549,0,8,1500,951,519,30,6,238,28,88,7,49,2,2,4,3,47,13,0,17,9,6
29,NEAMŢ,"GRĂDINIŢA DE COPII NR. 6 CU PROGRAM PRELUNGIT",78,"MUNICIPIUL ROMAN",120860,1,PROV,PRCNCT,EUP,EUP_SV,"2024-06-10 05:19:37",1180,1179,1,502,492,0,10,1300,798,474,28,1,254,8,59,10,41,4,2,1,5,41,14,2,11,12,9
29,NEAMŢ,"GRĂDINIȚA NR.2",208,BORLEŞTI,121732,1,PROV,PRCNCT,EUP,EUP_SV,"2024-06-10 07:47:29",1362,1362,0,639,626,0,13,1500,861,591,48,4,329,7,100,22,11,0,4,4,1,68,4,5,19,5,8
29,NEAMŢ,"GRADINITA NR.2 UNGURENI",481,VÂNĂTORI-NEAMŢ,125016,1,PROV,PRCNCT,EUP,EUP_SV,"2024-06-10 06:35:39",1421,1421,0,743,736,0,7,1600,864,648,88,6,433,7,93,4,9,1,5,5,0,43,12,1,15,11,3
29,NEAMŢ,"GRADINITA SOCEA",395,REDIU,124028,1,PROV,PRCNCT,EUP,EUP_SV,"2024-06-10 03:40:10",607,607,0,298,287,0,11,700,402,270,28,1,188,4,33,3,3,0,0,0,1,22,1,1,3,3,7
29,NEAMŢ,"LICEUL CAROL I",122,"ORAŞ BICAZ",120968,1,PROV,PRCNCT,EUP,EUP_SV,"2024-06-10 05:15:20",1018,1018,0,478,463,0,15,1100,622,451,27,2,235,18,81,10,32,2,4,7,0,29,11,0,11,0,9
29,NEAMŢ,"LICEUL CU PROGRAM SPORTIV",100,"MUNICIPIUL ROMAN",120860,1,PROV,PRCNCT,EUP,EUP_SV,"2024-06-10 06:31:53",1022,1022,0,413,403,0,10,1100,687,395,18,3,208,10,48,11,40,5,2,3,0,28,11,5,7,11,3
29,NEAMŢ,"LICEUL CU PROGRAM SPORTIV",11,"MUNICIPIUL PIATRA-NEAMŢ",120726,1,PROV,PRCNCT,EUP,EUP_SV,"2024-06-10 06:28:24",1250,1250,0,521,509,0,12,1400,879,505,16,4,203,35,95,17,39,7,5,3,3,32,14,7,14,19,8
29,NEAMŢ,"LICEUL CU PROGRAM SPORTIV",12,"MUNICIPIUL PIATRA-NEAMŢ",120726,1,PROV,PRCNCT,EUP,EUP_SV,"2024-06-10 04:37:58",1076,1076,0,482,472,0,10,1200,718,475,7,4,205,40,63,31,42,2,6,3,1,23,10,11,19,12,3
29,NEAMŢ,"LICEUL DE ARTE ”VICTOR BRAUNER” - CORPUL B",6,"MUNICIPIUL PIATRA-NEAMŢ",120726,1,PROV,PRCNCT,EUP,EUP_SV,"2024-06-10 05:36:00",1155,1155,0,488,475,0,13,1300,815,475,10,3,158,34,85,31,33,4,5,5,5,33,20,9,21,29,0
29,NEAMŢ,"LICEUL ”MIHAIL SADOVEANU”(CORPUL B)",196,BORCA,121652,1,PROV,PRCNCT,EUP,EUP_SV,"2024-06-10 05:43:55",829,829,0,446,433,0,13,900,446,417,27,5,259,0,80,26,4,0,6,1,0,16,8,0,5,5,2
29,NEAMŢ,"LICEUL TEHNOLOGIC",351,PETRICANI,123424,1,PROV,PRCNCT,EUP,EUP_SV,"2024-06-10 07:17:50",1431,1431,0,696,687,0,9,1600,904,661,35,4,440,5,120,1,10,1,5,2,0,35,4,2,6,14,12
29,NEAMŢ,"LICEUL TEHNOLOGIC",214,BOTEŞTI,121796,1,PROV,PRCNCT,EUP,EUP_SV,"2024-06-10 04:45:39",1054,1054,0,434,426,0,8,1100,666,400,34,4,201,59,55,1,25,1,1,1,1,23,5,0,6,17,0
29,NEAMŢ,"LICEUL TEHNOLOGIC",213,BOTEŞTI,121796,1,PROV,PRCNCT,EUP,EUP_SV,"2024-06-10 04:22:58",957,957,0,368,361,0,7,1000,632,362,6,4,160,80,50,0,16,0,0,2,0,20,6,0,9,14,1
29,NEAMŢ,"LICEUL TEHNOLOGIC ADJUDENI",449,TĂMĂŞENI,124634,1,PROV,PRCNCT,EUP,EUP_SV,"2024-06-10 01:42:26",1528,1528,0,535,535,0,0,1700,1165,483,52,2,243,35,60,6,47,1,3,5,2,26,14,3,13,17,6
29,NEAMŢ,"LICEUL TEHNOLOGIC ”DIMITRIE LEONIDA”",71,"MUNICIPIUL PIATRA-NEAMŢ",120726,1,PROV,PRCNCT,EUP,EUP_SV,"2024-06-10 13:04:49",1217,1217,0,623,617,0,6,1300,677,593,30,13,226,37,95,30,25,7,4,2,2,108,10,6,11,4,13
29,NEAMŢ,"LICEUL TEHNOLOGIC ”DIMITRIE LEONIDA”",70,"MUNICIPIUL PIATRA-NEAMŢ",120726,1,PROV,PRCNCT,EUP,EUP_SV,"2024-06-10 08:11:17",1333,1333,0,546,538,0,8,1500,954,529,17,7,186,12,93,27,33,6,7,7,6,67,24,10,18,21,5
29,NEAMŢ,"LICEUL TEHNOLOGIC ”DIMITRIE LEONIDA”, CORP A",69,"MUNICIPIUL PIATRA-NEAMŢ",120726,1,PROV,PRCNCT,EUP,EUP_SV,"2024-06-10 03:43:17",981,978,3,412,402,0,10,1100,704,377,19,3,156,21,65,17,32,6,5,1,1,28,4,10,13,11,4
29,NEAMŢ,"LICEUL TEHNOLOGIC ”DIMITRIE LEONIDA” CORP B",72,"MUNICIPIUL PIATRA-NEAMŢ",120726,1,PROV,PRCNCT,EUP,EUP_SV,"2024-06-10 08:12:02",1016,1003,13,461,448,0,13,1100,639,430,31,0,159,16,77,10,47,4,7,4,7,58,10,5,5,14,7
29,NEAMŢ,"LICEUL TEHNOLOGIC ECONOMIC ADMINISTRATIV",58,"MUNICIPIUL PIATRA-NEAMŢ",120726,1,PROV,PRCNCT,EUP,EUP_SV,"2024-06-10 06:09:39",1291,1290,1,610,591,0,19,1400,790,575,35,4,217,51,80,30,72,9,3,2,5,31,17,10,16,24,4
29,NEAMŢ,"LICEUL TEHNOLOGIC ”ION CREANGA” PIPIRIG",363,PIPIRIG,123521,1,PROV,PRCNCT,EUP,EUP_SV,"2024-06-10 02:22:40",1452,1452,0,689,685,0,4,1600,911,656,33,8,434,7,75,5,17,3,2,5,3,53,7,3,11,12,11
29,NEAMŢ,"LICEUL TEHNOLOGIC OGLINZI",382,RĂUCEŞTI,123914,1,PROV,PRCNCT,EUP,EUP_SV,"2024-06-10 09:56:18",1569,1569,0,927,903,0,24,1700,773,895,32,1,530,9,179,5,45,0,3,2,2,64,11,1,16,18,9
29,NEAMŢ,"LICEUL TEHNOLOGIC OGLINZI (GRĂDINIŢA NR. 1- CORP C)",384,RĂUCEŞTI,123914,1,PROV,PRCNCT,EUP,EUP_SV,"2024-06-10 02:35:54",908,908,0,513,493,0,20,1000,487,466,47,2,370,2,42,3,7,0,2,6,0,22,1,1,1,4,3
29,NEAMŢ,"LICEUL TEHNOLOGIC ”SPIRU HARET”",8,"MUNICIPIUL PIATRA-NEAMŢ",120726,1,PROV,PRCNCT,EUP,EUP_SV,"2024-06-10 05:56:46",1172,1172,0,505,494,0,11,1324,818,486,19,5,204,26,73,20,48,2,6,7,3,26,22,10,9,24,1
29,NEAMŢ,"LICEUL TEHNOLOGIC „VASILE SAV”",86,"MUNICIPIUL ROMAN",120860,1,PROV,PRCNCT,EUP,EUP_SV,"2024-06-10 03:47:52",959,959,0,389,379,0,10,1100,711,375,14,1,197,14,62,6,27,3,4,0,0,24,12,2,7,12,4
29,NEAMŢ,"LICEUL TEHNOLOGIC „VASILE SAV”",85,"MUNICIPIUL ROMAN",120860,1,PROV,PRCNCT,EUP,EUP_SV,"2024-06-10 03:59:26",1015,1015,0,351,344,0,7,1100,749,340,11,1,173,9,53,6,23,5,0,3,2,31,10,6,8,9,1
29,NEAMŢ,"LICEUL TEHOLOGIC ”SPIRU HARET”",9,"MUNICIPIUL PIATRA-NEAMŢ",120726,1,PROV,PRCNCT,EUP,EUP_SV,"2024-06-10 09:07:51",1052,1052,0,484,463,0,21,1200,716,464,20,0,191,32,81,20,41,6,5,3,5,26,12,6,12,20,4
29,NEAMŢ,"LICEUL TEOLOGIC „EPISCOP MELCHISEDEC”",105,"MUNICIPIUL ROMAN",120860,1,PROV,PRCNCT,EUP,EUP_SV,"2024-06-10 05:40:59",1235,1235,0,514,495,0,19,1400,902,477,21,5,268,16,64,9,34,3,3,0,1,37,10,5,5,9,8
29,NEAMŢ,"LICEUL TEOLOGIC ORTODOX „SFINȚII ÎMPĂRAȚI CONSTANTIN ȘI ELENA” - CORP A",65,"MUNICIPIUL PIATRA-NEAMŢ",120726,1,PROV,PRCNCT,EUP,EUP_SV,"2024-06-10 03:34:03",1165,1165,0,460,453,0,7,1300,840,446,14,2,179,25,70,33,35,3,3,3,5,27,10,7,25,16,3
29,NEAMŢ,"LICEUL TEOLOGIC ORTODOX „SFINȚII ÎMPĂRAȚI CONSTANTIN ȘI ELENA” - CORP A",62,"MUNICIPIUL PIATRA-NEAMŢ",120726,1,PROV,PRCNCT,EUP,EUP_SV,"2024-06-10 07:57:08",1202,1202,0,414,404,0,10,1300,886,396,18,2,163,10,75,21,19,4,4,2,1,44,10,5,14,13,9
29,NEAMŢ,"LICEUL TEOLOGIC ORTODOX „SFINȚII ÎMPĂRAȚI CONSTANTIN ȘI ELENA” - CORP A",67,"MUNICIPIUL PIATRA-NEAMŢ",120726,1,PROV,PRCNCT,EUP,EUP_SV,"2024-06-10 05:05:39",1628,1628,0,518,512,0,6,1800,1282,487,31,2,179,32,69,22,39,11,6,2,6,61,10,11,13,16,8
29,NEAMŢ,"LICEUL TEOLOGIC ORTODOX „SFINȚII ÎMPĂRAȚI CONSTANTIN ȘI ELENA” - CORP A",64,"MUNICIPIUL PIATRA-NEAMŢ",120726,1,PROV,PRCNCT,EUP,EUP_SV,"2024-06-10 05:03:40",917,917,0,373,365,0,8,1000,627,347,26,4,149,21,54,19,29,4,4,2,2,16,5,6,15,12,5
29,NEAMŢ,"LICEUL TEOLOGIC ORTODOX „SFINȚII ÎMPĂRAȚI CONSTANTIN ȘI ELENA” - CORP A",63,"MUNICIPIUL PIATRA-NEAMŢ",120726,1,PROV,PRCNCT,EUP,EUP_SV,"2024-06-10 08:40:27",1611,1611,0,538,528,0,10,1800,1262,510,28,2,172,35,86,23,33,4,8,1,5,61,17,10,18,28,7
29,NEAMŢ,"LICEUL TEOLOGIC ORTODOX „SFINȚII ÎMPĂRAȚI CONSTANTIN ȘI ELENA” - CORP A",66,"MUNICIPIUL PIATRA-NEAMŢ",120726,1,PROV,PRCNCT,EUP,EUP_SV,"2024-06-10 03:46:35",864,864,0,328,317,0,11,1000,672,311,17,1,128,21,47,13,29,7,1,0,4,22,10,4,10,12,2
29,NEAMŢ,"LICEUL TEOLOGIC ORTODOX „SFINȚII ÎMPĂRAȚI CONSTANTIN ȘI ELENA” - CORP A (CORP DE GRĂDINIȚĂ)",61,"MUNICIPIUL PIATRA-NEAMŢ",120726,1,PROV,PRCNCT,EUP,EUP_SV,"2024-06-10 07:32:41",1232,1232,0,578,553,0,25,1400,822,557,21,4,221,39,83,26,54,0,6,9,4,35,18,9,23,23,3
29,NEAMŢ,"LICEUL TEOLOGIC ORTODOX „SFINȚII ÎMPĂRAȚI CONSTANTIN ȘI ELENA” - CORP A (CORP DE GRĂDINIȚĂ)",60,"MUNICIPIUL PIATRA-NEAMŢ",120726,1,PROV,PRCNCT,EUP,EUP_SV,"2024-06-10 06:13:31",891,876,15,359,343,1,15,1000,641,350,3,7,137,20,49,19,48,1,2,2,4,21,8,2,8,18,4
29,NEAMŢ,"LICEUL TEOLOGIC ORTODOX „SFINȚII ÎMPĂRAȚI CONSTANTIN ȘI ELENA” - CORP A (CORP DE GRĂDINIȚĂ)",59,"MUNICIPIUL PIATRA-NEAMŢ",120726,1,PROV,PRCNCT,EUP,EUP_SV,"2024-06-10 05:05:00",1252,1252,0,609,543,0,66,1400,791,579,30,3,238,43,107,26,74,4,4,2,6,28,10,3,13,18,0
29,NEAMŢ,"LICEUL TEORETIC ”VASILE ALECSANDRI” COMUNA SĂBĂOANI",412,SĂBĂOANI,124206,1,PROV,PRCNCT,EUP,EUP_SV,"2024-06-10 04:56:27",1448,1422,26,502,476,21,5,1500,998,468,34,7,230,20,59,5,58,1,3,2,2,25,12,3,16,20,5
29,NEAMŢ,"LICEUL TEORETIC ”VASILE ALECSANDRI” COMUNA SĂBĂOANI",413,SĂBĂOANI,124206,1,PROV,PRCNCT,EUP,EUP_SV,"2024-06-10 03:13:01",1079,1079,0,409,400,0,9,1200,791,377,32,3,213,11,41,4,37,3,9,3,4,16,6,3,12,11,1
29,NEAMŢ,"LICEUL TEORETIC ”VASILE ALECSANDRI” COMUNA SĂBĂOANI",411,SĂBĂOANI,124206,1,PROV,PRCNCT,EUP,EUP_SV,"2024-06-10 03:47:10",893,893,0,357,351,0,6,1000,643,340,17,0,192,13,35,4,32,1,1,1,2,18,15,2,11,12,1
29,NEAMŢ,"LICEUL TEORETIC ”VASILE ALECSANDRI” COMUNA SĂBĂOANI",410,SĂBĂOANI,124206,1,PROV,PRCNCT,EUP,EUP_SV,"2024-06-10 04:17:26",1013,1013,0,386,381,0,5,1100,714,363,23,2,217,12,41,2,24,0,1,6,3,15,15,3,6,15,1
29,NEAMŢ,"LICEUL TEORETIC ”VASILE ALECSANDRI” COMUNA SĂBĂOANI",408,SĂBĂOANI,124206,1,PROV,PRCNCT,EUP,EUP_SV,"2024-06-10 06:29:39",1910,1910,0,788,781,0,7,2100,1312,746,42,8,382,36,112,3,61,4,6,4,5,33,17,5,26,39,5
29,NEAMŢ,"LICEUL TEORETIC ”VASILE ALECSANDRI” COMUNA SĂBĂOANI",407,SĂBĂOANI,124206,1,PROV,PRCNCT,EUP,EUP_SV,"2024-06-10 02:31:51",1080,1080,0,398,382,0,16,1200,802,377,21,7,194,20,58,2,38,0,4,6,3,8,17,1,8,9,2
29,NEAMŢ,"LICEUL TEORETIC ”VASILE ALECSANDRI” COMUNA SĂBĂOANI",409,SĂBĂOANI,124206,1,PROV,PRCNCT,EUP,EUP_SV,"2024-06-10 03:10:19",1089,1089,0,432,418,0,14,1200,768,403,29,8,205,15,50,4,38,4,1,5,5,22,8,1,20,15,2
29,NEAMŢ,"LICEUL ”VASILE CONTA”",138,"ORAŞ TÂRGU-NEAMŢ",121055,1,PROV,PRCNCT,EUP,EUP_SV,"2024-06-10 14:48:24",1580,1580,0,730,714,0,16,1700,970,699,31,5,330,22,104,7,57,7,5,4,2,62,37,4,27,18,8
29,NEAMŢ,"MĂNĂSTIREA NEAMȚ",485,VÂNĂTORI-NEAMŢ,125016,1,PROV,PRCNCT,EUP,EUP_SV,"2024-06-10 01:18:12",204,196,8,135,127,3,5,300,165,123,12,1,74,0,15,8,2,1,1,0,2,5,7,1,1,1,4
29,NEAMŢ,"MANASTIREA SIHASTRIA",483,VÂNĂTORI-NEAMŢ,125016,1,PROV,PRCNCT,EUP,EUP_SV,"2024-06-10 02:11:15",177,177,0,112,78,0,34,298,186,110,2,0,44,2,46,0,3,0,1,0,0,13,0,1,0,0,0
29,NEAMŢ,"PAROHIA ”SF. ILIE” CHINTINICI",132,"ORAŞ ROZNOV",124117,1,PROV,PRCNCT,EUP,EUP_SV,"2024-06-10 04:44:23",934,934,0,471,455,0,16,1000,529,450,21,3,248,13,80,0,22,5,2,0,0,40,16,2,8,7,4
29,NEAMŢ,"PENSIUNEA ELENA",296,GIROV,122702,1,PROV,PRCNCT,EUP,EUP_SV,"2024-06-10 07:10:19",515,515,0,308,293,0,15,600,282,294,10,0,126,3,44,20,11,5,4,2,2,45,13,3,6,7,3
29,NEAMŢ,"PRIMĂRIA BÎRGĂUANI",166,BÂRGĂUANI,121466,1,PROV,PRCNCT,EUP,EUP_SV,"2024-06-10 05:01:55",402,397,5,239,219,5,15,500,261,234,5,8,168,3,13,8,8,0,1,1,1,12,3,0,4,2,2
29,NEAMŢ,"PRIMĂRIA COMUNEI BĂLŢĂTEŞTI",163,BĂLŢĂTEŞTI,121242,1,PROV,PRCNCT,EUP,EUP_SV,"2024-06-10 08:08:46",1692,1679,13,1044,942,13,89,1800,756,971,73,11,516,22,181,10,49,4,9,8,3,44,18,8,26,47,15
29,NEAMŢ,"PRIMARIA ORASULUI BICAZ",119,"ORAŞ BICAZ",120968,1,PROV,PRCNCT,EUP,EUP_SV,"2024-06-10 05:04:03",1107,1107,0,576,539,0,37,1212,636,552,24,1,286,22,90,10,32,4,10,0,4,36,8,6,15,20,8
29,NEAMŢ,"PRIMARIA TUPILAŢI",462,TUPILAŢI,124750,1,PROV,PRCNCT,EUP,EUP_SV,"2024-06-10 02:06:47",602,602,0,371,367,0,4,699,328,336,35,3,209,0,35,37,7,1,15,1,1,13,1,0,1,5,7
29,NEAMŢ,"PUNCT DE INFORMARE NEAGRA",443,TAŞCA,124563,1,PROV,PRCNCT,EUP,EUP_SV,"2024-06-10 04:31:26",418,409,9,418,402,7,9,800,382,402,16,1,186,7,101,10,11,2,1,5,4,51,6,1,5,7,4
29,NEAMŢ,"SALA DE FESTIVITĂŢI MADEI",197,BORCA,121652,1,PROV,PRCNCT,EUP,EUP_SV,"2024-06-10 04:05:44",834,834,0,492,482,0,10,900,408,470,22,4,283,9,97,6,4,1,3,1,1,30,3,3,7,12,6
29,NEAMŢ,"SALA DE SPORT PARC CETATE",135,"ORAŞ TÂRGU-NEAMŢ",121055,1,PROV,PRCNCT,EUP,EUP_SV,"2024-06-10 06:58:37",804,804,0,437,420,0,17,900,463,424,13,4,209,16,62,6,37,6,5,1,0,26,16,5,17,14,0
29,NEAMŢ,"S.C. APA SERV S.A.",44,"MUNICIPIUL PIATRA-NEAMŢ",120726,1,PROV,PRCNCT,EUP,EUP_SV,"2024-06-10 05:40:28",1051,1051,0,473,458,0,15,1106,633,457,16,3,190,47,54,21,50,2,6,5,3,27,14,9,17,7,2
29,NEAMŢ,SCOALA,303,GRUMĂZEŞTI,122908,1,PROV,PRCNCT,EUP,EUP_SV,"2024-06-10 05:17:22",1309,1309,0,756,745,0,11,1500,744,726,30,2,445,6,134,7,21,2,6,9,0,45,12,3,10,18,6
29,NEAMŢ,ŞCOALA,436,"ŞTEFAN CEL MARE",124411,1,PROV,PRCNCT,EUP,EUP_SV,"2024-06-10 02:06:07",262,262,0,148,138,0,10,300,152,141,7,3,104,0,12,1,3,0,2,2,0,11,0,0,1,1,1
29,NEAMŢ,ŞCOALA,323,"ION CREANGĂ",123102,1,PROV,PRCNCT,EUP,EUP_SV,"2024-06-10 02:39:30",377,377,0,227,221,0,6,400,173,209,18,1,132,0,32,3,8,2,1,0,1,16,5,2,2,4,0
29,NEAMŢ,ŞCOALA,191,BODEŞTI,121607,1,PROV,PRCNCT,EUP,EUP_SV,"2024-06-10 06:07:22",756,756,0,408,396,0,12,800,392,395,13,4,189,11,96,8,20,1,6,1,0,26,6,2,13,12,0
29,NEAMŢ,ŞCOALA,190,BODEŞTI,121607,1,PROV,PRCNCT,EUP,EUP_SV,"2024-06-10 03:21:15",118,118,0,100,85,0,15,200,100,92,8,1,68,2,13,0,2,0,0,0,1,0,1,1,1,2,0
29,NEAMŢ,"ŞCOALA ALMAŞ",282,GÂRCINA,122828,1,PROV,PRCNCT,EUP,EUP_SV,"2024-06-10 07:31:40",594,594,0,341,324,0,17,700,359,332,9,3,169,8,53,9,9,2,1,2,1,33,3,5,7,18,9
29,NEAMŢ,"ȘCOALA BAȘTA",422,SECUIENI,124233,1,PROV,PRCNCT,EUP,EUP_SV,"2024-06-10 03:03:04",531,531,0,320,314,0,6,603,283,289,31,3,172,4,55,0,7,0,1,4,2,20,7,1,5,4,4
29,NEAMŢ,"SCOALA BOTESTI",291,GIROV,122702,1,PROV,PRCNCT,EUP,EUP_SV,"2024-06-10 05:15:42",454,451,3,261,248,3,10,504,243,251,10,2,93,12,53,18,10,2,0,4,1,24,9,1,11,8,3
29,NEAMŢ,"SCOALA BUCIUM , COMUNA VALEA URSULUI",474,"VALEA URSULUI",124885,1,PROV,PRCNCT,EUP,EUP_SV,"2024-06-10 01:04:44",576,569,7,268,260,1,7,600,336,237,27,2,175,0,35,0,2,2,0,3,1,16,0,0,0,1,0
29,NEAMŢ,"SCOALA CHILII , COMUNA VALEA URSULUI",475,"VALEA URSULUI",124885,1,PROV,PRCNCT,EUP,EUP_SV,"2024-06-10 07:22:41",909,909,0,464,458,0,6,1000,536,429,35,2,343,2,31,1,2,0,4,1,1,22,6,1,5,7,1
29,NEAMŢ,"ŞCOALA CU CLASELE I-IV",187,BODEŞTI,121607,1,PROV,PRCNCT,EUP,EUP_SV,"2024-06-10 06:21:43",816,816,0,425,408,0,17,900,475,400,25,1,246,8,70,3,15,3,8,3,0,17,4,3,8,6,5
29,NEAMŢ,"ŞCOALA CU CLASELE I-IV",186,BODEŞTI,121607,1,PROV,PRCNCT,EUP,EUP_SV,"2024-06-10 03:50:35",866,853,13,438,413,13,12,997,559,409,29,4,261,5,60,4,27,0,0,2,1,20,5,2,4,7,7
29,NEAMŢ,"ŞCOALA CU CLASELE I-IV",211,BOTEŞTI,121796,1,PROV,PRCNCT,EUP,EUP_SV,"2024-06-10 01:47:20",370,370,0,242,231,0,11,400,158,236,6,4,145,17,18,0,6,0,8,1,0,20,1,1,3,10,2
29,NEAMŢ,"ȘCOALA CU CLASELE I - IV",458,TRIFEŞTI,124723,1,PROV,PRCNCT,EUP,EUP_SV,"2024-06-10 04:52:36",743,730,13,392,382,0,10,800,408,376,16,1,222,3,44,4,49,0,1,0,1,24,3,0,6,2,16
29,NEAMŢ,"ȘCOALA CU CLASELE I-IV",460,TRIFEŞTI,124723,1,PROV,PRCNCT,EUP,EUP_SV,"2024-06-10 04:16:59",663,663,0,343,335,0,8,725,382,318,25,9,234,2,24,4,11,1,1,3,0,19,2,2,4,1,1
29,NEAMŢ,"ŞCOALA CU CLASELE I-IV BETESTI",393,REDIU,124028,1,PROV,PRCNCT,EUP,EUP_SV,"2024-06-10 02:32:46",602,601,1,317,313,1,3,700,387,294,19,1,144,18,56,1,10,1,0,0,1,38,3,3,7,6,5
29,NEAMŢ,"SCOALA CU CLASELE I-IV DOLHESTI",364,PIPIRIG,123521,1,PROV,PRCNCT,EUP,EUP_SV,"2024-06-10 01:53:25",872,872,0,393,383,0,10,1000,607,369,24,1,243,1,59,4,7,1,6,0,2,3,4,3,8,4,23
29,NEAMŢ,"SCOALA CU CLASELE I-VII",212,BOTEŞTI,121796,1,PROV,PRCNCT,EUP,EUP_SV,"2024-06-10 05:32:48",1745,1745,0,741,723,0,18,1900,1159,696,45,0,360,55,77,2,89,2,0,0,2,35,11,0,29,29,5
29,NEAMŢ,"SCOALA CU CLASELE I-VIII",463,TUPILAŢI,124750,1,PROV,PRCNCT,EUP,EUP_SV,"2024-06-10 03:42:51",267,267,0,152,136,0,16,301,149,134,18,1,66,0,22,19,2,0,5,1,1,4,1,0,4,3,5
29,NEAMŢ,"SCOALA CU CLASELE I-VIII",461,TUPILAŢI,124750,1,PROV,PRCNCT,EUP,EUP_SV,"2024-06-10 03:22:08",865,865,0,519,498,0,21,900,381,480,39,1,287,2,56,30,27,0,40,2,2,25,0,0,1,6,1
29,NEAMŢ,"ŞCOALA CU CLASELE I-VIII",398,ROMÂNI,124073,1,PROV,PRCNCT,EUP,EUP_SV,"2024-06-10 05:19:25",983,983,0,599,548,0,51,1100,501,555,42,4,379,9,89,1,8,0,0,3,0,40,10,1,5,2,4
29,NEAMŢ,"ŞCOALA CU CLASELE I-VIII",397,ROMÂNI,124073,1,PROV,PRCNCT,EUP,EUP_SV,"2024-06-10 06:22:42",769,769,0,439,398,0,41,800,361,399,40,6,245,2,61,4,37,1,4,4,1,25,1,3,2,1,2
29,NEAMŢ,"ŞCOALA CU CLASELE I-VIII",189,BODEŞTI,121607,1,PROV,PRCNCT,EUP,EUP_SV,"2024-06-10 05:23:18",728,721,7,370,351,7,12,799,436,339,24,3,237,2,39,6,3,4,3,2,2,21,3,4,3,1,6
29,NEAMŢ,"ŞCOALA CU CLASELE I-VIII",396,ROMÂNI,124073,1,PROV,PRCNCT,EUP,EUP_SV,"2024-06-10 07:54:24",751,751,0,414,389,0,25,800,386,379,35,4,268,3,59,1,7,0,2,4,1,20,0,1,3,3,3
29,NEAMŢ,"ȘCOALA CU CLASELE I - VIII",457,TRIFEŞTI,124723,1,PROV,PRCNCT,EUP,EUP_SV,"2024-06-10 09:30:49",1863,1863,0,972,957,0,15,2000,1043,914,43,9,564,0,97,9,70,1,3,3,4,88,11,1,26,17,11
29,NEAMŢ,"ȘCOALA CU CLASELE I - VIII",459,TRIFEŞTI,124723,1,PROV,PRCNCT,EUP,EUP_SV,"2024-06-10 04:30:44",803,803,0,413,384,0,29,900,487,384,29,3,275,4,31,2,15,2,1,0,1,30,2,2,6,5,5
29,NEAMŢ,"ŞCOALA CU CLASELE I-VIII POLOBOC",394,REDIU,124028,1,PROV,PRCNCT,EUP,EUP_SV,"2024-06-10 07:34:02",1193,1193,0,625,611,0,14,1300,675,575,50,2,342,12,106,2,15,0,4,2,0,44,8,4,19,10,5
29,NEAMŢ,"SCOALA CU CLASELE I-VIII REDIU",391,REDIU,124028,1,PROV,PRCNCT,EUP,EUP_SV,"2024-06-10 03:45:57",858,858,0,866,858,0,8,900,478,386,34,0,231,5,58,1,10,1,2,0,1,62,3,1,6,3,2
29,NEAMŢ,"ŞCOALA CU CLASELE I-VIII REDIU",392,REDIU,124028,1,PROV,PRCNCT,EUP,EUP_SV,"2024-06-10 07:08:43",974,973,1,482,467,1,14,1100,618,429,38,1,236,7,65,1,18,2,2,4,2,66,3,3,7,11,1
29,NEAMŢ,"ȘCOALA CU CLASELE I-VIII, SAT VĂLENI, COM. VĂLENI",478,VĂLENI,125123,1,PROV,PRCNCT,EUP,EUP_SV,"2024-06-10 05:50:54",499,499,0,322,314,0,8,600,278,281,41,2,216,1,29,1,9,1,2,0,3,10,1,3,2,1,0
29,NEAMŢ,"SCOALA CU CLASELE I-VIII SILISTEAII",399,ROMÂNI,124073,1,PROV,PRCNCT,EUP,EUP_SV,"2024-06-10 05:01:40",822,822,0,478,424,0,54,900,422,441,37,0,325,1,63,3,9,3,1,2,0,19,1,0,5,2,7
29,NEAMŢ,"SCOALA DANESTI",293,GIROV,122702,1,PROV,PRCNCT,EUP,EUP_SV,"2024-06-10 02:43:03",256,256,0,264,256,0,8,298,163,128,7,0,67,4,21,6,3,0,0,0,2,18,1,0,1,5,0
29,NEAMŢ,"ŞCOALA DE ARTĂ ”SERGIU CELIBIDACHE” - CORP A",91,"MUNICIPIUL ROMAN",120860,1,PROV,PRCNCT,EUP,EUP_SV,"2024-06-10 07:16:02",1229,1229,0,474,460,0,14,1300,821,444,30,6,228,6,51,7,41,5,6,4,0,29,10,4,25,14,8
29,NEAMŢ,"ŞCOALA DE ARTĂ ”SERGIU CELIBIDACHE” - CORP A",92,"MUNICIPIUL ROMAN",120860,1,PROV,PRCNCT,EUP,EUP_SV,"2024-06-10 06:28:25",1271,1271,0,554,542,0,12,1400,846,535,19,2,306,13,78,6,32,5,4,1,2,34,10,2,15,19,6
29,NEAMŢ,"ŞCOALA DE ARTĂ ”SERGIU CELIBIDACHE” - CORP B",93,"MUNICIPIUL ROMAN",120860,1,PROV,PRCNCT,EUP,EUP_SV,"2024-06-10 08:19:43",1310,1300,10,526,516,0,10,1400,874,497,29,5,248,21,66,7,38,5,2,4,2,42,25,3,25,2,2
29,NEAMŢ,"SCOALA DOINA",294,GIROV,122702,1,PROV,PRCNCT,EUP,EUP_SV,"2024-06-10 03:31:49",248,240,8,138,130,0,8,299,161,123,15,2,66,5,17,3,5,3,2,1,0,9,1,2,2,2,3
29,NEAMŢ,"SCOALA GENERALA",257,DRAGOMIREŞTI,122392,1,PROV,PRCNCT,EUP,EUP_SV,"2024-06-10 01:56:13",96,96,0,64,57,0,7,200,136,59,5,1,42,1,3,1,2,0,1,0,0,6,2,0,0,0,0
29,NEAMŢ,"SCOALA GENERALA",388,RĂZBOIENI,123969,1,PROV,PRCNCT,EUP,EUP_SV,"2024-06-10 02:06:01",168,153,15,168,153,9,6,297,129,152,16,3,113,1,16,1,4,0,1,1,0,3,4,0,3,2,0
29,NEAMŢ,"SCOALA GENERALA",352,PETRICANI,123424,1,PROV,PRCNCT,EUP,EUP_SV,"2024-06-10 03:34:39",734,734,0,474,470,0,4,800,326,445,29,1,344,0,48,2,7,1,3,2,0,20,2,0,7,5,3
29,NEAMŢ,"SCOALA GENERALA",354,PETRICANI,123424,1,PROV,PRCNCT,EUP,EUP_SV,"2024-06-10 05:50:37",1423,1423,0,631,621,0,10,1501,870,584,47,1,368,0,135,10,23,2,0,2,1,34,1,1,0,0,6
29,NEAMŢ,"SCOALA GENERALA",390,RĂZBOIENI,123969,1,PROV,PRCNCT,EUP,EUP_SV,"2024-06-10 04:03:36",292,292,0,199,189,0,10,398,199,184,15,6,125,0,21,2,0,1,0,2,0,19,1,2,2,1,2
29,NEAMŢ,"SCOALA GENERALA",244,DĂMUC,122249,1,PROV,PRCNCT,EUP,EUP_SV,"2024-06-10 05:44:13",639,639,0,337,325,0,12,700,364,324,12,2,117,0,172,1,3,0,2,2,0,10,2,0,4,4,5
29,NEAMŢ,"SCOALA GENERALA",328,MĂRGINENI,123175,1,PROV,PRCNCT,EUP,EUP_SV,"2024-06-10 03:41:28",175,175,0,121,114,0,7,199,78,113,7,1,91,1,10,0,1,1,0,3,0,5,0,0,0,0,0
29,NEAMŢ,"SCOALA GENERALA",353,PETRICANI,123424,1,PROV,PRCNCT,EUP,EUP_SV,"2024-06-10 03:23:18",1089,1089,0,525,518,0,7,1200,675,491,34,1,313,3,82,1,13,1,5,2,1,32,6,3,11,11,6
29,NEAMŢ,"SCOALA GENERALA",254,DRAGOMIREŞTI,122392,1,PROV,PRCNCT,EUP,EUP_SV,"2024-06-10 00:38:36",82,82,0,73,50,0,23,100,27,67,6,1,56,0,6,0,2,0,0,0,0,1,0,0,0,0,1
29,NEAMŢ,"SCOALA GENERALA",256,DRAGOMIREŞTI,122392,1,PROV,PRCNCT,EUP,EUP_SV,"2024-06-10 01:33:37",164,164,0,103,87,0,16,199,96,97,6,1,67,0,7,2,7,0,2,0,0,6,1,1,1,1,1
29,NEAMŢ,"ŞCOALA GENERALĂ",338,ONICENI,123255,1,PROV,PRCNCT,EUP,EUP_SV,"2024-06-10 08:25:07",1062,1062,0,726,718,0,8,1200,477,621,102,4,473,1,85,1,2,0,0,6,0,33,3,2,1,1,9
29,NEAMŢ,"ŞCOALA GENERALĂ",330,MĂRGINENI,123175,1,PROV,PRCNCT,EUP,EUP_SV,"2024-06-10 03:39:15",210,210,0,221,210,0,11,300,171,120,9,1,97,1,7,0,6,1,0,2,0,2,0,0,2,0,1
29,NEAMŢ,"ŞCOALA GENERALĂ",241,CRĂCĂOANI,122187,1,PROV,PRCNCT,EUP,EUP_SV,"2024-06-10 02:26:58",244,244,0,155,144,0,11,299,144,146,9,0,102,0,24,13,1,0,0,0,0,5,0,0,1,0,0
29,NEAMŢ,"ŞCOALA GENERALĂ",239,CRĂCĂOANI,122187,1,PROV,PRCNCT,EUP,EUP_SV,"2024-06-10 06:06:37",825,822,3,434,434,0,0,899,465,394,40,3,250,7,58,23,13,2,2,1,1,17,3,0,6,7,1
29,NEAMŢ,"ŞCOALA GENERALĂ",335,ONICENI,123255,1,PROV,PRCNCT,EUP,EUP_SV,"2024-06-10 02:05:46",624,624,0,361,354,0,7,700,339,335,26,0,273,1,34,0,1,1,0,1,0,10,2,1,3,3,5
29,NEAMŢ,"ŞCOALA GENERALĂ",326,MĂRGINENI,123175,1,PROV,PRCNCT,EUP,EUP_SV,"2024-06-10 03:14:56",872,872,0,445,429,0,16,900,455,428,17,2,312,2,48,4,10,4,3,3,0,24,2,1,7,2,4
29,NEAMŢ,"ŞCOALA GENERALĂ",337,ONICENI,123255,1,PROV,PRCNCT,EUP,EUP_SV,"2024-06-10 02:20:10",330,330,0,183,179,0,4,400,217,171,12,2,136,0,19,1,1,0,1,3,0,5,2,0,0,1,0
29,NEAMŢ,"ŞCOALA GENERALĂ",329,MĂRGINENI,123175,1,PROV,PRCNCT,EUP,EUP_SV,"2024-06-10 02:22:12",739,739,0,739,720,0,19,800,339,433,28,10,303,4,54,2,12,3,2,2,2,11,6,4,8,5,5
29,NEAMŢ,"ŞCOALA GENERALĂ",339,ONICENI,123255,1,PROV,PRCNCT,EUP,EUP_SV,"2024-06-10 02:29:59",277,277,0,285,277,0,8,299,132,154,13,3,110,0,18,0,1,1,0,1,0,10,2,0,2,3,3
29,NEAMŢ,"ŞCOALA GENERALĂ",243,DĂMUC,122249,1,PROV,PRCNCT,EUP,EUP_SV,"2024-06-10 09:27:48",527,527,0,332,318,0,14,499,167,318,14,1,137,8,127,3,3,0,4,0,0,18,4,1,4,4,4
29,NEAMŢ,"ŞCOALA GENERALĂ",336,ONICENI,123255,1,PROV,PRCNCT,EUP,EUP_SV,"2024-06-10 03:53:07",256,256,0,189,182,0,7,300,103,181,8,2,143,1,20,0,1,0,1,1,0,7,0,0,3,0,2
29,NEAMŢ,"ŞCOALA GENERALĂ",240,CRĂCĂOANI,122187,1,PROV,PRCNCT,EUP,EUP_SV,"2024-06-10 03:15:02",566,566,0,370,346,0,24,600,230,359,11,3,242,5,40,32,5,1,2,0,0,15,3,0,4,4,3
29,NEAMŢ,"SCOALA GENERALA CU CLASELE I-IV NR. 3",389,RĂZBOIENI,123969,1,PROV,PRCNCT,EUP,EUP_SV,"2024-06-10 05:25:15",470,449,21,261,226,21,14,600,339,244,17,2,167,1,30,1,15,0,1,3,3,10,3,1,1,3,3
29,NEAMŢ,"SCOALA GENERALA CU CLASELE I-VIII",387,RĂZBOIENI,123969,1,PROV,PRCNCT,EUP,EUP_SV,"2024-06-10 07:29:07",627,590,37,371,335,20,16,700,330,354,16,4,235,3,48,2,14,2,1,2,0,25,3,0,8,2,5
29,NEAMŢ,"SCOALA GENERALA NR. 1 MARCENI",120,"ORAŞ BICAZ",120968,1,PROV,PRCNCT,EUP,EUP_SV,"2024-06-10 02:30:50",749,749,0,396,386,0,10,800,404,385,11,3,194,9,81,7,21,2,7,2,3,19,9,1,12,9,6
29,NEAMŢ,"SCOALA GENERALA NR. 1 MARCENI",121,"ORAŞ BICAZ",120968,1,PROV,PRCNCT,EUP,EUP_SV,"2024-06-10 07:47:38",1111,1111,0,474,460,0,14,1200,732,446,22,4,235,20,85,4,12,4,3,6,1,26,16,3,8,11,8
29,NEAMŢ,"SCOALA GENERALA NR.1 MARCENI",127,"ORAŞ BICAZ",120968,1,PROV,PRCNCT,EUP,EUP_SV,"2024-06-10 02:07:28",200,200,0,96,88,0,8,299,203,88,8,0,42,1,13,1,7,0,0,0,0,12,4,0,3,2,3
29,NEAMŢ,"SCOALA GENERALA NR.1 MARCENI",128,"ORAŞ BICAZ",120968,1,PROV,PRCNCT,EUP,EUP_SV,"2024-06-09 23:57:59",60,60,0,27,22,0,5,100,73,24,3,1,14,0,3,0,2,0,0,0,1,2,0,0,0,1,0
29,NEAMŢ,"SCOALA GENERALA NR.1 MARCENI",126,"ORAŞ BICAZ",120968,1,PROV,PRCNCT,EUP,EUP_SV,"2024-06-10 01:32:41",109,109,0,61,55,0,6,200,139,55,6,1,36,0,10,1,2,0,0,0,0,0,0,1,0,0,4
29,NEAMŢ,"SCOALA GENERALA NR.2 DODENI",123,"ORAŞ BICAZ",120968,1,PROV,PRCNCT,EUP,EUP_SV,"2024-06-10 03:08:01",904,904,0,378,372,0,6,1000,612,356,22,4,194,4,67,0,16,0,5,4,0,28,9,4,5,11,5
29,NEAMŢ,"SCOALA GENERALA NR.2 DODENI",124,"ORAŞ BICAZ",120968,1,PROV,PRCNCT,EUP,EUP_SV,"2024-06-10 05:28:13",987,987,0,347,338,0,9,1100,753,327,20,7,178,3,57,4,19,0,2,3,0,29,8,0,11,5,1
29,NEAMŢ,"ȘCOALA GENERALĂ ROZNOV",129,"ORAŞ ROZNOV",124117,1,PROV,PRCNCT,EUP,EUP_SV,"2024-06-10 06:26:55",1669,1669,0,794,780,0,14,1800,1006,755,38,5,393,18,105,23,43,5,12,9,2,72,20,11,14,9,14
29,NEAMŢ,"ȘCOALA GENERALĂ SLOBOZIA",134,"ORAŞ ROZNOV",124117,1,PROV,PRCNCT,EUP,EUP_SV,"2024-06-10 06:20:08",1297,1285,12,625,613,0,12,1400,775,568,57,6,236,8,121,5,29,8,10,3,4,73,19,5,19,11,11
29,NEAMŢ,"SCOALA GIMNAZIALA",259,DRĂGĂNEŞTI,125132,1,PROV,PRCNCT,EUP,EUP_SV,"2024-06-10 02:51:12",546,546,0,352,333,0,19,598,266,307,25,0,201,1,56,1,6,1,2,3,0,21,6,2,4,1,2
29,NEAMŢ,"ŞCOALA GIMNAZIALĂ",452,TIMIŞEŞTI,124661,1,PROV,PRCNCT,EUP,EUP_SV,"2024-06-10 06:13:01",1018,1018,0,521,515,0,6,1102,587,485,30,0,307,7,84,1,10,4,2,2,2,31,6,1,8,16,4
29,NEAMŢ,"ŞCOALA GIMNAZIALĂ",165,BĂLŢĂTEŞTI,121242,1,PROV,PRCNCT,EUP,EUP_SV,"2024-06-10 04:39:09",1151,1151,0,663,656,0,7,1300,637,603,60,6,310,2,146,11,17,9,19,6,2,38,4,5,12,5,11
29,NEAMŢ,"ŞCOALA GIMNAZIALĂ",453,TIMIŞEŞTI,124661,1,PROV,PRCNCT,EUP,EUP_SV,"2024-06-10 04:24:19",1021,1021,0,522,505,0,17,1100,578,494,28,3,352,4,53,7,16,1,1,11,1,21,5,2,0,10,7
29,NEAMŢ,"ȘCOALA GIMNAZIALĂ",222,CÂNDEŞTI,122061,1,PROV,PRCNCT,EUP,EUP_SV,"2024-06-10 05:39:42",1256,1256,0,666,658,0,8,1400,734,609,57,2,381,3,129,3,9,0,0,2,0,37,2,2,16,16,7
29,NEAMŢ,"ŞCOALA GIMNAZIALĂ „ALEXANDRU IOAN CUZA” CORP B(GRĂDINIŢA DE COPII NR. 12 CU PROGRAM NORMAL)",117,"MUNICIPIUL ROMAN",120860,1,PROV,PRCNCT,EUP,EUP_SV,"2024-06-10 03:08:15",1111,1111,0,474,464,0,10,1200,726,461,13,4,257,12,53,8,40,1,7,3,2,20,14,3,12,15,10
29,NEAMŢ,"ŞCOALA GIMNAZIALĂ „ALEXANDRU IOAN CUZA” CORP C(GRĂDINIŢA DE COPII NR. 3 CU PROGRAM PRELUNGIT)",116,"MUNICIPIUL ROMAN",120860,1,PROV,PRCNCT,EUP,EUP_SV,"2024-06-10 04:39:28",1226,1209,17,532,515,0,17,1300,770,515,15,3,255,39,71,6,47,7,1,2,2,32,19,8,8,8,7
29,NEAMŢ,"ŞCOALA GIMNAZIALĂ „ALEXANDRU IOAN CUZA”(ŞCOALA NR. 5)",115,"MUNICIPIUL ROMAN",120860,1,PROV,PRCNCT,EUP,EUP_SV,"2024-06-10 05:39:55",1214,1214,0,510,499,0,11,1300,790,485,25,1,231,21,70,5,45,4,1,4,2,29,21,8,14,16,13
29,NEAMŢ,"ŞCOALA GIMNAZIALĂ „ALEXANDRU IOAN CUZA”(ŞCOALA NR. 5)",114,"MUNICIPIUL ROMAN",120860,1,PROV,PRCNCT,EUP,EUP_SV,"2024-06-10 04:37:49",1478,1478,0,1494,1478,0,16,1600,970,581,28,2,317,0,72,9,52,2,3,5,3,42,17,3,22,27,5
29,NEAMŢ,"ŞCOALA GIMNAZIALĂ ”ALEXANDRU PODOLEANU”",369,PODOLENI,123674,1,PROV,PRCNCT,EUP,EUP_SV,"2024-06-10 05:03:47",997,997,0,509,498,0,11,1100,591,473,36,3,315,4,63,5,8,2,3,6,1,28,4,2,11,13,5
29,NEAMŢ,"ŞCOALA GIMNAZIALĂ ”ALEXANDRU PODOLEANU”",370,PODOLENI,123674,1,PROV,PRCNCT,EUP,EUP_SV,"2024-06-10 03:11:39",1136,1136,0,562,548,0,14,1200,638,540,22,1,375,4,59,6,18,1,3,2,1,22,9,3,12,17,7
29,NEAMŢ,"ȘCOALA GIMNAZIALĂ ”ANTONIE MUREȘIANU”- GRĂDINIȚA",184,BIRA,121386,1,PROV,PRCNCT,EUP,EUP_SV,"2024-06-10 03:18:31",541,541,0,321,305,0,16,610,289,304,17,3,179,5,42,2,15,0,1,2,1,34,1,3,7,7,2
29,NEAMŢ,"SCOALA GIMNAZIALA”ARHIM.CHIRIAC NECULAU” NEMTISOR",486,VÂNĂTORI-NEAMŢ,125016,1,PROV,PRCNCT,EUP,EUP_SV,"2024-06-10 05:27:42",1180,1180,0,516,496,0,20,1300,790,474,36,1,291,3,86,6,22,3,1,3,1,34,8,1,3,3,8
29,NEAMŢ,"SCOALA GIMNAZIALA ”ARHIM. CHIRIAC NICOLAU”",484,VÂNĂTORI-NEAMŢ,125016,1,PROV,PRCNCT,EUP,EUP_SV,"2024-06-10 03:57:04",1110,1110,0,560,550,0,10,1200,640,534,26,1,355,5,52,2,35,2,2,2,2,33,4,2,16,8,13
29,NEAMŢ,"SCOALA GIMNAZIALA ”ARHIM. CHIRIAC NICOLAU”",480,VÂNĂTORI-NEAMŢ,125016,1,PROV,PRCNCT,EUP,EUP_SV,"2024-06-10 05:56:02",1304,1303,1,784,769,0,15,1400,716,648,36,4,374,8,91,6,52,5,0,4,2,39,1,6,21,22,13
29,NEAMŢ,"SCOALA GIMNAZIALA ”ARHIM. CHIRIAC NICOLAU” NR.2",482,VÂNĂTORI-NEAMŢ,125016,1,PROV,PRCNCT,EUP,EUP_SV,"2024-06-10 05:44:01",1351,1351,0,653,640,0,13,1494,841,593,60,0,347,5,96,8,56,3,5,2,0,38,5,1,9,5,13
29,NEAMŢ,"SCOALA GIMNAZIALA BALUSESTI",315,ICUŞEŞTI,123013,1,PROV,PRCNCT,EUP,EUP_SV,"2024-06-10 03:42:21",824,824,0,375,370,0,5,900,442,329,45,4,218,5,60,3,6,1,1,6,3,14,2,0,3,1,2
29,NEAMŢ,"SCOALA GIMNAZIALA BALUSESTI",316,ICUŞEŞTI,123013,1,PROV,PRCNCT,EUP,EUP_SV,"2024-06-10 03:59:01",1193,1193,0,562,559,0,3,1300,738,495,67,7,352,4,62,6,18,1,6,4,0,14,5,1,8,1,6
29,NEAMŢ,"ȘCOALA GIMNAZIALĂ BOGHICEA",192,BOGHICEA,125178,1,PROV,PRCNCT,EUP,EUP_SV,"2024-06-10 03:22:55",1021,1021,0,561,541,0,20,1100,539,538,23,0,348,0,70,13,24,3,3,0,1,43,5,2,16,10,0
29,NEAMŢ,"SCOALA GIMNAZIALĂ BORLEŞTI",203,BORLEŞTI,121732,1,PROV,PRCNCT,EUP,EUP_SV,"2024-06-10 07:32:53",1508,1508,0,686,671,0,15,1600,914,658,28,5,370,9,98,9,23,3,4,4,3,55,14,4,13,33,11
29,NEAMŢ,"ȘCOALA GIMNAZIALĂ BOZIENI (ȘCOALA GENERALĂ BOZIENI)",215,BOZIENI,121876,1,PROV,PRCNCT,EUP,EUP_SV,"2024-06-10 02:32:35",879,879,0,480,459,0,21,1000,520,441,39,2,365,2,30,1,6,1,0,1,0,20,1,4,2,3,3
29,NEAMŢ,"ȘCOALA GIMNAZIALĂ BOZIENI - ȘCOALA PRIMARĂ CUCI (ŞCOALA GENERALĂ BOZIENI)",216,BOZIENI,121876,1,PROV,PRCNCT,EUP,EUP_SV,"2024-06-10 04:35:45",641,638,3,348,335,3,10,700,352,314,34,5,246,0,26,4,3,1,1,3,0,17,1,0,4,2,1
29,NEAMŢ,"ȘCOALA GIMNAZIALĂ BOZIENI - ȘCOALA PRIMARĂ IUCȘA (ŞCOALA GENERALĂ BOZIENI)",217,BOZIENI,121876,1,PROV,PRCNCT,EUP,EUP_SV,"2024-06-10 01:51:29",631,631,0,336,325,0,11,700,364,309,27,3,234,6,23,5,2,0,3,2,0,16,2,1,2,5,5
29,NEAMŢ,"ŞCOALA GIMNAZIALĂ BUHALNIŢA",306,HANGU,122953,1,PROV,PRCNCT,EUP,EUP_SV,"2024-06-10 04:56:15",617,617,0,269,254,0,15,700,431,247,22,0,161,4,36,3,7,0,4,2,0,21,2,0,2,0,5
29,NEAMŢ,"ŞCOALA GIMNAZIALĂ ”CALISTRAT HOGAŞ”",80,"MUNICIPIUL ROMAN",120860,1,PROV,PRCNCT,EUP,EUP_SV,"2024-06-10 05:13:32",1684,1676,8,403,393,2,8,1800,1397,381,22,3,218,10,61,0,21,2,5,2,3,26,8,4,6,8,4
29,NEAMŢ,"ŞCOALA GIMNAZIALĂ ”CALISTRAT HOGAŞ”",81,"MUNICIPIUL ROMAN",120860,1,PROV,PRCNCT,EUP,EUP_SV,"2024-06-10 06:54:15",1359,1357,2,433,419,0,14,1500,1068,414,15,3,238,9,73,4,13,6,4,0,0,33,7,3,6,11,4
29,NEAMŢ,"ŞCOALA GIMNAZIALĂ ”CALISTRAT HOGAŞ”",79,"MUNICIPIUL ROMAN",120860,1,PROV,PRCNCT,EUP,EUP_SV,"2024-06-10 06:22:52",1540,1540,0,526,511,0,15,1700,1174,492,34,4,229,14,71,14,33,11,6,2,4,47,19,4,8,20,6
29,NEAMŢ,"ȘCOALA GIMNAZIALĂ ”CALISTRAT HOGAȘ”",82,"MUNICIPIUL ROMAN",120860,1,PROV,PRCNCT,EUP,EUP_SV,"2024-06-10 06:36:19",1239,1228,11,469,445,11,13,1400,931,441,28,2,245,6,71,3,30,4,3,0,2,30,13,4,11,12,5
29,NEAMŢ,"SCOALA GIMNAZIALA ”CARMEN SYLVA”",310,HORIA,120922,1,PROV,PRCNCT,EUP,EUP_SV,"2024-06-10 06:12:45",1714,1714,0,678,672,0,6,1800,1122,650,28,6,281,10,150,8,78,5,4,3,2,66,10,2,9,10,6
29,NEAMŢ,"ŞCOALA GIMNAZIALĂ ”CAROL I”",90,"MUNICIPIUL ROMAN",120860,1,PROV,PRCNCT,EUP,EUP_SV,"2024-06-10 07:54:22",1391,1391,0,657,650,0,7,1500,843,614,43,3,354,19,86,4,30,3,2,2,3,44,15,3,17,21,8
29,NEAMŢ,"ŞCOALA GIMNAZIALĂ ”CAROL I”",89,"MUNICIPIUL ROMAN",120860,1,PROV,PRCNCT,EUP,EUP_SV,"2024-06-10 08:14:50",1514,1514,0,677,668,0,9,1700,1023,635,42,7,385,13,86,5,25,5,3,2,4,52,14,5,12,9,8
29,NEAMŢ,"ȘCOALA GIMNAZIALĂ COMUNA BAHNA",158,BAHNA,121153,1,PROV,PRCNCT,EUP,EUP_SV,"2024-06-10 03:05:04",469,469,0,284,249,0,35,500,216,265,19,3,200,1,32,0,12,2,2,2,0,8,0,0,1,1,1
29,NEAMŢ,"SCOALA GIMNAZIALA, COMUNA FAUREI",275,FĂUREI,122613,1,PROV,PRCNCT,EUP,EUP_SV,"2024-06-10 03:28:48",609,597,12,342,330,0,12,700,358,316,26,3,199,3,43,4,16,0,2,3,0,25,7,2,3,1,5
29,NEAMŢ,"SCOALA GIMNAZIALA, COMUNA GHERAESTI",286,GHERĂEŞTI,122668,1,PROV,PRCNCT,EUP,EUP_SV,"2024-06-10 04:53:34",1432,1430,2,604,593,2,9,1600,1016,568,16,13,290,12,49,6,107,3,7,5,2,27,9,3,15,14,6
29,NEAMŢ,"SCOALA GIMNAZIALA, COMUNA GHERAESTI",284,GHERĂEŞTI,122668,1,PROV,PRCNCT,EUP,EUP_SV,"2024-06-10 05:48:22",1435,1435,0,648,637,0,11,1600,952,623,25,8,309,13,46,9,143,2,0,6,3,37,12,1,19,12,3
29,NEAMŢ,"SCOALA GIMNAZIALA, COMUNA GHERAESTI",285,GHERĂEŞTI,122668,1,PROV,PRCNCT,EUP,EUP_SV,"2024-06-10 05:02:16",1335,1335,0,604,597,0,7,1500,896,580,24,4,308,13,30,4,119,0,11,6,2,31,6,2,16,23,5
29,NEAMŢ,"ŞCOALA GIMNAZIALĂ,COMUNA HANGU",304,HANGU,122953,1,PROV,PRCNCT,EUP,EUP_SV,"2024-06-10 04:40:46",923,923,0,464,448,0,16,1000,536,440,24,2,267,6,54,2,51,3,4,1,0,26,4,2,12,3,3
29,NEAMŢ,"ŞCOALA GIMNAZIALA, COMUNA PASTRAVENI",340,PĂSTRĂVENI,123371,1,PROV,PRCNCT,EUP,EUP_SV,"2024-06-10 03:32:36",725,725,0,394,394,0,0,800,406,370,24,4,251,3,47,4,4,2,2,1,0,26,4,2,5,4,11
29,NEAMŢ,"ŞCOALA GIMNAZIALĂ COMUNA PĂSTRĂVENI",341,PĂSTRĂVENI,123371,1,PROV,PRCNCT,EUP,EUP_SV,"2024-06-10 01:51:13",673,673,0,359,358,0,1,900,541,342,17,3,210,1,60,1,7,0,1,2,0,32,11,0,9,2,3
29,NEAMŢ,"SCOALA GIMNAZIALA,COMUNA PIATRA SOIMULUI",355,"PIATRA ŞOIMULUI",123479,1,PROV,PRCNCT,EUP,EUP_SV,"2024-06-10 04:15:42",1544,1543,1,631,610,0,21,1700,1069,576,55,3,253,11,117,1,38,7,25,3,2,61,10,6,8,10,21
29,NEAMŢ,"ŞCOALA GIMNAZIALĂ, COMUNA SAGNA",404,SAGNA,124153,1,PROV,PRCNCT,EUP,EUP_SV,"2024-06-10 08:34:51",1542,1542,0,726,723,0,3,1700,986,674,40,3,389,13,107,5,39,5,7,7,2,42,5,8,17,13,12
29,NEAMŢ,"ŞCOALA GIMNAZIALĂ, COMUNA SAGNA",403,SAGNA,124153,1,PROV,PRCNCT,EUP,EUP_SV,"2024-06-10 03:30:19",1694,1694,0,772,763,0,9,1900,1137,709,54,3,413,16,105,1,38,2,9,3,2,57,11,2,21,17,9
29,NEAMŢ,"SCOALA GIMNAZIALA COMUNA STANITA",426,STĂNIŢA,124331,1,PROV,PRCNCT,EUP,EUP_SV,"2024-06-10 02:01:45",354,351,3,156,142,3,11,400,253,137,10,1,88,1,32,0,0,1,3,1,0,1,4,1,4,0,0
29,NEAMŢ,"SCOALA GIMNAZIALA COMUNA TAMASENI",447,TĂMĂŞENI,124634,1,PROV,PRCNCT,EUP,EUP_SV,"2024-06-10 05:14:46",1445,1445,0,496,480,0,16,1620,1124,464,32,3,194,24,49,3,102,2,4,1,4,27,11,2,20,14,4
29,NEAMŢ,"ŞCOALA GIMNAZIALA COMUNA VALENI",479,VĂLENI,125123,1,PROV,PRCNCT,EUP,EUP_SV,"2024-06-10 06:43:02",599,599,0,364,347,0,17,700,336,292,71,4,245,1,25,5,2,0,0,0,0,3,1,0,2,1,3
29,NEAMŢ,"ŞCOALA GIMNAZIALA ”CONSTANTIN ROMANESCU” DREPTU",374,"POIANA TEIULUI",123790,1,PROV,PRCNCT,EUP,EUP_SV,"2024-06-10 03:43:03",923,919,4,519,497,4,18,1000,481,500,19,1,298,6,108,6,8,2,2,1,2,34,4,3,15,4,6
29,NEAMŢ,"ŞCOALA GIMNAZIALĂ ”COSTACHE NEGRI” - LOCAL NOU",110,"MUNICIPIUL ROMAN",120860,1,PROV,PRCNCT,EUP,EUP_SV,"2024-06-10 05:42:48",913,913,0,351,343,0,8,1000,649,335,16,2,162,5,47,3,33,4,1,2,5,24,6,2,17,19,3
29,NEAMŢ,"ŞCOALA GIMNAZIALĂ ”COSTACHE NEGRI” - LOCAL NOU",111,"MUNICIPIUL ROMAN",120860,1,PROV,PRCNCT,EUP,EUP_SV,"2024-06-10 06:11:12",1385,1375,10,600,584,1,15,1500,900,559,41,3,278,13,114,14,27,3,3,4,4,42,19,5,9,16,5
29,NEAMŢ,"ȘCOALA GIMNAZIALĂ DAVIDENI",466,ŢIBUCANI,124803,1,PROV,PRCNCT,EUP,EUP_SV,"2024-06-10 03:32:40",751,750,1,408,366,0,42,800,392,371,37,4,257,0,45,4,13,1,3,1,0,35,1,1,3,1,2
29,NEAMŢ,"SCOALA GIMNAZIALĂ DOMNEASCĂ ”GRIGORE GHICA VODĂ”",137,"ORAŞ TÂRGU-NEAMŢ",121055,1,PROV,PRCNCT,EUP,EUP_SV,"2024-06-10 07:39:47",1621,1621,0,780,763,0,17,1778,998,758,22,4,376,22,120,6,71,7,11,0,4,44,35,8,20,25,5
29,NEAMŢ,"SCOALA GIMNAZIALA DR. EMANUIEL RIGLER",432,"ŞTEFAN CEL MARE",124411,1,PROV,PRCNCT,EUP,EUP_SV,"2024-06-10 02:48:46",675,675,0,368,359,0,9,704,336,340,28,8,206,0,41,2,22,2,6,4,3,26,5,1,6,4,4
29,NEAMŢ,"SCOALA GIMNAZIALA DR. EMANUIEL RIGLER",433,"ŞTEFAN CEL MARE",124411,1,PROV,PRCNCT,EUP,EUP_SV,"2024-06-10 04:44:06",674,674,0,353,346,0,7,700,347,333,20,11,172,2,51,1,31,0,0,4,3,26,7,1,7,13,4
29,NEAMŢ,"SCOALA GIMNAZIALA ”DUMITRU ALMAS” NEGRESTI",333,NEGREŞTI,125169,1,PROV,PRCNCT,EUP,EUP_SV,"2024-06-10 08:09:52",1121,1121,0,688,657,0,31,1200,543,614,43,4,319,8,146,10,75,3,1,3,3,20,4,1,4,5,8
29,NEAMŢ,"ȘCOALA GIMNAZIALĂ ”ELENA CUZA”",47,"MUNICIPIUL PIATRA-NEAMŢ",120726,1,PROV,PRCNCT,EUP,EUP_SV,"2024-06-10 06:32:37",1301,1301,0,570,559,0,11,1400,820,540,30,1,223,39,67,31,56,10,3,6,4,33,21,12,14,16,4
29,NEAMŢ,"ȘCOALA GIMNAZIALĂ ”ELENA CUZA”",46,"MUNICIPIUL PIATRA-NEAMŢ",120726,1,PROV,PRCNCT,EUP,EUP_SV,"2024-06-10 07:01:15",1338,1338,0,581,560,0,21,1500,906,552,25,2,209,30,95,21,78,1,6,1,7,23,26,7,11,32,3
29,NEAMŢ,"ŞCOALA GIMNAZIALĂ ”EPISCOP MELCHISEDEC ŞTEFĂNESCU”",281,GÂRCINA,122828,1,PROV,PRCNCT,EUP,EUP_SV,"2024-06-10 06:46:34",1117,1117,0,583,558,0,25,1200,594,560,23,6,327,14,70,11,9,3,4,6,3,62,12,4,9,13,7
29,NEAMŢ,"ŞCOALA GIMNAZIALĂ ”EPISCOP MELCHISEDEC ŞTEFĂNESCU”",283,GÂRCINA,122828,1,PROV,PRCNCT,EUP,EUP_SV,"2024-06-10 03:23:08",1060,1060,0,515,505,0,10,1200,685,476,39,9,298,4,60,6,10,2,4,4,1,46,2,3,8,6,13
29,NEAMŢ,"ŞCOALA GIMNAZIALĂ ”EPISCOP MELCHISEDEC ŞTEFĂNESCU”, CORP A",280,GÂRCINA,122828,1,PROV,PRCNCT,EUP,EUP_SV,"2024-06-10 05:28:22",1191,1191,0,668,645,0,23,1300,632,623,45,4,385,19,76,16,22,4,3,4,2,42,9,2,12,20,3
29,NEAMŢ,"SCOALA GIMNAZIALA FUNDATURA",470,URECHENI,124849,1,PROV,PRCNCT,EUP,EUP_SV,"2024-06-10 05:54:23",540,540,0,303,259,0,44,600,297,293,10,1,235,2,19,0,2,0,1,2,1,15,2,0,5,5,3
29,NEAMŢ,"SCOALA GIMNAZIALA GADINTI (CORP 1)",278,GÂDINŢI,125150,1,PROV,PRCNCT,EUP,EUP_SV,"2024-06-10 02:50:32",977,972,5,449,444,5,0,1100,651,423,26,5,274,4,77,3,7,1,2,2,0,23,3,1,12,4,5
29,NEAMŢ,"SCOALA GIMNAZIALA GADINTI (CORP 2)",279,GÂDINŢI,125150,1,PROV,PRCNCT,EUP,EUP_SV,"2024-06-10 05:17:09",1064,1059,5,540,522,5,13,1200,660,505,35,5,313,10,93,8,6,0,2,1,3,31,8,3,9,9,4
29,NEAMŢ,"ŞCOALA GIMNAZIALĂ ”GHEORGHE PATRAŞCU” BURUIENEŞTI, CORP B",251,DOLJEŞTI,122347,1,PROV,PRCNCT,EUP,EUP_SV,"2024-06-10 04:19:31",1657,1657,0,609,596,0,13,1800,1191,556,53,5,401,14,0,15,25,17,0,0,0,0,24,13,15,14,13
29,NEAMŢ,"ŞCOALA GIMNAZIALĂ ”GHEORGHE PATRAŞCU” BURUIENESTI, CORP C",252,DOLJEŞTI,122347,1,PROV,PRCNCT,EUP,EUP_SV,"2024-06-10 02:49:26",1504,1504,0,540,527,0,13,1600,1060,506,34,4,361,5,48,5,28,2,0,5,0,18,4,5,8,6,7
29,NEAMŢ,"ŞCOALA GIMNAZIALĂ ”GHEORGHE SĂVINESCU”",237,CRĂCĂOANI,122187,1,PROV,PRCNCT,EUP,EUP_SV,"2024-06-10 06:37:24",855,845,10,468,458,2,8,921,453,441,27,1,240,3,67,24,24,3,1,1,1,51,3,5,4,4,9
29,NEAMŢ,"ŞCOALA GIMNAZIALĂ ”GHEORGHE SĂVINESCU”",238,CRĂCĂOANI,122187,1,PROV,PRCNCT,EUP,EUP_SV,"2024-06-10 09:16:43",932,921,11,492,481,0,11,1000,508,467,25,1,291,0,29,51,6,2,2,4,2,59,1,2,3,4,10
29,NEAMŢ,"ŞCOALA GIMNAZIALĂ „GRIGORE STURZU” TIRZIA",221,BRUSTURI,121938,1,PROV,PRCNCT,EUP,EUP_SV,"2024-06-10 02:12:08",600,600,0,278,274,0,4,700,422,264,14,0,173,0,48,2,5,0,1,3,0,18,3,0,0,5,6
29,NEAMŢ,"SCOALA GIMNAZIALA ICUSESTI",314,ICUŞEŞTI,123013,1,PROV,PRCNCT,EUP,EUP_SV,"2024-06-10 04:52:50",630,630,0,277,272,0,5,702,425,257,20,0,160,6,53,1,3,0,0,0,0,19,2,0,3,7,3
29,NEAMŢ,"ŞCOALA GIMNAZIALĂ „IEREMIA IRIMESCU” BRUSTURI",218,BRUSTURI,121938,1,PROV,PRCNCT,EUP,EUP_SV,"2024-06-10 03:47:20",1513,1513,0,827,800,0,27,1700,873,779,48,3,429,4,203,3,9,3,2,3,2,62,15,4,13,16,8
29,NEAMŢ,"SCOALA GIMNAZIALA I.GERVESCU SAVINESTI",415,SĂVINEŞTI,120824,1,PROV,PRCNCT,EUP,EUP_SV,"2024-06-10 09:54:44",1630,1630,0,434,412,0,22,1800,1366,408,26,6,239,2,62,2,20,7,3,11,1,25,8,6,4,10,2
29,NEAMŢ,"SCOALA GIMNAZIALA ”I.I. MIRONESCU”",444,TAZLĂU,124616,1,PROV,PRCNCT,EUP,EUP_SV,"2024-06-10 06:20:54",1012,1012,0,557,535,0,22,1100,543,514,43,4,340,8,54,3,26,1,8,2,2,35,10,4,6,6,5
29,NEAMŢ,"SCOALA GIMNAZIALA INGARESTI",472,URECHENI,124849,1,PROV,PRCNCT,EUP,EUP_SV,"2024-06-10 03:35:25",720,720,0,417,415,0,2,800,404,375,21,3,241,3,45,3,26,1,0,1,0,35,5,1,2,2,7
29,NEAMŢ,"ŞCOALA GIMNAZIALA ” IOAN GRIGORE TEODORESCU”",207,BORLEŞTI,121732,1,PROV,PRCNCT,EUP,EUP_SV,"2024-06-10 03:56:47",841,840,1,367,353,0,14,900,533,352,15,1,186,6,68,4,19,3,0,2,1,32,10,3,3,7,7
29,NEAMŢ,"ŞCOALA GIMNAZIALĂ ” IOAN LUCA ”",272,FARCAŞA,122551,1,PROV,PRCNCT,EUP,EUP_SV,"2024-06-10 03:54:09",1125,1124,1,548,533,0,15,1200,652,537,11,10,282,0,112,17,18,3,7,4,3,39,0,0,12,19,11
29,NEAMŢ,"ŞCOALA GIMNAZIALĂ ”ION CREANGĂ”, CORP A1, LOC. HUMULEŞTI",148,"ORAŞ TÂRGU-NEAMŢ",121055,1,PROV,PRCNCT,EUP,EUP_SV,"2024-06-10 03:05:21",469,469,0,205,198,0,7,500,295,201,4,1,120,3,23,4,11,1,0,2,2,14,8,0,5,3,4
29,NEAMŢ,"ŞCOALA GIMNAZIALĂ ”ION CREANGĂ”, CORP A, LOC. HUMULEŞTI",147,"ORAŞ TÂRGU-NEAMŢ",121055,1,PROV,PRCNCT,EUP,EUP_SV,"2024-06-10 07:51:10",1651,1651,0,768,760,0,8,1820,1049,714,33,10,364,22,125,2,57,3,7,4,0,54,22,4,14,18,8
29,NEAMŢ,"ŞCOALA GIMNAZIALĂ ”ION CREANGĂ”, CORP B, LOC. HUMULEŞTI",146,"ORAŞ TÂRGU-NEAMŢ",121055,1,PROV,PRCNCT,EUP,EUP_SV,"2024-06-10 12:55:02",1616,1616,0,1626,1616,0,10,1800,974,775,51,7,397,6,161,10,35,5,6,3,4,72,24,2,9,30,4
29,NEAMŢ,"ȘCOALA GIMNAZIALǍ ”IUSTIN PÎRVU”",373,"POIANA TEIULUI",123790,1,PROV,PRCNCT,EUP,EUP_SV,"2024-06-10 09:19:59",1306,1282,24,699,676,11,12,1400,701,656,20,7,372,7,145,10,11,0,4,9,2,42,9,6,14,14,4
29,NEAMŢ,"ŞCOALA GIMNAZIALĂ,LOCALITATEA IZVOARE",161,BAHNA,121153,1,PROV,PRCNCT,EUP,EUP_SV,"2024-06-10 06:59:55",1106,1100,6,627,621,0,6,1200,572,533,94,28,276,5,73,4,127,2,1,3,2,6,0,1,1,4,0
29,NEAMŢ,"SCOALA GIMNAZIALA LUMINIS,COMUNA PIATRA SOIMULUI",357,"PIATRA ŞOIMULUI",123479,1,PROV,PRCNCT,EUP,EUP_SV,"2024-06-10 06:13:18",1124,1122,2,491,486,1,4,1200,709,463,28,5,222,6,77,2,28,3,6,2,2,75,8,4,11,3,9
29,NEAMŢ,"ŞCOALA GIMNAZIALA LUMINIS,COMUNA PIATRA SOIMULUI",358,"PIATRA ŞOIMULUI",123479,1,PROV,PRCNCT,EUP,EUP_SV,"2024-06-10 02:41:52",991,991,0,457,445,0,12,1100,643,424,33,1,216,3,58,3,22,5,10,3,4,55,9,6,10,11,8
29,NEAMŢ,"ŞCOALA GIMNAZIALĂ ”MIHAI EMINESCU”",88,"MUNICIPIUL ROMAN",120860,1,PROV,PRCNCT,EUP,EUP_SV,"2024-06-10 04:49:50",1322,1322,0,563,554,0,9,1400,837,525,38,1,288,14,73,10,42,5,3,8,2,28,13,4,15,17,2
29,NEAMŢ,"ȘCOALA GIMNAZIALĂ ”MIHAI EMINESCU”",87,"MUNICIPIUL ROMAN",120860,1,PROV,PRCNCT,EUP,EUP_SV,"2024-06-10 05:38:51",1175,1175,0,394,378,0,16,1300,906,331,63,2,211,1,50,5,7,1,6,1,0,25,10,1,5,2,4
29,NEAMŢ,"ŞCOALA GIMNAZIALĂ MIHAI EMINESCU FILIOARA",150,AGAPIA,121108,1,PROV,PRCNCT,EUP,EUP_SV,"2024-06-10 06:41:41",823,823,0,475,470,0,5,900,425,458,17,1,295,7,83,7,12,2,3,0,0,29,1,0,4,8,6
29,NEAMŢ,"ȘCOALA GIMNAZIALĂ ” NICOLAE APOSTOL ” RUGINOASA",401,RUGINOASA,125105,1,PROV,PRCNCT,EUP,EUP_SV,"2024-06-10 03:00:14",610,610,0,466,382,0,84,700,234,442,24,2,314,2,37,1,50,1,1,0,0,11,6,0,5,7,5
29,NEAMŢ,"ȘCOALA GIMNAZIALĂ ” NICOLAE APOSTOL” RUGINOASA",400,RUGINOASA,125105,1,PROV,PRCNCT,EUP,EUP_SV,"2024-06-10 01:24:51",582,582,0,445,431,0,14,606,161,425,20,6,306,0,25,0,54,4,1,0,0,11,5,0,6,5,2
29,NEAMŢ,"ŞCOALA GIMNAZIALĂ NICOLAE GRIGORESCU AGAPIA",149,AGAPIA,121108,1,PROV,PRCNCT,EUP,EUP_SV,"2024-06-10 05:20:38",1411,1411,0,665,653,0,12,1500,847,612,41,3,354,7,114,6,30,2,4,2,1,42,6,3,6,22,10
29,NEAMŢ,"ŞCOALA GIMNAZIALĂ ”NICOLAE IORGA” - SAT OANȚU",348,PÂNGĂRAŢI,123601,1,PROV,PRCNCT,EUP,EUP_SV,"2024-06-10 04:44:55",1255,1255,0,757,753,0,4,1400,635,717,40,5,441,7,90,7,31,4,4,7,2,79,7,3,11,13,6
29,NEAMŢ,"ŞCOALA GIMNAZIALĂ ”NICOLAE IORGA” - SAT PÎNGĂRĂCIOR",349,PÂNGĂRAŢI,123601,1,PROV,PRCNCT,EUP,EUP_SV,"2024-06-10 06:46:05",1685,1667,18,917,892,18,7,1800,883,853,25,8,455,20,137,17,62,3,3,1,8,72,18,7,10,20,12
29,NEAMŢ,"ŞCOALA GIMNAZIALĂ ”NICOLAE IORGA” -SAT PÎNGĂRAȚI - PUNCT CASTEL",347,PÂNGĂRAŢI,123601,1,PROV,PRCNCT,EUP,EUP_SV,"2024-06-10 03:48:00",607,607,0,343,325,0,18,700,357,326,17,3,184,11,61,3,21,3,3,1,0,19,4,3,6,2,2
29,NEAMŢ,"ŞCOALA GIMNAZIALĂ ”NICOLAE IORGA” - SAT STEJARU",350,PÂNGĂRAŢI,123601,1,PROV,PRCNCT,EUP,EUP_SV,"2024-06-10 04:12:59",864,864,0,447,436,0,11,1000,553,422,25,4,205,13,64,3,40,3,1,7,1,44,10,4,11,8,4
29,NEAMŢ,"ŞCOALA GIMNAZIALĂ ”NICU ALBU”",51,"MUNICIPIUL PIATRA-NEAMŢ",120726,1,PROV,PRCNCT,EUP,EUP_SV,"2024-06-10 02:33:01",1314,1313,1,534,521,0,13,1400,866,515,19,5,189,32,92,22,48,8,5,4,4,28,28,9,14,20,7
29,NEAMŢ,"ŞCOALA GIMNAZIALĂ ”NICU ALBU”",48,"MUNICIPIUL PIATRA-NEAMŢ",120726,1,PROV,PRCNCT,EUP,EUP_SV,"2024-06-10 04:41:06",1121,1121,0,444,433,0,11,1200,767,418,15,3,178,26,58,34,51,1,5,2,0,15,16,5,12,10,2
29,NEAMŢ,"ŞCOALA GIMNAZIALĂ ”NICU ALBU”",53,"MUNICIPIUL PIATRA-NEAMŢ",120726,1,PROV,PRCNCT,EUP,EUP_SV,"2024-06-10 11:36:07",1288,1288,0,512,500,0,12,1358,846,487,25,6,201,0,78,46,51,4,5,4,2,35,12,6,18,11,8
29,NEAMŢ,"ŞCOALA GIMNAZIALĂ ”NICU ALBU”",50,"MUNICIPIUL PIATRA-NEAMŢ",120726,1,PROV,PRCNCT,EUP,EUP_SV,"2024-06-10 05:24:49",1095,1095,0,409,401,0,8,1200,791,391,18,3,134,34,75,16,35,4,6,5,7,22,10,8,13,13,6
29,NEAMŢ,"ŞCOALA GIMNAZIALĂ ”NICU ALBU”",52,"MUNICIPIUL PIATRA-NEAMŢ",120726,1,PROV,PRCNCT,EUP,EUP_SV,"2024-06-10 04:02:12",1301,1301,0,504,492,0,12,1400,896,491,13,3,192,29,67,33,46,5,8,4,7,35,16,9,11,19,7
29,NEAMŢ,"ŞCOALA GIMNAZIALĂ ”NICU ALBU”",49,"MUNICIPIUL PIATRA-NEAMŢ",120726,1,PROV,PRCNCT,EUP,EUP_SV,"2024-06-10 06:52:49",1272,1272,0,540,528,0,12,1400,860,507,33,4,216,29,72,23,51,2,6,1,3,32,9,16,18,17,8
29,NEAMŢ,"SCOALA GIMNAZIALA NR. 1",362,PIPIRIG,123521,1,PROV,PRCNCT,EUP,EUP_SV,"2024-06-10 04:22:08",1270,1269,1,573,567,0,6,1400,827,533,40,3,387,2,85,5,5,1,0,1,0,25,5,1,6,1,6
29,NEAMŢ,"SCOALA GIMNAZIALA NR. 1",377,POIENARI,123709,1,PROV,PRCNCT,EUP,EUP_SV,"2024-06-10 03:48:09",942,942,0,572,561,0,11,1000,428,531,41,3,335,1,97,0,17,2,0,2,0,44,3,2,10,10,5
29,NEAMŢ,"SCOALA GIMNAZIALA NR.1",176,BICAZ-CHEI,121297,1,PROV,PRCNCT,EUP,EUP_SV,"2024-06-10 04:43:28",1022,1022,0,684,674,0,10,1100,416,640,44,5,488,6,76,2,3,0,2,2,1,34,5,2,1,7,6
29,NEAMŢ,"ŞCOALA GIMNAZIALĂ NR.1",68,"MUNICIPIUL PIATRA-NEAMŢ",120726,1,PROV,PRCNCT,EUP,EUP_SV,"2024-06-10 08:07:06",1865,1865,0,836,821,0,15,2000,1179,791,30,5,297,58,135,30,87,14,6,4,3,42,27,14,34,30,5
29,NEAMŢ,"ŞCOALA GIMNAZIALĂ NR.1",246,DOCHIA,125098,1,PROV,PRCNCT,EUP,EUP_SV,"2024-06-10 07:54:39",787,786,1,420,409,0,11,900,459,378,42,6,181,2,53,83,12,0,1,2,2,22,2,0,3,4,5
29,NEAMŢ,"ŞCOALA GIMNAZIALĂ NR.1",247,DOCHIA,125098,1,PROV,PRCNCT,EUP,EUP_SV,"2024-06-10 07:15:59",1079,1079,0,627,612,0,15,1192,565,585,42,2,298,3,82,99,21,1,4,4,0,31,4,1,9,13,13
29,NEAMŢ,"ȘCOALA GIMNAZIALĂ NR.11",22,"MUNICIPIUL PIATRA-NEAMŢ",120726,1,PROV,PRCNCT,EUP,EUP_SV,"2024-06-10 05:56:22",1368,1368,0,530,517,0,13,1500,971,509,20,3,208,23,81,37,34,4,3,3,6,42,20,10,13,13,9
29,NEAMŢ,"SCOALA GIMNAZIALA NR. 1 CACIULESTI",292,GIROV,122702,1,PROV,PRCNCT,EUP,EUP_SV,"2024-06-10 02:42:31",584,584,0,310,298,0,12,700,390,285,25,2,119,5,72,12,8,3,0,1,2,40,5,0,10,2,4
29,NEAMŢ,"ŞCOALA GIMNAZIALĂ NR.1 DOLJEŞTI",249,DOLJEŞTI,122347,1,PROV,PRCNCT,EUP,EUP_SV,"2024-06-10 03:50:25",994,994,0,493,464,0,29,1100,607,460,33,5,332,7,46,3,15,0,3,2,1,21,9,2,7,5,2
29,NEAMŢ,"SCOALA GIMNAZIALA NR. 1 DUMBRAVA ROSIE",266,"DUMBRAVA ROŞIE",120771,1,PROV,PRCNCT,EUP,EUP_SV,"2024-06-10 05:59:08",1650,1650,0,753,734,0,19,1800,1047,704,49,4,354,21,117,12,45,1,7,8,6,46,23,8,21,24,7
29,NEAMŢ,"SCOALA GIMNAZIALA NR. 1 DUMBRAVA ROSIE",267,"DUMBRAVA ROŞIE",120771,1,PROV,PRCNCT,EUP,EUP_SV,"2024-06-10 05:36:18",1875,1857,18,800,782,0,18,2000,1200,752,48,3,316,18,182,11,49,3,3,11,6,71,20,6,20,25,8
29,NEAMŢ,"ȘCOALA GIMNAZIALĂ NR. 1 - GRĂDINIŢA CU PROGRAM PRELUNGIT CORDUN",229,CORDUN,120888,1,PROV,PRCNCT,EUP,EUP_SV,"2024-06-10 07:20:21",1058,1058,0,580,574,0,6,1100,520,547,33,5,309,15,91,5,48,2,2,1,2,29,7,3,12,12,4
29,NEAMŢ,"ȘCOALA GIMNAZIALĂ NR. 1 - GRĂDINIŢA CU PROGRAM PRELUNGIT CORDUN",228,CORDUN,120888,1,PROV,PRCNCT,EUP,EUP_SV,"2024-06-10 06:34:40",1500,1500,0,754,743,0,11,1600,857,715,28,2,319,30,143,9,79,8,4,3,3,48,12,8,18,14,15
29,NEAMŢ,"ŞCOALA GIMNAZIALĂ NR. 1, LOC ZĂNEŞTI",488,ZĂNEŞTI,125061,1,PROV,PRCNCT,EUP,EUP_SV,"2024-06-10 01:59:25",1391,1391,0,754,742,0,12,1500,746,706,48,8,404,11,86,8,68,5,5,6,3,38,11,4,12,22,15
29,NEAMŢ,"ŞCOALA GIMNAZIALĂ NR.1 PILDEŞTI",230,CORDUN,120888,1,PROV,PRCNCT,EUP,EUP_SV,"2024-06-10 07:31:08",1755,1755,0,879,864,0,15,1900,1021,840,39,11,527,22,56,9,44,0,2,5,5,32,22,5,35,56,9
29,NEAMŢ,"ȘCOALA GIMNAZIALĂ NR. 1 PILDEŞTI",231,CORDUN,120888,1,PROV,PRCNCT,EUP,EUP_SV,"2024-06-10 08:08:38",1762,1762,0,881,836,0,45,1900,1019,823,58,4,525,29,61,4,50,2,4,5,3,26,22,4,31,49,4
29,NEAMŢ,"SCOALA GIMNAZIALA NR. 1 RADENI",343,PĂSTRĂVENI,123371,1,PROV,PRCNCT,EUP,EUP_SV,"2024-06-10 04:04:00",741,741,0,363,354,0,9,800,437,329,34,0,192,5,74,5,14,2,1,0,0,15,2,3,5,5,6
29,NEAMŢ,"ŞCOALA GIMNAZIALĂ NR. 1 RĂUCEŞTI",379,RĂUCEŞTI,123914,1,PROV,PRCNCT,EUP,EUP_SV,"2024-06-10 05:01:43",1275,1275,0,721,711,0,10,1400,679,685,36,3,422,4,86,2,71,0,3,1,2,42,6,1,17,15,10
29,NEAMŢ,"ȘCOALA GIMNAZIALĂ NR.1 ȚIBUCANI",464,ŢIBUCANI,124803,1,PROV,PRCNCT,EUP,EUP_SV,"2024-06-10 04:43:13",1241,1241,0,793,757,0,36,1400,607,727,66,15,534,2,79,6,15,0,3,6,0,30,5,3,6,14,9
29,NEAMŢ,"SCOALA GIMNAZIALA NR. 2",175,BICAZ-CHEI,121297,1,PROV,PRCNCT,EUP,EUP_SV,"2024-06-10 03:12:58",783,783,0,442,428,0,14,900,458,415,27,0,319,1,48,1,2,1,6,1,0,13,12,0,1,2,8
29,NEAMŢ,"ŞCOALA GIMNAZIALA NR.2",179,"BICAZU ARDELEAN",121340,1,PROV,PRCNCT,EUP,EUP_SV,"2024-06-10 06:22:02",1044,1020,24,548,524,15,9,1100,552,518,30,1,310,4,91,1,39,8,1,4,2,24,3,1,5,14,10
29,NEAMŢ,"ŞCOALA GIMNAZIALĂ NR.2",41,"MUNICIPIUL PIATRA-NEAMŢ",120726,1,PROV,PRCNCT,EUP,EUP_SV,"2024-06-10 07:42:05",1065,1065,0,446,435,0,11,1200,754,424,22,4,160,21,78,26,43,4,3,6,2,31,13,5,10,12,6
29,NEAMŢ,"ŞCOALA GIMNAZIALĂ NR.2",42,"MUNICIPIUL PIATRA-NEAMŢ",120726,1,PROV,PRCNCT,EUP,EUP_SV,"2024-06-10 05:30:42",1267,1267,0,490,476,0,14,1400,910,470,20,4,186,45,59,25,37,3,7,1,5,36,15,10,17,15,5
29,NEAMŢ,"ȘCOALA GIMNAZIALĂ NR.2",39,"MUNICIPIUL PIATRA-NEAMŢ",120726,1,PROV,PRCNCT,EUP,EUP_SV,"2024-06-10 05:04:02",841,841,0,372,358,0,14,1000,628,353,19,2,147,18,68,16,31,2,1,1,1,26,14,5,8,4,9
29,NEAMŢ,"ȘCOALA GIMNAZIALĂ NR.2",40,"MUNICIPIUL PIATRA-NEAMŢ",120726,1,PROV,PRCNCT,EUP,EUP_SV,"2024-06-10 04:31:04",835,835,0,410,396,0,14,900,490,396,14,2,185,27,67,19,23,4,4,5,5,21,8,5,15,5,1
29,NEAMŢ,"ȘCOALA GIMNAZIALĂ NR.2",38,"MUNICIPIUL PIATRA-NEAMŢ",120726,1,PROV,PRCNCT,EUP,EUP_SV,"2024-06-10 07:26:26",980,980,0,433,412,0,21,1100,667,415,18,5,156,40,55,20,46,1,6,3,5,22,20,6,17,10,3
29,NEAMŢ,"SCOALA GIMNAZIALA NR. 2 IZVOARE",271,"DUMBRAVA ROŞIE",120771,1,PROV,PRCNCT,EUP,EUP_SV,"2024-06-10 03:32:05",1059,1059,0,495,481,0,14,1200,725,438,37,5,221,0,72,0,23,3,5,2,8,45,21,7,9,7,10
29,NEAMŢ,"ŞCOALA GIMNAZIALĂ NR. 2, LOC ZĂNEŞTI",487,ZĂNEŞTI,125061,1,PROV,PRCNCT,EUP,EUP_SV,"2024-06-10 04:16:27",1500,1500,0,735,726,0,9,1600,865,703,32,2,381,12,89,8,61,5,3,5,2,80,15,2,13,15,10
29,NEAMŢ,"ŞCOALA GIMNAZIALĂ NR. 2 ”MIHAIL KOGĂLNICEANU” RĂUCEŞTI",380,RĂUCEŞTI,123914,1,PROV,PRCNCT,EUP,EUP_SV,"2024-06-10 03:36:42",501,501,0,306,276,0,30,600,294,294,12,0,187,3,45,2,26,1,3,3,0,12,2,1,3,3,3
29,NEAMŢ,"SCOALA GIMNAZIALA NR.3",177,BICAZ-CHEI,121297,1,PROV,PRCNCT,EUP,EUP_SV,"2024-06-10 05:30:02",713,713,0,494,479,0,15,800,308,472,20,7,361,1,47,1,3,1,4,2,0,17,9,2,6,5,6
29,NEAMŢ,"ŞCOALA GIMNAZIALĂ NR.3",1,"MUNICIPIUL PIATRA-NEAMŢ",120726,1,PROV,PRCNCT,EUP,EUP_SV,"2024-06-10 05:34:13",1075,1075,0,401,369,0,32,1100,699,382,19,0,140,29,70,28,38,2,4,2,2,25,20,2,5,10,5
29,NEAMŢ,"ŞCOALA GIMNAZIALĂ NR.3",2,"MUNICIPIUL PIATRA-NEAMŢ",120726,1,PROV,PRCNCT,EUP,EUP_SV,"2024-06-10 04:14:08",863,861,2,883,861,2,20,900,527,356,17,2,138,16,53,22,35,6,1,3,0,20,17,2,14,25,2
29,NEAMŢ,"ȘCOALA GIMNAZIALĂ NR.3",4,"MUNICIPIUL PIATRA-NEAMŢ",120726,1,PROV,PRCNCT,EUP,EUP_SV,"2024-06-10 03:03:04",1077,1059,18,430,412,18,0,1100,670,411,17,3,171,34,51,8,53,1,4,1,3,16,21,8,20,15,2
29,NEAMŢ,"ȘCOALA GIMNAZIALĂ NR.3",3,"MUNICIPIUL PIATRA-NEAMŢ",120726,1,PROV,PRCNCT,EUP,EUP_SV,"2024-06-10 06:40:16",891,891,0,378,362,0,16,1000,622,362,16,4,153,19,50,18,29,3,5,3,3,21,12,3,15,15,9
29,NEAMŢ,"ȘCOALA GIMNAZIALĂ NR. 3 CUT",270,"DUMBRAVA ROŞIE",120771,1,PROV,PRCNCT,EUP,EUP_SV,"2024-06-10 03:28:15",1269,1269,0,623,617,0,6,1400,777,582,41,3,319,13,95,11,28,6,5,8,3,36,13,7,9,12,14
29,NEAMŢ,"ȘCOALA GIMNAZIALĂ NR. 3 CUT",269,"DUMBRAVA ROŞIE",120771,1,PROV,PRCNCT,EUP,EUP_SV,"2024-06-10 02:49:25",889,889,0,402,401,0,1,1000,598,361,41,2,167,9,73,9,13,3,4,4,1,36,9,7,10,6,8
29,NEAMŢ,"ŞCOALA GIMNAZIALĂ NR.3 ȚIBUCANI",465,ŢIBUCANI,124803,1,PROV,PRCNCT,EUP,EUP_SV,"2024-06-10 04:30:40",808,808,0,533,520,0,13,937,404,485,48,3,365,4,51,4,8,2,1,7,0,31,1,2,3,2,1
29,NEAMŢ,"SCOALA GIMNAZIALA NR 4 BRASAUTI",268,"DUMBRAVA ROŞIE",120771,1,PROV,PRCNCT,EUP,EUP_SV,"2024-06-10 02:24:05",592,592,0,265,260,0,5,700,435,248,17,1,128,0,57,12,11,2,3,0,0,17,3,1,7,4,2
29,NEAMŢ,"ŞCOALA GIMNAZIALĂ NR.5",15,"MUNICIPIUL PIATRA-NEAMŢ",120726,1,PROV,PRCNCT,EUP,EUP_SV,"2024-06-10 06:52:11",1392,1385,7,480,472,1,7,1500,1020,455,25,2,203,25,75,21,27,5,8,1,3,29,17,10,12,13,4
29,NEAMŢ,"ŞCOALA GIMNAZIALĂ NR.5",16,"MUNICIPIUL PIATRA-NEAMŢ",120726,1,PROV,PRCNCT,EUP,EUP_SV,"2024-06-10 06:16:20",1265,1258,7,533,526,0,7,1400,867,502,31,1,194,29,89,31,35,10,4,3,3,35,23,5,14,22,4
29,NEAMŢ,"ŞCOALA GIMNAZIALĂ NR.5",13,"MUNICIPIUL PIATRA-NEAMŢ",120726,1,PROV,PRCNCT,EUP,EUP_SV,"2024-06-10 05:49:06",1220,1220,0,462,448,0,14,1300,852,445,3,3,186,14,63,23,44,3,7,2,6,30,12,3,22,22,5
29,NEAMŢ,"ȘCOALA GIMNAZIALĂ NR.5",14,"MUNICIPIUL PIATRA-NEAMŢ",120726,1,PROV,PRCNCT,EUP,EUP_SV,"2024-06-10 04:32:04",1352,1352,0,553,544,0,9,1500,947,525,28,3,251,22,86,28,34,7,3,1,2,34,19,8,10,11,6
29,NEAMŢ,"ŞCOALA GIMNAZIALĂ NR.7",35,"MUNICIPIUL PIATRA-NEAMŢ",120726,1,PROV,PRCNCT,EUP,EUP_SV,"2024-06-10 11:11:34",1517,1517,0,604,597,0,7,1600,996,565,39,6,222,5,115,19,14,4,3,5,1,107,14,5,14,8,23
29,NEAMŢ,"SCOALA GIMNAZIALA ” OTILIA CAZIMIR ” COTU VAMES",312,HORIA,120922,1,PROV,PRCNCT,EUP,EUP_SV,"2024-06-10 08:25:49",1392,1392,0,626,617,0,9,1500,874,595,31,3,228,8,189,4,48,1,2,3,0,50,12,8,13,18,8
29,NEAMŢ,"ŞCOALA GIMNAZIALA PETRU VODA",375,"POIANA TEIULUI",123790,1,PROV,PRCNCT,EUP,EUP_SV,"2024-06-10 07:00:37",1088,1072,16,555,524,16,15,1200,645,529,26,5,224,3,191,7,10,3,3,4,1,63,1,2,9,2,1
29,NEAMŢ,"SCOALA GIMNAZIALA PLUTON",366,PIPIRIG,123521,1,PROV,PRCNCT,EUP,EUP_SV,"2024-06-10 02:01:13",815,815,0,378,364,0,14,900,522,356,22,1,214,1,38,3,5,2,1,2,1,54,7,3,10,3,11
29,NEAMŢ,"SCOALA GIMNAZIALA POIENI,COMUNA PIATRA SOIMULUI",360,"PIATRA ŞOIMULUI",123479,1,PROV,PRCNCT,EUP,EUP_SV,"2024-06-10 04:37:55",1108,1108,0,627,621,0,6,1200,573,558,69,3,319,4,59,8,85,8,11,7,1,23,7,6,8,5,4
29,NEAMŢ,"SCOALA GIMNAZIALA ”PROF. GHEORGHE DUMITREASA” GIROV",290,GIROV,122702,1,PROV,PRCNCT,EUP,EUP_SV,"2024-06-10 08:12:48",1374,1367,7,702,685,7,10,1500,798,660,42,4,351,18,100,15,24,3,3,3,3,72,12,4,18,24,6
29,NEAMŢ,"ŞCOALA GIMNAZIALĂ ”ROMAN MUŞAT”",106,"MUNICIPIUL ROMAN",120860,1,PROV,PRCNCT,EUP,EUP_SV,"2024-06-10 06:23:36",1267,1267,0,547,531,0,16,1400,853,523,24,5,276,18,78,5,27,4,9,4,5,29,18,2,23,15,5
29,NEAMŢ,"ŞCOALA GIMNAZIALĂ ”ROMAN MUŞAT”",107,"MUNICIPIUL ROMAN",120860,1,PROV,PRCNCT,EUP,EUP_SV,"2024-06-10 03:59:03",1196,1196,0,483,464,0,19,1300,817,466,17,7,223,25,68,7,38,6,5,2,1,31,12,9,9,18,5
29,NEAMŢ,"ŞCOALA GIMNAZIALĂ ”ROMAN MUŞAT”",108,"MUNICIPIUL ROMAN",120860,1,PROV,PRCNCT,EUP,EUP_SV,"2024-06-10 04:25:07",1294,1294,0,499,493,0,6,1400,901,481,18,6,247,19,64,5,53,3,5,6,0,26,12,4,11,18,2
29,NEAMŢ,"ŞCOALA GIMNAZIALA SAT COSTISA",233,COSTIŞA,122132,1,PROV,PRCNCT,EUP,EUP_SV,"2024-06-10 09:18:48",1390,1390,0,791,759,0,32,1500,709,741,50,6,439,11,174,2,9,0,3,6,3,41,15,3,16,10,3
29,NEAMŢ,"SCOALA GIMNAZIALA SATUL MOLDOVENI",331,MOLDOVENI,123228,1,PROV,PRCNCT,EUP,EUP_SV,"2024-06-10 04:12:03",984,984,0,597,561,0,36,1111,514,533,64,8,277,15,56,10,37,2,7,6,14,53,8,1,15,17,7
29,NEAMŢ,"ŞCOALA GIMNAZIALA SĂVINESTI",418,SĂVINEŞTI,120824,1,PROV,PRCNCT,EUP,EUP_SV,"2024-06-10 04:13:13",1457,1457,0,774,753,0,21,1600,826,732,42,5,430,15,137,3,18,2,4,6,4,42,17,8,14,17,10
29,NEAMŢ,"ȘCOALA GIMNAZIALĂ SLOBOZIA",195,BOGHICEA,125178,1,PROV,PRCNCT,EUP,EUP_SV,"2024-06-10 02:04:30",600,593,7,347,332,7,8,700,332,326,21,0,265,1,26,3,8,1,1,0,1,8,5,0,6,1,0
29,NEAMŢ,"ŞCOALA GIMNAZIALĂ ”ŞTEFAN CEL MARE”",205,BORLEŞTI,121732,1,PROV,PRCNCT,EUP,EUP_SV,"2024-06-10 09:41:57",1494,1494,0,656,652,0,4,1600,944,609,47,4,352,11,93,7,23,4,3,2,4,55,9,5,13,16,8
29,NEAMŢ,"SCOALA GIMNAZIALA STINCA",367,PIPIRIG,123521,1,PROV,PRCNCT,EUP,EUP_SV,"2024-06-10 01:38:22",1314,1314,0,646,641,0,5,1400,754,597,49,10,406,3,86,7,4,0,2,3,6,50,4,1,5,1,9
29,NEAMŢ,"SCOALA GIMNAZIALA STRUCTURA SACALENI",378,POIENARI,123709,1,PROV,PRCNCT,EUP,EUP_SV,"2024-06-10 02:33:55",269,269,0,159,146,0,13,300,141,141,18,0,100,0,25,2,2,3,1,0,1,1,1,1,1,2,1
29,NEAMŢ,"ŞCOALA GIMNAZIALĂ TRAIAN-SĂBĂOANI",414,SĂBĂOANI,124206,1,PROV,PRCNCT,EUP,EUP_SV,"2024-06-10 03:35:14",1024,1024,0,461,443,0,18,1100,639,430,31,4,243,19,59,2,19,2,1,7,3,23,11,9,16,6,6
29,NEAMŢ,"SCOALA GIMNAZIALA URECHENI",469,URECHENI,124849,1,PROV,PRCNCT,EUP,EUP_SV,"2024-06-10 02:33:13",899,899,0,446,444,0,2,1000,554,416,30,4,255,1,50,0,63,0,1,2,1,21,6,1,4,4,3
29,NEAMŢ,"SCOALA GIMNAZIALA URECHENI",468,URECHENI,124849,1,PROV,PRCNCT,EUP,EUP_SV,"2024-06-10 03:02:33",562,562,0,287,280,0,7,600,317,259,24,1,197,0,25,1,13,0,0,0,0,8,0,1,4,7,2
29,NEAMŢ,"SCOALA GIMNAZIALĂ VADURI",156,"ALEXANDRU CEL BUN",124938,1,PROV,PRCNCT,EUP,EUP_SV,"2024-06-10 06:04:19",868,865,3,442,421,0,21,900,458,421,21,3,192,24,83,2,22,4,4,2,5,32,15,7,10,11,5
29,NEAMŢ,"SCOALA GIMNAZIALĂ VADURI",155,"ALEXANDRU CEL BUN",124938,1,PROV,PRCNCT,EUP,EUP_SV,"2024-06-10 08:38:42",1845,1845,0,932,894,0,38,2000,1068,902,30,6,306,55,237,23,72,5,10,9,10,66,36,7,24,26,10
29,NEAMŢ,"SCOALA GIMNAZIALĂ VADURI",157,"ALEXANDRU CEL BUN",124938,1,PROV,PRCNCT,EUP,EUP_SV,"2024-06-10 05:12:15",1128,1128,0,665,640,0,25,1200,535,638,27,5,275,25,151,27,40,1,5,3,1,36,17,3,20,20,9
29,NEAMŢ,"ȘCOALA GIMNAZIALĂ VADURI (CLĂDIREA FOSTEI ȘCOLI DIN SATUL AGÂRCIA)",154,"ALEXANDRU CEL BUN",124938,1,PROV,PRCNCT,EUP,EUP_SV,"2024-06-10 04:02:40",284,284,0,182,137,0,45,299,117,171,11,1,93,6,34,4,8,0,0,1,2,6,5,1,4,5,1
29,NEAMŢ,"ŞCOALA GIMNAZIALĂ ”VASILE ALECSANDRI” - LOCAL NOU",102,"MUNICIPIUL ROMAN",120860,1,PROV,PRCNCT,EUP,EUP_SV,"2024-06-10 04:26:44",1325,1325,0,516,507,0,9,1500,984,498,18,1,256,24,67,13,46,2,4,1,3,36,17,3,12,9,4
29,NEAMŢ,"ŞCOALA GIMNAZIALĂ ”VASILE ALECSANDRI” - LOCAL NOU",101,"MUNICIPIUL ROMAN",120860,1,PROV,PRCNCT,EUP,EUP_SV,"2024-06-10 04:58:09",1182,1182,0,538,527,0,11,1300,762,511,27,3,256,17,78,8,39,2,4,6,5,27,15,2,14,28,7
29,NEAMŢ,"ŞCOALA GIMNAZIALA ”VLAD DANULESCU ” PANCESTI",345,PÂNCEŞTI,125141,1,PROV,PRCNCT,EUP,EUP_SV,"2024-06-10 07:21:43",925,925,0,569,560,0,9,1000,431,502,67,10,348,3,23,2,82,1,1,1,1,24,1,0,1,2,2
29,NEAMŢ,"SCOALA GIURGENI , COMUNA VALEA URSULUI",476,"VALEA URSULUI",124885,1,PROV,PRCNCT,EUP,EUP_SV,"2024-06-10 01:56:47",482,482,0,230,223,0,7,500,270,208,22,0,137,0,21,3,3,0,0,2,0,31,0,1,0,1,9
29,NEAMŢ,"ŞCOALA GRIGORE UNGUREANU",226,CEAHLĂU,122025,1,PROV,PRCNCT,EUP,EUP_SV,"2024-06-10 08:03:08",1437,1379,58,934,837,44,53,1500,566,901,33,7,577,24,140,19,17,2,3,5,1,51,14,1,15,16,9
29,NEAMŢ,"SCOALA MUNCEL , COMUNA VALEA URSULUI",477,"VALEA URSULUI",124885,1,PROV,PRCNCT,EUP,EUP_SV,"2024-06-10 02:11:16",317,317,0,171,166,0,5,400,229,154,17,2,120,0,14,1,0,0,1,2,0,9,0,0,2,0,3
29,NEAMŢ,"ŞCOALA NOUĂ VĂRATEC",152,AGAPIA,121108,1,PROV,PRCNCT,EUP,EUP_SV,"2024-06-10 04:47:29",730,681,49,467,390,49,28,800,334,429,37,3,254,3,95,1,3,1,3,2,0,50,4,0,3,2,5
29,NEAMŢ,"SCOALA PIPIRIG NR. 2",361,PIPIRIG,123521,1,PROV,PRCNCT,EUP,EUP_SV,"2024-06-10 02:09:54",902,902,0,481,473,0,8,1000,519,449,32,3,317,7,47,7,16,2,1,1,2,24,5,2,7,6,2
29,NEAMŢ,"SCOALA PRIMARA",302,GRUMĂZEŞTI,122908,1,PROV,PRCNCT,EUP,EUP_SV,"2024-06-10 04:28:39",595,595,0,269,261,0,8,708,439,261,8,1,127,2,85,3,6,0,4,0,0,22,1,0,1,6,3
29,NEAMŢ,"SCOALA PRIMARA",435,"ŞTEFAN CEL MARE",124411,1,PROV,PRCNCT,EUP,EUP_SV,"2024-06-10 02:21:49",473,473,0,287,264,0,23,500,213,274,13,5,179,3,29,5,11,0,5,1,1,21,1,1,3,6,3
29,NEAMŢ,"SCOALA PRIMARA",261,DRĂGĂNEŞTI,125132,1,PROV,PRCNCT,EUP,EUP_SV,"2024-06-10 02:16:27",388,388,0,231,211,0,20,404,173,222,9,0,147,2,27,1,6,1,2,0,1,14,6,1,6,2,6
29,NEAMŢ,"SCOALA PRIMARA",260,DRĂGĂNEŞTI,125132,1,PROV,PRCNCT,EUP,EUP_SV,"2024-06-10 02:14:21",290,290,0,192,181,0,11,425,233,170,22,0,113,0,33,1,0,1,0,1,1,11,1,0,6,1,1
29,NEAMŢ,"ŞCOALA PRIMARĂ",454,TIMIŞEŞTI,124661,1,PROV,PRCNCT,EUP,EUP_SV,"2024-06-10 01:53:33",660,660,0,301,290,0,11,700,399,283,18,0,178,3,45,3,9,5,2,2,0,13,4,2,8,6,3
29,NEAMŢ,"ŞCOALA PRIMARĂ",455,TIMIŞEŞTI,124661,1,PROV,PRCNCT,EUP,EUP_SV,"2024-06-10 03:05:09",450,450,0,242,241,0,1,499,257,224,18,2,154,3,30,1,0,1,0,1,0,17,1,0,5,8,1
29,NEAMŢ,"ȘCOALA PRIMARĂ",224,CÂNDEŞTI,122061,1,PROV,PRCNCT,EUP,EUP_SV,"2024-06-10 00:34:43",296,296,0,163,152,0,11,400,237,152,11,3,80,1,44,2,0,0,1,0,0,6,2,1,10,0,2
29,NEAMŢ,"ȘCOALA PRIMARĂ BĂLĂNEȘTI",168,BÂRGĂUANI,121466,1,PROV,PRCNCT,EUP,EUP_SV,"2024-06-10 02:04:20",517,517,0,290,267,0,23,600,310,269,21,2,164,0,24,10,4,2,2,2,2,41,2,1,1,3,9
29,NEAMŢ,"ŞCOALA PRIMARĂ BOBOTENI",305,HANGU,122953,1,PROV,PRCNCT,EUP,EUP_SV,"2024-06-10 03:15:50",444,444,0,229,214,0,15,500,271,214,15,1,120,2,45,1,12,2,2,1,0,15,2,1,4,3,3
29,NEAMŢ,"SCOALA PRIMARA BUDESTI",276,FĂUREI,122613,1,PROV,PRCNCT,EUP,EUP_SV,"2024-06-10 05:21:35",881,858,23,520,497,1,22,900,380,489,31,8,365,0,60,2,0,1,0,2,0,25,3,1,3,17,2
29,NEAMŢ,"ȘCOALA PRIMARĂ CĂUȘENI",193,BOGHICEA,125178,1,PROV,PRCNCT,EUP,EUP_SV,"2024-06-10 01:51:35",147,147,0,84,75,0,9,200,116,70,14,0,59,1,6,0,1,0,0,0,0,3,0,0,0,0,0
29,NEAMŢ,"ŞCOALA PRIMARĂ CHIRIŢENI",307,HANGU,122953,1,PROV,PRCNCT,EUP,EUP_SV,"2024-06-10 03:09:48",392,392,0,203,195,0,8,500,297,192,11,1,91,0,36,2,22,0,3,5,0,24,1,1,4,2,0
29,NEAMŢ,"ŞCOALA PRIMARA CIUREA",346,PÂNCEŞTI,125141,1,PROV,PRCNCT,EUP,EUP_SV,"2024-06-10 01:33:45",198,186,12,123,109,2,12,200,77,119,4,0,91,0,7,0,12,0,0,0,0,5,3,1,0,0,0
29,NEAMŢ,"ŞCOALA PRIMARA,COMUNA PIATRA SOIMULUI",356,"PIATRA ŞOIMULUI",123479,1,PROV,PRCNCT,EUP,EUP_SV,"2024-06-10 03:16:31",1451,1451,0,616,600,0,16,1600,984,584,32,7,269,6,109,4,59,4,29,2,2,53,6,7,4,15,8
29,NEAMŢ,"SCOALA PRIMARA DUMBRAVA DEAL",420,SĂVINEŞTI,120824,1,PROV,PRCNCT,EUP,EUP_SV,"2024-06-10 05:23:11",339,339,0,192,186,0,6,400,214,162,24,1,88,2,38,1,4,2,0,1,0,8,4,3,8,0,2
29,NEAMŢ,"SCOALA PRIMARA, GHERAESTII NOI",287,GHERĂEŞTI,122668,1,PROV,PRCNCT,EUP,EUP_SV,"2024-06-10 03:36:31",488,488,0,246,237,0,9,600,354,229,17,4,131,3,25,2,27,1,1,0,0,11,1,4,8,8,3
29,NEAMŢ,"ŞCOALA PRIMARĂ GROZĂVEŞTI",308,HANGU,122953,1,PROV,PRCNCT,EUP,EUP_SV,"2024-06-10 01:24:36",315,315,0,138,121,0,17,402,264,133,5,2,76,5,19,1,7,0,1,0,0,7,3,0,3,8,1
29,NEAMŢ,"SCOALA PRIMARA GURA VAII",295,GIROV,122702,1,PROV,PRCNCT,EUP,EUP_SV,"2024-06-10 03:41:04",603,594,9,336,327,0,9,700,364,308,28,3,162,2,48,14,4,2,4,2,0,43,4,0,8,5,7
29,NEAMŢ,"ŞCOALA PRIMARĂ HLĂPEŞTI",255,DRAGOMIREŞTI,122392,1,PROV,PRCNCT,EUP,EUP_SV,"2024-06-10 06:35:13",638,638,0,391,350,0,41,700,309,357,34,1,288,6,20,9,3,1,5,4,0,11,2,0,2,0,5
29,NEAMŢ,"SCOALA PRIMARA MESTEACAN",317,ICUŞEŞTI,123013,1,PROV,PRCNCT,EUP,EUP_SV,"2024-06-10 02:17:41",429,429,0,238,231,0,7,500,262,233,5,0,170,0,30,2,3,1,0,2,1,14,2,1,2,1,4
29,NEAMŢ,"ŞCOALA PRIMARĂ NEGRITEŞTI",372,PODOLENI,123674,1,PROV,PRCNCT,EUP,EUP_SV,"2024-06-10 01:59:13",278,278,0,154,146,0,8,300,146,142,12,2,106,2,19,2,2,1,1,0,1,3,0,0,0,1,2
29,NEAMŢ,"ȘCOALA PRIMARĂ NISTRIA",194,BOGHICEA,125178,1,PROV,PRCNCT,EUP,EUP_SV,"2024-06-10 00:09:49",224,224,0,127,123,0,4,300,173,106,21,1,96,0,4,0,4,0,0,0,0,1,0,0,0,0,0
29,NEAMŢ,"ȘCOALA PRIMARĂ NOUĂ TICOȘ",181,"BICAZU ARDELEAN",121340,1,PROV,PRCNCT,EUP,EUP_SV,"2024-06-10 02:30:55",232,232,0,151,143,0,8,299,148,141,10,0,102,1,12,2,4,0,1,0,1,10,1,1,2,1,3
29,NEAMŢ,"ȘCOALA PRIMARĂ NR.1",227,CEAHLĂU,122025,1,PROV,PRCNCT,EUP,EUP_SV,"2024-06-10 05:35:31",600,600,0,366,352,0,14,700,348,341,11,2,219,3,69,2,8,1,2,1,2,16,4,1,5,0,6
29,NEAMŢ,"ŞCOALA PRIMARĂ NR.1 BUHONCA",250,DOLJEŞTI,122347,1,PROV,PRCNCT,EUP,EUP_SV,"2024-06-10 03:27:20",557,557,0,244,226,0,18,600,356,228,16,0,166,4,19,3,17,0,0,0,0,10,3,1,0,5,0
29,NEAMŢ,"ŞCOALA PRIMARĂ NR.1 LOCALITATEA SOCI",202,BORCA,121652,1,PROV,PRCNCT,EUP,EUP_SV,"2024-06-10 03:56:09",739,739,0,399,394,0,5,800,401,377,22,2,196,2,112,14,6,1,0,2,0,23,8,2,3,4,2
29,NEAMŢ,"SCOALA PRIMARA NR.1 TODIRENI",430,STĂNIŢA,124331,1,PROV,PRCNCT,EUP,EUP_SV,"2024-06-10 02:51:12",218,218,0,116,109,0,7,299,183,104,12,1,85,1,7,1,4,0,0,1,0,2,0,0,2,0,0
29,NEAMŢ,"ȘCOALA PRIMARĂ NR. 2 BORLEȘTI",204,BORLEŞTI,121732,1,PROV,PRCNCT,EUP,EUP_SV,"2024-06-10 02:40:23",813,813,0,393,383,0,10,900,507,358,35,6,179,7,73,7,7,2,1,6,0,40,9,0,0,9,12
29,NEAMŢ,"SCOALA PRIMARA NR.2 GHIDION",428,STĂNIŢA,124331,1,PROV,PRCNCT,EUP,EUP_SV,"2024-06-10 02:33:05",286,286,0,139,133,0,6,300,161,131,8,1,95,0,22,2,5,0,0,0,0,4,1,0,1,0,0
29,NEAMŢ,"ŞCOALA PRIMARĂ NR.2 LOCALITATEA PÎRÎUL PÎNTEI",199,BORCA,121652,1,PROV,PRCNCT,EUP,EUP_SV,"2024-06-10 04:11:28",398,398,0,233,228,0,5,500,267,228,5,1,156,1,29,6,3,0,1,2,0,15,1,1,5,2,5
29,NEAMŢ,"ŞCOALA PRIMARĂ NR. 2 OGLINZI",383,RĂUCEŞTI,123914,1,PROV,PRCNCT,EUP,EUP_SV,"2024-06-10 07:20:00",933,933,0,538,509,0,29,1000,462,510,28,3,304,7,98,0,14,1,3,4,0,34,7,3,10,15,7
29,NEAMŢ,"SCOALA PRIMARA NR. 2 RADENI",344,PĂSTRĂVENI,123371,1,PROV,PRCNCT,EUP,EUP_SV,"2024-06-10 04:17:34",595,595,0,318,310,0,8,700,382,285,33,0,204,1,38,13,1,1,1,1,1,10,2,1,6,1,4
29,NEAMŢ,"ŞCOALA PRIMARĂ NR.3 LOCALITATEA PÎRÎUL CÎRJEI",198,BORCA,121652,1,PROV,PRCNCT,EUP,EUP_SV,"2024-06-10 02:13:28",568,568,0,318,311,0,7,600,282,306,12,2,201,1,51,10,4,0,3,1,0,3,4,1,9,11,5
29,NEAMŢ,"SCOALA PRIMARA NR.3 VEJA",431,STĂNIŢA,124331,1,PROV,PRCNCT,EUP,EUP_SV,"2024-06-10 01:55:49",251,251,0,143,138,0,5,300,157,135,8,1,96,0,11,1,10,0,1,1,0,7,0,1,4,2,0
29,NEAMŢ,"SCOALA PRIMARA NR.4 POIENILE OANCEI",429,STĂNIŢA,124331,1,PROV,PRCNCT,EUP,EUP_SV,"2024-06-10 01:13:30",188,188,0,95,82,0,13,200,105,83,12,1,40,2,26,0,7,0,0,0,0,5,0,0,0,1,1
29,NEAMŢ,"SCOALA PRIMARA NR. 5 CHICEREA",427,STĂNIŢA,124331,1,PROV,PRCNCT,EUP,EUP_SV,"2024-06-10 02:32:02",206,204,2,102,93,2,7,300,198,100,2,0,64,1,27,0,3,0,0,0,0,3,0,1,0,0,1
29,NEAMŢ,"SCOALA PRIMARA ROCNA",318,ICUŞEŞTI,123013,1,PROV,PRCNCT,EUP,EUP_SV,"2024-06-10 02:40:27",438,436,2,235,223,2,10,500,265,214,21,1,179,1,15,1,2,1,1,3,0,0,2,2,2,0,4
29,NEAMŢ,"ŞCOALA PRIMARĂ RUGINEŞTI",309,HANGU,122953,1,PROV,PRCNCT,EUP,EUP_SV,"2024-06-10 04:12:54",292,284,8,137,122,8,7,399,262,128,9,3,69,1,32,1,5,0,1,0,0,14,0,0,0,1,1
29,NEAMŢ,"ŞCOALA PRIMARĂ SĂCĂLUŞEŞTI",151,AGAPIA,121108,1,PROV,PRCNCT,EUP,EUP_SV,"2024-06-10 04:29:06",556,556,0,306,297,0,9,619,320,280,19,0,151,9,51,2,27,1,1,2,0,23,2,2,4,3,2
29,NEAMŢ,"ŞCOALA PRIMARA SAT FRUNZENI",235,COSTIŞA,122132,1,PROV,PRCNCT,EUP,EUP_SV,"2024-06-10 04:07:26",518,516,2,249,245,2,2,600,351,227,22,2,107,0,92,1,1,1,0,0,0,12,5,1,2,2,1
29,NEAMŢ,"ŞCOALA PRIMARA SAT MANOAIA",236,COSTIŞA,122132,1,PROV,PRCNCT,EUP,EUP_SV,"2024-06-10 04:41:47",795,786,9,409,396,9,4,900,491,391,18,2,237,3,92,1,12,1,6,0,1,20,6,1,4,2,3
29,NEAMŢ,"SCOALA PRIMARA SAVINESTI",419,SĂVINEŞTI,120824,1,PROV,PRCNCT,EUP,EUP_SV,"2024-06-10 06:14:20",1223,1223,0,664,654,0,10,1300,636,636,28,10,351,14,148,5,0,6,6,5,2,26,10,6,17,18,12
29,NEAMŢ,"ȘCOALA PRIMARĂ ȘOVOAIA",210,BORLEŞTI,121732,1,PROV,PRCNCT,EUP,EUP_SV,"2024-06-10 02:19:34",401,401,0,410,401,0,9,500,309,183,8,1,97,1,36,3,6,1,3,1,1,24,1,1,2,1,4
29,NEAMŢ,"SCOALA PRIMARA SPIRIDONESTI",319,ICUŞEŞTI,123013,1,PROV,PRCNCT,EUP,EUP_SV,"2024-06-10 00:44:56",163,163,0,90,81,0,9,201,111,81,9,1,68,1,5,0,1,0,0,0,0,3,0,1,0,0,1
29,NEAMŢ,"ȘCOALA PRIMARĂ STEJARU",274,FARCAŞA,122551,1,PROV,PRCNCT,EUP,EUP_SV,"2024-06-10 01:06:25",643,636,7,332,325,0,7,700,368,312,20,2,187,2,48,5,6,1,3,9,1,39,2,0,3,0,4
29,NEAMŢ,"ȘCOALA PRIMARĂ TALPA",172,BÂRGĂUANI,121466,1,PROV,PRCNCT,EUP,EUP_SV,"2024-06-10 03:27:59",492,492,0,309,300,0,9,600,300,271,29,2,145,1,40,19,17,1,9,4,0,22,5,3,3,0,0
29,NEAMŢ,"SCOALA PRIMARA, TETCANI",288,GHERĂEŞTI,122668,1,PROV,PRCNCT,EUP,EUP_SV,"2024-06-10 04:56:54",749,749,0,286,274,0,12,800,514,268,18,2,118,8,25,3,60,1,2,2,1,18,2,2,5,14,5
29,NEAMŢ,"ŞCOALA PRIMARĂ VULPĂŞEŞTI",406,SAGNA,124153,1,PROV,PRCNCT,EUP,EUP_SV,"2024-06-10 02:21:03",672,672,0,328,311,0,17,700,372,310,18,1,175,3,49,3,22,1,7,5,2,14,5,1,6,6,10
29,NEAMŢ,"ȘCOALA REDIU 1",185,BIRA,121386,1,PROV,PRCNCT,EUP,EUP_SV,"2024-06-10 01:40:14",230,224,6,140,136,0,4,300,160,132,8,1,87,5,17,0,1,1,0,0,0,13,0,0,1,3,3
29,NEAMŢ,"ŞCOALA ROŞIORI",265,DULCEŞTI,122463,1,PROV,PRCNCT,EUP,EUP_SV,"2024-06-10 02:48:00",212,204,8,228,204,8,16,299,89,197,13,0,121,1,22,2,14,0,0,1,0,12,2,0,14,6,2
29,NEAMŢ,"ŞCOALA SĂVEŞTI",385,RĂUCEŞTI,123914,1,PROV,PRCNCT,EUP,EUP_SV,"2024-06-10 02:07:00",345,345,0,201,195,0,6,400,199,190,11,1,145,1,18,1,3,0,0,1,0,8,4,0,6,1,1
29,NEAMŢ,"ȘCOALA SECUIENII NOI",425,SECUIENI,124233,1,PROV,PRCNCT,EUP,EUP_SV,"2024-06-10 05:06:39",230,229,1,108,100,0,8,299,191,103,5,1,50,1,30,2,2,0,1,1,0,2,2,2,3,5,1
29,NEAMŢ,"ȘCOALA SLOBOZIA",133,"ORAŞ ROZNOV",124117,1,PROV,PRCNCT,EUP,EUP_SV,"2024-06-10 07:59:12",1405,1405,0,619,608,0,11,1500,881,564,55,4,261,10,124,7,26,5,7,7,1,63,11,6,13,7,12
29,NEAMŢ,"ŞCOALA UNGHENI",386,RĂUCEŞTI,123914,1,PROV,PRCNCT,EUP,EUP_SV,"2024-06-10 02:53:10",412,412,0,246,235,0,11,500,254,239,7,1,148,2,40,4,12,2,3,1,0,17,1,0,5,1,2
29,NEAMŢ,"SCOALA VERSESTI",297,GIROV,122702,1,PROV,PRCNCT,EUP,EUP_SV,"2024-06-10 02:21:09",250,250,0,133,123,0,10,300,167,128,5,1,80,2,16,1,8,0,0,2,1,10,1,0,3,2,1
29,NEAMŢ,"ŞCOLA GIMNAZIALĂ ”IULIA HĂLĂUCESCU”, COMUNA TARCĂU, JUDEŢUL NEAMŢ",437,TARCĂU,124493,1,PROV,PRCNCT,EUP,EUP_SV,"2024-06-10 05:20:35",754,754,0,466,453,0,13,800,334,445,21,7,194,8,81,4,68,2,1,6,2,32,9,0,10,10,11
29,NEAMŢ,"ŞCOLA GIMNAZIALĂ ”IULIA HĂLĂUCESCU”, COMUNA TARCĂU, JUDEŢUL NEAMŢ",438,TARCĂU,124493,1,PROV,PRCNCT,EUP,EUP_SV,"2024-06-10 04:18:47",809,809,0,446,430,0,16,900,454,425,21,6,184,7,98,8,33,0,0,3,1,40,7,5,13,12,8
29,NEAMŢ,"SEDIUL S.V.S.U.",153,"ALEXANDRU CEL BUN",124938,1,PROV,PRCNCT,EUP,EUP_SV,"2024-06-10 09:25:19",1008,998,10,510,500,0,10,1117,607,492,18,3,173,34,128,12,43,2,3,4,4,51,10,1,10,11,3
29,NEAMŢ,"SOCIETATEA COMERCIALǍ TCE PETROFOREST SRL",376,"POIANA TEIULUI",123790,1,PROV,PRCNCT,EUP,EUP_SV,"2024-06-10 04:47:59",714,713,1,427,415,1,11,811,384,399,28,2,213,2,101,4,5,3,5,3,0,41,4,1,8,3,4
